category	filename	original_path	original_size_bytes	original_sha256	archive_path	archive_size_bytes	archive_sha256
phase0	audit-candidate-text.bin	/tmp/audit-candidate-text.bin	715370	7f7d4f12de84bad205aa5733888b73c97716c0a65800bcf9ed81837e2f4178d2	doc/performance_experiments/raw/phase0/audit-candidate-text.bin.gz	326323	34a67b45cd025cc777026d3bc88b0bfdd9e94c177440c6701a44ece2a209eb28
phase0	audit-reference-text.bin	/tmp/audit-reference-text.bin	715370	7f7d4f12de84bad205aa5733888b73c97716c0a65800bcf9ed81837e2f4178d2	doc/performance_experiments/raw/phase0/audit-reference-text.bin.gz	326323	34a67b45cd025cc777026d3bc88b0bfdd9e94c177440c6701a44ece2a209eb28
phase0	baseline_slot_crossover_summary_final.json	/tmp/baseline_slot_crossover_summary_final.json	17672	33b6170a0e62d8afa8889f5806cd023cb5010d78e89757d3b062ead942144748	doc/performance_experiments/raw/phase0/baseline_slot_crossover_summary_final.json.gz	5056	ddb36a7ce89cae77da138b5eac334d8c8728d778218669143a2dfe40dae6e6f6
phase0	candidate-all.jsonl	/tmp/candidate-all.jsonl	19175	5a4bb3c612cfb0990c8e27d46557b7f6356f30799cd724ea8d8ebd203b4a47fd	doc/performance_experiments/raw/phase0/candidate-all.jsonl.gz	1927	d9064cd3d10c0c173d0e3f575d2ffa127d9f4526296775452252a213eceacdcd
phase0	candidate-final-after-format.text.raw	/tmp/candidate-final-after-format.text.raw	715370	7f7d4f12de84bad205aa5733888b73c97716c0a65800bcf9ed81837e2f4178d2	doc/performance_experiments/raw/phase0/candidate-final-after-format.text.raw.gz	326323	34a67b45cd025cc777026d3bc88b0bfdd9e94c177440c6701a44ece2a209eb28
phase0	candidate-final.text	/tmp/candidate-final.text	829504	0fb124537f6c70935e6fbb3f3a9a1829851dfb1154bf05ce249c166bcb037d6f	doc/performance_experiments/raw/phase0/candidate-final.text.gz	345107	6cf1c8bdd3bc96926b2f982bd7b3515c9864eaba2ba6a4990654714efa4aae86
phase0	candidate-final.text.raw	/tmp/candidate-final.text.raw	715370	7f7d4f12de84bad205aa5733888b73c97716c0a65800bcf9ed81837e2f4178d2	doc/performance_experiments/raw/phase0/candidate-final.text.raw.gz	326323	34a67b45cd025cc777026d3bc88b0bfdd9e94c177440c6701a44ece2a209eb28
phase0	characterization_manifest_final.json	/tmp/characterization_manifest_final.json	21110	69e8a2d3d23f4aaba601ba6ad9cd94100deaada8e5c7c4b8fb80c1278d2e02da	doc/performance_experiments/raw/phase0/characterization_manifest_final.json.gz	4120	247cce0eb7188b15ed44ca1a42a71d00614980db840b281f07cfdede10bae3b3
exploratory	CTestCostData.txt	/tmp/csplendor-codex56-counter-off/Testing/Temporary/CTestCostData.txt	241	81f1b7ec39ca5a1ccc2f160f7dcf5c196921d4817d6f6f33471de687c11e93de	doc/performance_experiments/raw/exploratory/csplendor-codex56-counter-off__Testing__Temporary__CTestCostData.txt.gz	164	3392b95b46c77d1fa422d11af0ac00b4e05eb65796fd5c1387563d2d8bd24890
exploratory	LastTest.log	/tmp/csplendor-codex56-counter-off/Testing/Temporary/LastTest.log	2109	726d14ecae7185713718a2738a6ed47d6543526b302a10a62a53aac079d5ce3f	doc/performance_experiments/raw/exploratory/csplendor-codex56-counter-off__Testing__Temporary__LastTest.log.gz	391	d54ba17b090bf37e5b8589a521ad4f33c5b835e6f541c24f4fd062911af4cfd0
exploratory	CTestCostData.txt	/tmp/csplendor-codex56-counter-on/Testing/Temporary/CTestCostData.txt	211	25156231a071c3dff096da1b4be38284e54d5b82a6f48cd5013fbd1f3e52fcf4	doc/performance_experiments/raw/exploratory/csplendor-codex56-counter-on__Testing__Temporary__CTestCostData.txt.gz	150	b8806aee9b15641d2486e1b970a62ed90c82feb86c87ab666cf056694f31d86a
exploratory	LastTest.log	/tmp/csplendor-codex56-counter-on/Testing/Temporary/LastTest.log	4067	9f4caf086bae93ebc8504ad909f37b28e2ba1aa25ff91e2436db23b13498cd18	doc/performance_experiments/raw/exploratory/csplendor-codex56-counter-on__Testing__Temporary__LastTest.log.gz	570	e645dddf0a26af2bdffdb8444538cae08ae0450c8cfc9b22eb586e7a1af0fd98
exploratory	csplendor-counter-off-smoke.jsonl	/tmp/csplendor-counter-off-smoke.jsonl	2888	683cf1e9829b7a3984e12153fe8dbebe6aa3a3b89759c04b86785c7ad17c8905	doc/performance_experiments/raw/exploratory/csplendor-counter-off-smoke.jsonl.gz	1027	77a359837d233bf19789832fe903ffa1bdb57f130d2d577918defb6f491a068d
exploratory	csplendor-counter-on-smoke.jsonl	/tmp/csplendor-counter-on-smoke.jsonl	11961	e782d4ca111a35ab316f8cb079c609591fd77fcd4ce0cc11300da447406c0c99	doc/performance_experiments/raw/exploratory/csplendor-counter-on-smoke.jsonl.gz	2241	a00f889d5cb51cfa63dfb94ca15b5280b4f23792bb2bec9ad5eb64716a369bec
exploratory	csplendor-counter-smoke.jsonl	/tmp/csplendor-counter-smoke.jsonl	6739	e44424f944d3097167019b722f5cf7b316642246e5c2f8c3cb400b1e16e59178	doc/performance_experiments/raw/exploratory/csplendor-counter-smoke.jsonl.gz	1604	27c7d1d37700b7d5ba501e0ad91308ee009017c940f7edd414153c3320f3bd9b
exploratory	csplendor-manifest-smoke.stdout	/tmp/csplendor-manifest-smoke.stdout	6545	97712c1ffad5db89a36c43b2db8ea708417c7a61582684322176abf5ab3f94d9	doc/performance_experiments/raw/exploratory/csplendor-manifest-smoke.stdout.gz	2739	6f0f39fc5eac7981b423a953a4f3d20bdf91c1baf634c8493fa6bc069e989dbd
exploratory	csplendor-native-collect-v2.json	/tmp/csplendor-native-collect-v2.json	11548	6e8b766bb26a1a75d4d424032d3ef82efe42ce1434fd2c90740f41fa6b20de80	doc/performance_experiments/raw/exploratory/csplendor-native-collect-v2.json.gz	3648	a40e167b05df0c0e0bd68ffaa4f058e83bb3f5222d09ab77cf157d51e0c98b3d
exploratory	csplendor-native-collect.json	/tmp/csplendor-native-collect.json	14644	8b4a8487721bf243744d5344d0fbba3c5510387f1d98b1180a2caf162316a22e	doc/performance_experiments/raw/exploratory/csplendor-native-collect.json.gz	3866	91edc6448c0410f497cd681e67131ab92a18e6f6e736f111c24ae6022e433394
exploratory	csplendor-native-direct.jsonl	/tmp/csplendor-native-direct.jsonl	1480	577b0c2807eaa6ffef00128ef1bbbab770ac50d7a3996e921f7eb82f1eb575d7	doc/performance_experiments/raw/exploratory/csplendor-native-direct.jsonl.gz	524	ebdccbaca8e02b754467849cbdba7851f349f01d7fe47e856aaf9ab8315288f4
exploratory	csplendor-native-paired.json	/tmp/csplendor-native-paired.json	31203	8254d2141ad4387934965ef78e903c3beac4d84f82e23e45ad0c412171402e1c	doc/performance_experiments/raw/exploratory/csplendor-native-paired.json.gz	4580	d092c2010806033a03127b1392509012bbcf5cf90b786bdae479d4982d53ff2c
exploratory	csplendor-paired-smoke.json	/tmp/csplendor-paired-smoke.json	8712	6098390ea6e7339dadc8b970c4b9136622dee6fa545ea3ae3fcc6d7ab8c07741	doc/performance_experiments/raw/exploratory/csplendor-paired-smoke.json.gz	3199	ef1f04344211375a1aed4181bba908762b28083e167bf25b5dcb5eb0a7d1d404
exploratory	csplendor-parallel-counter-smoke.jsonl	/tmp/csplendor-parallel-counter-smoke.jsonl	3196	70bd1dfee976229c5ae2a1c8b1c97ba60657185b5a4b99c83acd5b91939aa00b	doc/performance_experiments/raw/exploratory/csplendor-parallel-counter-smoke.jsonl.gz	1221	88a30864626b673aa94f82b43a6b681faec1253c90ebd4d2271f443628ab4449
phase0	CTestCostData.txt	/tmp/csplendor-phase0-asan/Testing/Temporary/CTestCostData.txt	1044	a30cb1a7d1521f6e9d2ca827835d5dd3b6bc36cc2ee60fb5c41b59b015784e7c	doc/performance_experiments/raw/phase0/csplendor-phase0-asan__Testing__Temporary__CTestCostData.txt.gz	439	8f5d8588af54787eb871d524a3a6042eb200966c9c3b9627d786389d1313eb1e
phase0	LastTest.log	/tmp/csplendor-phase0-asan/Testing/Temporary/LastTest.log	19042	af77b9b304f5e1d6a2bf976dd924072536f5ce2b5aa7fb4282938969a8c1c81b	doc/performance_experiments/raw/phase0/csplendor-phase0-asan__Testing__Temporary__LastTest.log.gz	1655	3ff5d9e436da4c55af4795516d44362ab865824c1da65838c7661bd71ba5ff9d
phase0	LastTestsFailed.log	/tmp/csplendor-phase0-asan/Testing/Temporary/LastTestsFailed.log	710	5e7430d79eac46e903286fa49fc95a3c1853c43a713653ec7c9d27bfffa758b2	doc/performance_experiments/raw/phase0/csplendor-phase0-asan__Testing__Temporary__LastTestsFailed.log.gz	326	1ab7d67f8b6b9b924c1f45f27685773e9560bbc69026648aad22e366d37b41bf
phase0	csplendor-phase0-compileall.log	/tmp/csplendor-phase0-compileall.log	0	e3b0c44298fc1c149afbf4c8996fb92427ae41e4649b934ca495991b7852b855	doc/performance_experiments/raw/phase0/csplendor-phase0-compileall.log.gz	20	f61f27bd17de546264aa58f40f3aafaac7021e0ef69c17f6b1b4cd7664a037ec
phase0	csplendor-phase0-compileall.time	/tmp/csplendor-phase0-compileall.time	39	3e08eeba0a0675aa02bcceee83c60e52b9825a6915a8513fbfe0f4193b975ffa	doc/performance_experiments/raw/phase0/csplendor-phase0-compileall.time.gz	59	2f8ab3340f14438d2a260f4ee4a5123553932d805eaea9fbd8769970990986b5
phase0	CTestCostData.txt	/tmp/csplendor-phase0-counter-instrumented/Testing/Temporary/CTestCostData.txt	34	8050118025dd17fe1a5befd52b7c46ac9fbb2c4fc5c47468a632dfd1d3ab8655	doc/performance_experiments/raw/phase0/csplendor-phase0-counter-instrumented__Testing__Temporary__CTestCostData.txt.gz	54	68c250acf2983bdbf260e4134d2c1ffecbc31dc0bdbab37ec4531eb15ab7cc75
phase0	LastTest.log	/tmp/csplendor-phase0-counter-instrumented/Testing/Temporary/LastTest.log	796	ba4db452767ddc212153cf8f7db5b2ad3f5af9a28039b7370915086a3d39f5aa	doc/performance_experiments/raw/phase0/csplendor-phase0-counter-instrumented__Testing__Temporary__LastTest.log.gz	263	aa134545fcecc135fb05d5b34d1844ccd876659bbec5fc7d8a12f484db26e709
phase0	CTestCostData.txt	/tmp/csplendor-phase0-counter-normal/Testing/Temporary/CTestCostData.txt	36	bf100e05ad664cd1c670f9e2694c02def4d0ba0c8933e6cf46221a0a3b9b1c4d	doc/performance_experiments/raw/phase0/csplendor-phase0-counter-normal__Testing__Temporary__CTestCostData.txt.gz	56	1dca47f1d2411ed77da0d61ffd8da42e09cbb50f9d6c627041793c9aafdcf000
phase0	LastTest.log	/tmp/csplendor-phase0-counter-normal/Testing/Temporary/LastTest.log	784	c3f610de329d75e6e18f1da0338aec4402a13880bf3445d3d70346dceddcdf14	doc/performance_experiments/raw/phase0/csplendor-phase0-counter-normal__Testing__Temporary__LastTest.log.gz	261	0ed5d987e45ad87903f83a8b65436bac9886b9fea12cfac3c94565f0f83fcf0f
phase0	csplendor-phase0-diff-check.log	/tmp/csplendor-phase0-diff-check.log	0	e3b0c44298fc1c149afbf4c8996fb92427ae41e4649b934ca495991b7852b855	doc/performance_experiments/raw/phase0/csplendor-phase0-diff-check.log.gz	20	f61f27bd17de546264aa58f40f3aafaac7021e0ef69c17f6b1b4cd7664a037ec
phase0	csplendor-phase0-diff-check.time	/tmp/csplendor-phase0-diff-check.time	38	e13bcd85bb4d6d9e22a66150e53eba9071d45aac25309cbeb3b67def757d8cec	doc/performance_experiments/raw/phase0/csplendor-phase0-diff-check.time.gz	58	3e8f9773d347a83338e5244685d06abefce0e0d8a39745b6d641efff05128fdb
phase0	csplendor-phase0-differential-1000-fixed.time	/tmp/csplendor-phase0-differential-1000-fixed.time	77	b08c7a2b6f89ed94e0f6bdbb72e845e3292b05b8fc14e5cd6427cd1e43375f98	doc/performance_experiments/raw/phase0/csplendor-phase0-differential-1000-fixed.time.gz	96	e2473d0eed30ebbf880ce5409a555e90b3eea5dcc63309b95aa694beba4d8a03
phase0	csplendor-phase0-differential-1000-plies12.json	/tmp/csplendor-phase0-differential-1000-plies12.json	1027	b961d0a05f63743a912c89129b64d433d3a8561c17913514b8cf645139146ec8	doc/performance_experiments/raw/phase0/csplendor-phase0-differential-1000-plies12.json.gz	486	d91b3374f6a2f0557468f03d9d525c390559e84e7557a545dde13a860422e99a
phase0	csplendor-phase0-differential-1000-plies12.time	/tmp/csplendor-phase0-differential-1000-plies12.time	39	90c70b157903e1e9c6928f828a4072a74d84e48a2c73d501a84e9b0464057863	doc/performance_experiments/raw/phase0/csplendor-phase0-differential-1000-plies12.time.gz	59	3be90ed03a65dac877d0c9346111df0cd2c11015ad081ba25e22966e2ebaff2b
phase0	csplendor-phase0-differential-1000-plies32-fixed.json	/tmp/csplendor-phase0-differential-1000-plies32-fixed.json	1026	fc405316b1b2f70a5c74b99c12c8db850990b082daeed863d0be41640ca35024	doc/performance_experiments/raw/phase0/csplendor-phase0-differential-1000-plies32-fixed.json.gz	489	069189ab109a9362e66d1efc8764f118d26ec3cc74d58a4dd26d1a101f970638
phase0	csplendor-phase0-differential-1000-plies32-fixed.time	/tmp/csplendor-phase0-differential-1000-plies32-fixed.time	39	09a95c3b818b1951fdf7c74b93e1a04fcbce61ff269276f04ea16461e267c6d0	doc/performance_experiments/raw/phase0/csplendor-phase0-differential-1000-plies32-fixed.time.gz	59	782271b8c1d4ff35decb739191ff1f79aa19f74bc5064e75457af3afbdee3943
phase0	csplendor-phase0-differential-1000.stderr	/tmp/csplendor-phase0-differential-1000.stderr	1271	d5252d978b92fc11176eb97d06d552a566e95b48a1cad88b0eca91a2981f52af	doc/performance_experiments/raw/phase0/csplendor-phase0-differential-1000.stderr.gz	541	9b6ac95848b9cc581a454b291e1bb14f9b59849c859c46f58493f7ac94b7a642
phase0	csplendor-phase0-differential-1000.stdout	/tmp/csplendor-phase0-differential-1000.stdout	0	e3b0c44298fc1c149afbf4c8996fb92427ae41e4649b934ca495991b7852b855	doc/performance_experiments/raw/phase0/csplendor-phase0-differential-1000.stdout.gz	20	f61f27bd17de546264aa58f40f3aafaac7021e0ef69c17f6b1b4cd7664a037ec
phase0	csplendor-phase0-differential-1000.time	/tmp/csplendor-phase0-differential-1000.time	77	a252fc13989b658b0009331e9752cf65ff2a4f28f98c4a9d40d12e11cb199f24	doc/performance_experiments/raw/phase0/csplendor-phase0-differential-1000.time.gz	95	a55caad4cdf1781762f730626da9a98b7199d19401a81f641afc1a26862b32b7
phase0	csplendor-phase0-differential-final-1000-plies32.json	/tmp/csplendor-phase0-differential-final-1000-plies32.json	1158	eada489dd5b8567e971aa6cc8ddb6e760d4aa376b4bfd69d0a90425b2f880fc3	doc/performance_experiments/raw/phase0/csplendor-phase0-differential-final-1000-plies32.json.gz	521	9c3fbaa031c63549c0007c9fd7a252925a1aa9a65e3605eb11e25110508e1310
phase0	csplendor-phase0-final.json	/tmp/csplendor-phase0-final.json	2488	803318ac59b9a3459fe9018418a6fea904030bd6731745f322ae314736541a5b	doc/performance_experiments/raw/phase0/csplendor-phase0-final.json.gz	1115	6edfce451893bd325ff80d350269f10bb9a72fb368227c747763389aba32e889
phase0	flat_top20.txt	/tmp/csplendor-phase0-gprof-final-evidence/combined/flat_top20.txt	5835	ec1caf813f5616e5d2025b5a0f25fcc0b5b5df58e9e10a3e9facdd4d0c410b80	doc/performance_experiments/raw/phase0/csplendor-phase0-gprof-final-evidence__combined__flat_top20.txt.gz	1303	41ed0f40ba849df3c4177cc922159e74dcb4596c51a4cfa0181022877100e5bd
phase0	gmon.sum	/tmp/csplendor-phase0-gprof-final-evidence/combined/gmon.sum	387193	c996901c6788765846c411ba04570bb2a7551d966a00370a965899ec638ffb23	doc/performance_experiments/raw/phase0/csplendor-phase0-gprof-final-evidence__combined__gmon.sum.gz	6369	c95ec2e7c2ca653fa617102cb07997ec5e568d57be9d69ec11ff9ae7e84ddedb
phase0	gprof.txt	/tmp/csplendor-phase0-gprof-final-evidence/combined/gprof.txt	633441	d95e5b449bb0551aae119651b8712d0f0a5853463a984fe3e000bb02b298d5a7	doc/performance_experiments/raw/phase0/csplendor-phase0-gprof-final-evidence__combined__gprof.txt.gz	51385	960a888aa1d8d7b9ac567da0a92f6b46c8f6e85addd5c3a8f1f9423cc3eb4f3e
phase0	hotspots_top20.csv	/tmp/csplendor-phase0-gprof-final-evidence/combined/hotspots_top20.csv	2135	6ad7627126877084f4f02efdec81960529fcb31e11fb3a5804465cafe6438f06	doc/performance_experiments/raw/phase0/csplendor-phase0-gprof-final-evidence__combined__hotspots_top20.csv.gz	1007	5d03e1205d81d4498473560f581720dc066bb2c335fb553ef42a503e7986a8b4
phase0	gmon.out	/tmp/csplendor-phase0-gprof-final-evidence/exact_reveal/gmon.out	387781	baa262a6308193d578eedfdad5c71c91e0889b779e91fafc854d884d10efa5d3	doc/performance_experiments/raw/phase0/csplendor-phase0-gprof-final-evidence__exact_reveal__gmon.out.gz	4734	c80e95aacdeaffcbfa6e32e50073abc4ecfcdf8b6e98e2db199431926f5f75dc
phase0	gmon.out	/tmp/csplendor-phase0-gprof-final-evidence/legacy_mcts/gmon.out	383287	8723540432a94a32908e206e07bf7c5717a9fa711ff2d9472c997e13eaca303a	doc/performance_experiments/raw/phase0/csplendor-phase0-gprof-final-evidence__legacy_mcts__gmon.out.gz	3375	5d789f4024913d9099c61ccf3a5776c12bed41db18e1c13472106cf3e40ff481
phase0	manifest.json	/tmp/csplendor-phase0-gprof-final-evidence/manifest.json	7765	6f702f2dd918884634d0c9cc80c0b4fa27b48455b03cfbede2f7442ef8e4b644	doc/performance_experiments/raw/phase0/csplendor-phase0-gprof-final-evidence__manifest.json.gz	2322	2367a0345b51d39a689bf36225a49187293d71df811a41fa27fa76c21205d8f1
phase0	gmon.out	/tmp/csplendor-phase0-gprof-final-evidence/parallel_scheduler/gmon.out	390427	a45dfabd674ad8ceb24e94550e05c5daf7daf5934de9ec4626369525a8805de2	doc/performance_experiments/raw/phase0/csplendor-phase0-gprof-final-evidence__parallel_scheduler__gmon.out.gz	5102	9113a578787f88c233a7a6f7864b15024a1a51920753defb6c909067fa4197df
phase0	gmon.out	/tmp/csplendor-phase0-gprof-final-evidence/rules/gmon.out	381964	154174954dee2fc468331b3db852f0eda3a6aada8e85f332bd4a065b0e60d1ea	doc/performance_experiments/raw/phase0/csplendor-phase0-gprof-final-evidence__rules__gmon.out.gz	3502	02d67469e67d563992cb2548385aa5327c1ebbede13ef333af27a54e53920bb8
phase0	gmon.out	/tmp/csplendor-phase0-gprof-final-evidence/shared_tree/gmon.out	382132	e1dec0781f4fca7c8d44693b133f1440cc8ec711a2fef32145596e5696bf8bdb	doc/performance_experiments/raw/phase0/csplendor-phase0-gprof-final-evidence__shared_tree__gmon.out.gz	3119	5ced0e186dd521816332649ec7bfaa499b3673a77457169690f7c9c12c6a3040
phase0	gmon.out	/tmp/csplendor-phase0-gprof-final-evidence/solver_state_key/gmon.out	381817	68b3cdb8759ed2f40d41c386214fefe5b0c0f2a518d01530a8fecac70dfa47d7	doc/performance_experiments/raw/phase0/csplendor-phase0-gprof-final-evidence__solver_state_key__gmon.out.gz	2717	a69f8ab027668f316be9e01543bead92f495f7024459b282db3a9d762d0f0c4a
phase0	gmon.out	/tmp/csplendor-phase0-gprof-final-evidence/solver_tt/gmon.out	381271	9efc5e11f89e64c89c002c125a00df19a571a90df9c4fd88f04c153999d4153e	doc/performance_experiments/raw/phase0/csplendor-phase0-gprof-final-evidence__solver_tt__gmon.out.gz	2863	e0e74df80b596da4c825948efe6004e656b2cd6647129151b5af1dae779f4ade
phase0	gmon.out	/tmp/csplendor-phase0-gprof-final-evidence/visible_solver/gmon.out	384148	96c8e7f2f2414b4034edd0893c1d8ce6b7b2f220a1914b131fcd249539d841b5	doc/performance_experiments/raw/phase0/csplendor-phase0-gprof-final-evidence__visible_solver__gmon.out.gz	3939	b145c6400288cbd720fa30b672377a542b8ad198c7cbf7428aacfaa3fac34b99
phase0	CTestCostData.txt	/tmp/csplendor-phase0-instrumented/Testing/Temporary/CTestCostData.txt	1058	847a820f1fa8b2fd08cf3f40cc5b06a6fcc598c84b7fec93295c37a5438e25d0	doc/performance_experiments/raw/phase0/csplendor-phase0-instrumented__Testing__Temporary__CTestCostData.txt.gz	443	e4984374a7a74d24f36904bfe96557cdf312d2e6456cc0a06ee35adc1bb5aff4
phase0	LastTest.log	/tmp/csplendor-phase0-instrumented/Testing/Temporary/LastTest.log	121	67124c65164008235bb149fbd3e8827a3a3d50658fcbe1bc9eb8cce8a6c2cb57	doc/performance_experiments/raw/phase0/csplendor-phase0-instrumented__Testing__Temporary__LastTest.log.gz	61	c3b85c70480811aa2a7834f5fd7f99f197a6978a502f25f079d0e4d68c06fec9
phase0	CTestCostData.txt	/tmp/csplendor-phase0-native-tests/Testing/Temporary/CTestCostData.txt	1029	08cb9e1c484be3516a1db8fd046dbfeb61e093e3b4adfc24c6a360f448687b61	doc/performance_experiments/raw/phase0/csplendor-phase0-native-tests__Testing__Temporary__CTestCostData.txt.gz	449	b1610e738d1402919f1580c8fa281a41e2948e6898da2c79c4c0b06bfb4b38b4
phase0	LastTest.log	/tmp/csplendor-phase0-native-tests/Testing/Temporary/LastTest.log	19554	2498520fe5eac8c5cc55c61f3d5227af4dcd10ce7ac701772d8b207b71cf576b	doc/performance_experiments/raw/phase0/csplendor-phase0-native-tests__Testing__Temporary__LastTest.log.gz	1641	7b6a28ee6f38842e197c283388b3c1843555970fc7d2da3d85c865e9f904734a
phase0	csplendor-phase0-pycompile.log	/tmp/csplendor-phase0-pycompile.log	0	e3b0c44298fc1c149afbf4c8996fb92427ae41e4649b934ca495991b7852b855	doc/performance_experiments/raw/phase0/csplendor-phase0-pycompile.log.gz	20	f61f27bd17de546264aa58f40f3aafaac7021e0ef69c17f6b1b4cd7664a037ec
phase0	csplendor-phase0-pycompile.time	/tmp/csplendor-phase0-pycompile.time	39	8d57d5416578cfddccf0b846864d2e8258ee9f445786322f2c1e08eaf851732a	doc/performance_experiments/raw/phase0/csplendor-phase0-pycompile.time.gz	59	228c8105acabd2b2ff753d224cb13a8f16f0ab3deb4c8a58a05d6b116f5b3954
phase0	csplendor-phase0-pytest-all.log	/tmp/csplendor-phase0-pytest-all.log	686	c1f76be3b46eb97cdc0c42ca002ccfee6fe7aed8f23331a86fbadd1b6c01fb86	doc/performance_experiments/raw/phase0/csplendor-phase0-pytest-all.log.gz	116	c501f7e6fe4b7e741145b32198b8ac12183c7f5ed759bb44e2af52a2c331738c
phase0	csplendor-phase0-pytest-all.time	/tmp/csplendor-phase0-pytest-all.time	41	9c2893a6bd09fa205a3d11aa262621bbd14310606077137842aa51b3cac39313	doc/performance_experiments/raw/phase0/csplendor-phase0-pytest-all.time.gz	61	d83132bf7ec0c2d5ff55f8a82c9564d459176bf6ae129df64e90ab4e9c3191a7
phase0	csplendor-phase0-pytest-performance.log	/tmp/csplendor-phase0-pytest-performance.log	114	fef3e9b1408c73277caa41ea0d8d4b3fdf6704cc5af1fe54529cdb79987e2fee	doc/performance_experiments/raw/phase0/csplendor-phase0-pytest-performance.log.gz	68	26c5e96181421154169e5848041bd94f99ed5d8e31658ee41b802715c9645fca
phase0	csplendor-phase0-pytest-performance.time	/tmp/csplendor-phase0-pytest-performance.time	39	3a97ef081e60cd4a756b7c155d7588ab575bb61636d3fa170eb515d721db789c	doc/performance_experiments/raw/phase0/csplendor-phase0-pytest-performance.time.gz	59	e87f54f5f4e04f438ec723e76d0ece962654a86fa6a7806b8d09b4059bf25791
phase0	csplendor-phase0-reference.tar	/tmp/csplendor-phase0-reference.tar	2867200	d4ab58acb0a5fb465b17b6289c4b3170545d00ca34ff7a7432e940ccbdff2b6c	doc/performance_experiments/raw/phase0/csplendor-phase0-reference.tar.gz	651245	0e563ce65fc940e7995ed4e88cedb98480e64780358d250609babc14777f1e5c
phase0	CTestCostData.txt	/tmp/csplendor-phase0-release/Testing/Temporary/CTestCostData.txt	1059	a8f0869179fc193c78fd716ce0b54d774237c8470f70c374e432d09be52d01f9	doc/performance_experiments/raw/phase0/csplendor-phase0-release__Testing__Temporary__CTestCostData.txt.gz	447	7ace2292ffbc8b9b5abd257cbfa3e1c716f4a4cedd8d54e616819841d9000e58
phase0	LastTest.log	/tmp/csplendor-phase0-release/Testing/Temporary/LastTest.log	121	67124c65164008235bb149fbd3e8827a3a3d50658fcbe1bc9eb8cce8a6c2cb57	doc/performance_experiments/raw/phase0/csplendor-phase0-release__Testing__Temporary__LastTest.log.gz	61	c3b85c70480811aa2a7834f5fd7f99f197a6978a502f25f079d0e4d68c06fec9
phase0	csplendor-phase0-ruff-check.log	/tmp/csplendor-phase0-ruff-check.log	15209	7bba240ef49e86fb3822c6d70d0748eedfcf51d01f6ae44adbaaec6992f85a05	doc/performance_experiments/raw/phase0/csplendor-phase0-ruff-check.log.gz	2646	39fc4792c3072ad4b80dc7e08405ccf1b0b60035dd732bb48fc6a7a519b2472f
phase0	csplendor-phase0-ruff-check.time	/tmp/csplendor-phase0-ruff-check.time	77	ae4ec473ee00a19090816a787171a9ff05e73ef5d538e5930b3c6a412cb8e54b	doc/performance_experiments/raw/phase0/csplendor-phase0-ruff-check.time.gz	96	b2426ed3af4d64416635a8c1ff8d650b55bdea26b9f7c3bf33d55b2540728733
phase0	csplendor-phase0-ruff-format.log	/tmp/csplendor-phase0-ruff-format.log	159	65cfef9497c7d16319db1b8807b384042fce4a88f757f9cdcf69a053b7ab3425	doc/performance_experiments/raw/phase0/csplendor-phase0-ruff-format.log.gz	127	bed93dbb9cc3e428e8351c02ec2017be0dbfe9d765bb814cff80e977c03a5908
phase0	csplendor-phase0-ruff-format.time	/tmp/csplendor-phase0-ruff-format.time	77	31cd0d1e22fc570122c6ccdecde2ee7c3ebb97dde66ac2a10f61c6a3bb461213	doc/performance_experiments/raw/phase0/csplendor-phase0-ruff-format.time.gz	96	17b4ced7ab0089e444148523abab18498677f183b5c3a0637490a9c6365e088b
phase0	csplendor-phase0-ruff-phase0.log	/tmp/csplendor-phase0-ruff-phase0.log	19	82b3e6a6c090a57601d22943bd23fca9218d1031dbe5a7b754092f9a156b4f18	doc/performance_experiments/raw/phase0/csplendor-phase0-ruff-phase0.log.gz	39	47f394a1497b1873bc6e6d6f9bb92aa51b990821f1ddd7770a933ffd29c456cd
phase0	csplendor-phase0-ruff-phase0.time	/tmp/csplendor-phase0-ruff-phase0.time	39	214202b0caf43b8b4248fde358e2b79d853d2e2d97ca945bbdcce8b69afcdba8	doc/performance_experiments/raw/phase0/csplendor-phase0-ruff-phase0.time.gz	59	a38e6d66d7b5fb597ef0abb203fc4302604e7a169fa742b95037b1a290cbaa92
phase0	csplendor-phase0-slot-smoke.csv	/tmp/csplendor-phase0-slot-smoke.csv	409	d3869af45f26e106e7709d6d87d44a24cc030072383a7e5c2437a8dfb7dc3728	doc/performance_experiments/raw/phase0/csplendor-phase0-slot-smoke.csv.gz	233	626503380dff1480894dbb65e243f5484401337f2a0eb6838fab7764530cdc87
phase0	csplendor-phase0-slot-smoke.json	/tmp/csplendor-phase0-slot-smoke.json	51105	5a9e1271567b0705055d5df0d6f6cf4aaca35ba3a7ea3427a0d1a94e8133e666	doc/performance_experiments/raw/phase0/csplendor-phase0-slot-smoke.json.gz	7418	39338784a77124a7517de1286931910a4791efb06f8b9d1f66836c926f6b1bd1
phase0	CTestCostData.txt	/tmp/csplendor-phase0-tsan/Testing/Temporary/CTestCostData.txt	1026	bbd15ad97e38a3d5059cc861217eb44de7d65af64114a9b7d966b92b61ed91fc	doc/performance_experiments/raw/phase0/csplendor-phase0-tsan__Testing__Temporary__CTestCostData.txt.gz	438	4926cb7c1e68f39e53cb6a5464c9915dabdeea92d5379d4b7c3ec617482889b1
phase0	LastTest.log	/tmp/csplendor-phase0-tsan/Testing/Temporary/LastTest.log	121	67124c65164008235bb149fbd3e8827a3a3d50658fcbe1bc9eb8cce8a6c2cb57	doc/performance_experiments/raw/phase0/csplendor-phase0-tsan__Testing__Temporary__LastTest.log.gz	61	c3b85c70480811aa2a7834f5fd7f99f197a6978a502f25f079d0e4d68c06fec9
phase1a	CTestCostData.txt	/tmp/csplendor-phase1a-asan-final/Testing/Temporary/CTestCostData.txt	1052	e571c2a231c6e92f3eeda9f78f501df47ce347360777ee774d4b012abf2b233a	doc/performance_experiments/raw/phase1a/csplendor-phase1a-asan-final__Testing__Temporary__CTestCostData.txt.gz	459	29101c220a83a0e1c96e83bafcff4deae540fb279a9106b71fba1bcfc4eeebb4
phase1a	LastTest.log	/tmp/csplendor-phase1a-asan-final/Testing/Temporary/LastTest.log	121	66c5a3435b74beab22de8758f90ac27b8b8bcd7f302cc7c2639379bec8dcbe10	doc/performance_experiments/raw/phase1a/csplendor-phase1a-asan-final__Testing__Temporary__LastTest.log.gz	61	68aa7c2f72b94a3bc56eaac402fee30f0ca1805efdcbe0f499bb034e13fb9747
phase1a	CTestCostData.txt	/tmp/csplendor-phase1a-dev/Testing/Temporary/CTestCostData.txt	1026	77177ba97a5832a3351f5f6ace06f2e1fa0eb7fb94e0d78ac2cd33c26e15dabb	doc/performance_experiments/raw/phase1a/csplendor-phase1a-dev__Testing__Temporary__CTestCostData.txt.gz	431	5a30567f7ae7e48de7e39805666a0b9bf21e1b5b4a2c3d8233c335dc3bb30642
phase1a	LastTest.log	/tmp/csplendor-phase1a-dev/Testing/Temporary/LastTest.log	19042	6ad5a7f8b95d8201fc01677b96b4b576e03e3b260b6553ca5fe4fd5d57d5f34f	doc/performance_experiments/raw/phase1a/csplendor-phase1a-dev__Testing__Temporary__LastTest.log.gz	1620	4d984500eb387bf5fabf0591db14cdee172d494f0f53aa24c4da351446c38c40
phase1a	CTestCostData.txt	/tmp/csplendor-phase1a-hash-normal/Testing/Temporary/CTestCostData.txt	35	0c017e0de09671327c25a7a0e9dad5a4d6b177fc542736c8547a46bd1bb755d2	doc/performance_experiments/raw/phase1a/csplendor-phase1a-hash-normal__Testing__Temporary__CTestCostData.txt.gz	55	02cb09b058c619a103409fbe694c5d7d80e0c6b000683f779d0bf29ae5a14cc9
phase1a	LastTest.log	/tmp/csplendor-phase1a-hash-normal/Testing/Temporary/LastTest.log	978	7cfdc13582ab86e74fcd270893e5cda910b39a3766e8564c7b073494985eb1f6	doc/performance_experiments/raw/phase1a/csplendor-phase1a-hash-normal__Testing__Temporary__LastTest.log.gz	333	924e22f1021ab865ae3094c226017c7a21b3168a0a1bd35a74c070f0d9a0c098
phase1a	CTestCostData.txt	/tmp/csplendor-phase1a-hash-verify/Testing/Temporary/CTestCostData.txt	36	6f99c702c736236cd5a820bc69b0d892dda87a2aa7c3b8a5475d3938b4a62aeb	doc/performance_experiments/raw/phase1a/csplendor-phase1a-hash-verify__Testing__Temporary__CTestCostData.txt.gz	56	5028f9bafd96799f4185bbabe556f78b580a73ffa10a610130c52993b1d483a9
phase1a	LastTest.log	/tmp/csplendor-phase1a-hash-verify/Testing/Temporary/LastTest.log	978	2fe31fab90e24b4393739b32a5467773c7a95afeab09cb6a1b45adbd416d3be1	doc/performance_experiments/raw/phase1a/csplendor-phase1a-hash-verify__Testing__Temporary__LastTest.log.gz	334	a5f4b84f2c9a9e5fe5b23f1f243edce3b8bb5e0ac51d76146af290dbc47ed102
phase1a	CTestCostData.txt	/tmp/csplendor-phase1a-instrument-final/Testing/Temporary/CTestCostData.txt	1062	5ea16d0b7137dad433758e5fb417d33377a9e9aa047d1db1e7022ebbcc2a310b	doc/performance_experiments/raw/phase1a/csplendor-phase1a-instrument-final__Testing__Temporary__CTestCostData.txt.gz	455	29b383699be7c805b159e93a115ab67b7c7302521f3eb7da9bbc278e9b26de3d
phase1a	LastTest.log	/tmp/csplendor-phase1a-instrument-final/Testing/Temporary/LastTest.log	20667	00b6cbb79ede58b8ef55452f91013b71644a2bb7a472e56e9906b6b2d3096053	doc/performance_experiments/raw/phase1a/csplendor-phase1a-instrument-final__Testing__Temporary__LastTest.log.gz	1774	3974e79c12f25b9f8be32d8a95c45f5afc24a8f59120a96a3d8e5de2d59791ab
phase1a	CTestCostData.txt	/tmp/csplendor-phase1a-off-audit/Testing/Temporary/CTestCostData.txt	1082	df1d60382f1ffa7e6d31eea171ac452db08df2d536fba3698b33cc62b32b2e31	doc/performance_experiments/raw/phase1a/csplendor-phase1a-off-audit__Testing__Temporary__CTestCostData.txt.gz	459	ea7ab06eba51d20e26372d033a77d2a7dbe538acc82a8d4d461d791c9e74f0ef
phase1a	LastTest.log	/tmp/csplendor-phase1a-off-audit/Testing/Temporary/LastTest.log	20205	47012838d97c66fe24a898f6f3ebad1794d0e9b7cd4df618e742b46e951e59db	doc/performance_experiments/raw/phase1a/csplendor-phase1a-off-audit__Testing__Temporary__LastTest.log.gz	1755	7e8b2d033e8646255a44bc709324f39394b716438f589c2186e15c4de5b44fe6
phase1a	csplendor-phase1a-release-off-on-differential-1000.json	/tmp/csplendor-phase1a-release-off-on-differential-1000.json	1161	082bb2a005c595e8b7e763343a5ebda8decec182401f86a951e13c2ec158f31f	doc/performance_experiments/raw/phase1a/csplendor-phase1a-release-off-on-differential-1000.json.gz	524	7ed2c47fbca71eef32e2f98c29790ac804cb395168f44b835c8f59945a5834fb
phase1a	CTestCostData.txt	/tmp/csplendor-phase1a-release-off/Testing/Temporary/CTestCostData.txt	1057	b9826d3f4d94fc5226b5920ec112846b8228ec83df484a9dd445fcb94579383e	doc/performance_experiments/raw/phase1a/csplendor-phase1a-release-off__Testing__Temporary__CTestCostData.txt.gz	449	507c0be4a3c6c4fb2169925b136f15cb2e9e815c059194b3dde8df7229c7c9a0
phase1a	LastTest.log	/tmp/csplendor-phase1a-release-off/Testing/Temporary/LastTest.log	20337	b0de4c4541ea7dd13857af498b3938cf5507963a484ca3167ebea35ef09a4ea1	doc/performance_experiments/raw/phase1a/csplendor-phase1a-release-off__Testing__Temporary__LastTest.log.gz	1764	fc436b48dd1be9f7ad53f9e8c30cabb88ab1cad6f269855ccb5c8c7cd84b4013
phase1a	CTestCostData.txt	/tmp/csplendor-phase1a-release-on/Testing/Temporary/CTestCostData.txt	1059	3a35a629b86c30aaa5376e2ec40a0005011fb21ea421dfd85896fac31cd3b41a	doc/performance_experiments/raw/phase1a/csplendor-phase1a-release-on__Testing__Temporary__CTestCostData.txt.gz	453	d4b961869ea9708abdb6eec2638f3a0f432c531bfb66bc407660935a82b256e6
phase1a	LastTest.log	/tmp/csplendor-phase1a-release-on/Testing/Temporary/LastTest.log	20271	cf06b1c0b88328ca236f4a391edc16aec00b14f1a0e00a216edab91ad6936a73	doc/performance_experiments/raw/phase1a/csplendor-phase1a-release-on__Testing__Temporary__LastTest.log.gz	1769	3293c1330f4abf3ef4aa17d45a02549a7c23d2740f15a778b1217a8abacb8780
phase1a	CTestCostData.txt	/tmp/csplendor-phase1a-tsan-final/Testing/Temporary/CTestCostData.txt	1030	d094696e4c9ef328ca8b1d7d746c58caa8d8e06b9b42a1ebde7e9de6f1441c40	doc/performance_experiments/raw/phase1a/csplendor-phase1a-tsan-final__Testing__Temporary__CTestCostData.txt.gz	452	a1a213ad58434f2f5ac4c551cbb19399895d0542b03c8baf9d9677d091e094a6
phase1a	LastTest.log	/tmp/csplendor-phase1a-tsan-final/Testing/Temporary/LastTest.log	20295	f80155fa3b596089b4ad8a2d789d41bac74e099c575dc11c5437d40e8c8f374f	doc/performance_experiments/raw/phase1a/csplendor-phase1a-tsan-final__Testing__Temporary__LastTest.log.gz	1829	521d634fa720a8dbb66a824a879d3a365628182de44c82b3f247506b949f9231
phase1a	CTestCostData.txt	/tmp/csplendor-phase1a-verify-audit/Testing/Temporary/CTestCostData.txt	1083	654e323b76c74235540946aef8cc482555944adfce20560198703a75f355c5f2	doc/performance_experiments/raw/phase1a/csplendor-phase1a-verify-audit__Testing__Temporary__CTestCostData.txt.gz	456	57fc83cc4e41ac3057f3372919335724f21b35c6fd2767cbe0726da224b263c9
phase1a	LastTest.log	/tmp/csplendor-phase1a-verify-audit/Testing/Temporary/LastTest.log	20403	95923761e552495a593fb11adf71f47b8dcf54ba18f4d5671aef8da6171604a2	doc/performance_experiments/raw/phase1a/csplendor-phase1a-verify-audit__Testing__Temporary__LastTest.log.gz	1754	ea2b101f37bdf7a09e65d9a1fbc4c22efac4d988e61bdb028ca48d96e4842f9d
phase1a	csplendor-phase1a-vs-phase1b-off-exact-audit.json	/tmp/csplendor-phase1a-vs-phase1b-off-exact-audit.json	131465	a5394c3576ec1828cb1603539ae925a3c37f374e008d1b82bec69889e1e22363	doc/performance_experiments/raw/phase1a/csplendor-phase1a-vs-phase1b-off-exact-audit.json.gz	9494	773170b642441f0250c33aa25b388f0303bf049d342c0cdb2843c037a49b4542
phase1b	CTestCostData.txt	/tmp/csplendor-phase1b-asan/Testing/Temporary/CTestCostData.txt	1053	816eda5887dee50c8742b5efc8494c962c14e58b3c718f24e9d264af0b1f3bbb	doc/performance_experiments/raw/phase1b/csplendor-phase1b-asan__Testing__Temporary__CTestCostData.txt.gz	460	bfe4a1a91f7ddbfe082eaf509d1c766d76060b999c39e075f0ba72b76f6b0050
phase1b	LastTest.log	/tmp/csplendor-phase1b-asan/Testing/Temporary/LastTest.log	19982	ed41f07b9768ad7d1fc8e6fb25d6bf028761b972585721fd5a768ef8fa425a4e	doc/performance_experiments/raw/phase1b/csplendor-phase1b-asan__Testing__Temporary__LastTest.log.gz	1828	937b2580697b8b10da8168cd061042081c8dbda130d5081545ec7701a7bd35a9
phase1b	LastTestsFailed.log	/tmp/csplendor-phase1b-asan/Testing/Temporary/LastTestsFailed.log	735	dac1efe0fca28325a2ede9db42f47f5341c4d136c54f6013fc2057b4497f87a4	doc/performance_experiments/raw/phase1b/csplendor-phase1b-asan__Testing__Temporary__LastTestsFailed.log.gz	338	1b4f3e1e337fc884dd00aa6284373b1504b8b3e15c0bbc4ebd219e2ec062ff4a
phase1b	CTestCostData.txt	/tmp/csplendor-phase1b-check-off/Testing/Temporary/CTestCostData.txt	1060	7c536f2ccdaaf73ff579af8f8278e254aba58cc946fb02ecbd2168dcb795e9e8	doc/performance_experiments/raw/phase1b/csplendor-phase1b-check-off__Testing__Temporary__CTestCostData.txt.gz	468	00207eb3e8644b5fecb40d1d3aa658a1e8038fb1cae24e91246ccd2490a85570
phase1b	LastTest.log	/tmp/csplendor-phase1b-check-off/Testing/Temporary/LastTest.log	1711	efb3587f688ab9e3561a86af3f9ebcb3832b836439ba2fb074e5d11dd442cf37	doc/performance_experiments/raw/phase1b/csplendor-phase1b-check-off__Testing__Temporary__LastTest.log.gz	447	3cca57592bf77491839c83c90d2538c14259385b82b401b452d1b8039323a6d7
phase1b	CTestCostData.txt	/tmp/csplendor-phase1b-check/Testing/Temporary/CTestCostData.txt	1060	850b9e3dd5fb5a57c3ad08a90ccc92bc05e9dd0c063ff00d716b5e17c1424a88	doc/performance_experiments/raw/phase1b/csplendor-phase1b-check__Testing__Temporary__CTestCostData.txt.gz	469	2b479bf9480d654e491732755616740d888bfb5ead4a9680bbeaf15fdb0fdf2c
phase1b	LastTest.log	/tmp/csplendor-phase1b-check/Testing/Temporary/LastTest.log	1695	6ef10034206b10e9cf579cf78a3f94ac0b07a07715e90cd5ea8ef001220b27a0	doc/performance_experiments/raw/phase1b/csplendor-phase1b-check__Testing__Temporary__LastTest.log.gz	447	23318696efbae3cf5c5516ddb40886351c55471015d03c88fa37afc86c42547e
phase1b	CTestCostData.txt	/tmp/csplendor-phase1b-config-audit-off/Testing/Temporary/CTestCostData.txt	97	d8b1e96882014766e89b76cc1396e5676f478a0fa30414c26e80bb5cce312464	doc/performance_experiments/raw/phase1b/csplendor-phase1b-config-audit-off__Testing__Temporary__CTestCostData.txt.gz	97	9ac0fe96cf7a8906984d5e63eb51ff091d88cb60fe4ba319611f5ba0a9866150
phase1b	LastTest.log	/tmp/csplendor-phase1b-config-audit-off/Testing/Temporary/LastTest.log	2375	c566fa5833ab0a2afab737ae7f040137816bbf432a39e10ac5d168baa873f6b0	doc/performance_experiments/raw/phase1b/csplendor-phase1b-config-audit-off__Testing__Temporary__LastTest.log.gz	513	2bfcbc23818e5980115c3b4a7dc942c7f38c3662374094bd1ce207d6b2d57352
phase1b	CTestCostData.txt	/tmp/csplendor-phase1b-config-audit-on/Testing/Temporary/CTestCostData.txt	96	670e45e9489e75d5a327329a204db390879261fcc2ac038a9454fafe4a0a57c0	doc/performance_experiments/raw/phase1b/csplendor-phase1b-config-audit-on__Testing__Temporary__CTestCostData.txt.gz	96	724f611d9a3108eb0fe440bc6beb91cbac77c55ac465ab0ee9f503e89dc8a226
phase1b	LastTest.log	/tmp/csplendor-phase1b-config-audit-on/Testing/Temporary/LastTest.log	2369	6b2fd7b0abf5071433ceb5aaed96b97b2689a47027b8660c6d96472e6864689b	doc/performance_experiments/raw/phase1b/csplendor-phase1b-config-audit-on__Testing__Temporary__LastTest.log.gz	512	6a6af0ed3191aaf81ab426c8fd816dbe51ff1fda46649672db840079d0769923
phase1b	CTestCostData.txt	/tmp/csplendor-phase1b-final-clean/Testing/Temporary/CTestCostData.txt	1061	db65c70fcba00b223f699370620b547aa34caa475807f3481ea6a2422adc8706	doc/performance_experiments/raw/phase1b/csplendor-phase1b-final-clean__Testing__Temporary__CTestCostData.txt.gz	461	7f8e0b395337cf626bc2fd57c5a8b11b73ff51453eae3976aee9476f63ade6b5
phase1b	LastTest.log	/tmp/csplendor-phase1b-final-clean/Testing/Temporary/LastTest.log	20337	ebcc74bb7fefd76e85242416279e2dc3c5b6712bc812e63c4e2f1b8e1b2fa251	doc/performance_experiments/raw/phase1b/csplendor-phase1b-final-clean__Testing__Temporary__LastTest.log.gz	1772	d3526ff1f33289780cda6c7588733f9efccc147c5f1380e60fe8d582eadf9835
phase1b	CTestCostData.txt	/tmp/csplendor-phase1b-instrumented-off/Testing/Temporary/CTestCostData.txt	35	5255ccbbd7bcfea530c9cce8bf7e86532d802e6ab239911da02b900e29833b7d	doc/performance_experiments/raw/phase1b/csplendor-phase1b-instrumented-off__Testing__Temporary__CTestCostData.txt.gz	55	e48f18cd45c1560bd7d03d9c6efdd9d1d9b0e8859de2bf2713e1edfd8a9eb8eb
phase1b	LastTest.log	/tmp/csplendor-phase1b-instrumented-off/Testing/Temporary/LastTest.log	790	e8711c1b6e8291d483d14f466453aee3cc0da4166cfeddc257a68c56918f8392	doc/performance_experiments/raw/phase1b/csplendor-phase1b-instrumented-off__Testing__Temporary__LastTest.log.gz	264	1a5a2c69d028be978b57dfdd09695c19e3834e2b245c4bf4287fdd71699b80ad
phase1b	CTestCostData.txt	/tmp/csplendor-phase1b-instrumented-on/Testing/Temporary/CTestCostData.txt	36	dc3abd2c6620a4f1d9cf54be9af4ca5bfa7fb768184297a9f8f5bdb5812cfe94	doc/performance_experiments/raw/phase1b/csplendor-phase1b-instrumented-on__Testing__Temporary__CTestCostData.txt.gz	56	63b0fbb0cd9ec17c19e396bd7b5e786e66f45309877464c632cc0f2724afa161
phase1b	LastTest.log	/tmp/csplendor-phase1b-instrumented-on/Testing/Temporary/LastTest.log	788	a81c18af9fa9701b254405728fd6ee9f57815692e5da45c449974ae048c489f6	doc/performance_experiments/raw/phase1b/csplendor-phase1b-instrumented-on__Testing__Temporary__LastTest.log.gz	263	205495e7a7c15f20a12acc5bfa06fea4213e8b0ec4728539a8851a5a34fc37a1
phase1b	csplendor-phase1b-off.text	/tmp/csplendor-phase1b-off.text	772514	95ba6b43a0db283c7436f4c38ae6d455d66048e611753f4b6e2d01d290afceaf	doc/performance_experiments/raw/phase1b/csplendor-phase1b-off.text.gz	352295	e6a9e4f30e1284fa2b5d59b3189830d80a1bfab89472eef47cd9dcc3c0e408b4
phase1b	csplendor-phase1b-on.text	/tmp/csplendor-phase1b-on.text	772514	95ba6b43a0db283c7436f4c38ae6d455d66048e611753f4b6e2d01d290afceaf	doc/performance_experiments/raw/phase1b/csplendor-phase1b-on.text.gz	352295	e6a9e4f30e1284fa2b5d59b3189830d80a1bfab89472eef47cd9dcc3c0e408b4
phase1b	CTestCostData.txt	/tmp/csplendor-phase1b-release-off/Testing/Temporary/CTestCostData.txt	1063	69e61b3138fd215b7c8948d4a92889c05f23ce3474b3028534a9d680fa6e027c	doc/performance_experiments/raw/phase1b/csplendor-phase1b-release-off__Testing__Temporary__CTestCostData.txt.gz	457	b75ec242a794ca4c60881d6fc54585f5d70c293f41d960cee236a7897947c3ee
phase1b	LastTest.log	/tmp/csplendor-phase1b-release-off/Testing/Temporary/LastTest.log	20444	a14fe81dc8497412e46951a30e8a66b3b154040c4f9808c4341354990595dee3	doc/performance_experiments/raw/phase1b/csplendor-phase1b-release-off__Testing__Temporary__LastTest.log.gz	1801	f6c52d87cf61fb0dd04af8680851f75441f6b6082268f6f5e7c34d3be0445566
phase1b	CTestCostData.txt	/tmp/csplendor-phase1b-release-on/Testing/Temporary/CTestCostData.txt	1063	a85f9b0daaea09013d1db2d71ec34e28ab12446cf9564b3a1f82617ac1cf034d	doc/performance_experiments/raw/phase1b/csplendor-phase1b-release-on__Testing__Temporary__CTestCostData.txt.gz	458	55a1cd20146ee875026ca07368cf2a57c53212abdbdd44eba9543aa5c7c7fc39
phase1b	LastTest.log	/tmp/csplendor-phase1b-release-on/Testing/Temporary/LastTest.log	20378	60af18f74e04d4f8a2b2996e02705a15e1459f6dddae243128bb95eeabf25d10	doc/performance_experiments/raw/phase1b/csplendor-phase1b-release-on__Testing__Temporary__LastTest.log.gz	1796	0e373d71ea66bea33f3895a501b50c0d0798a9703570775822b57dda520fdb38
phase1b	CTestCostData.txt	/tmp/csplendor-phase1b-verify-on/Testing/Temporary/CTestCostData.txt	1053	e3f6dfa0de4320772df73396fa255486cb9ddfdfa3d2ac629d30bb385529c206	doc/performance_experiments/raw/phase1b/csplendor-phase1b-verify-on__Testing__Temporary__CTestCostData.txt.gz	463	37911c1a8a5d2142ddebd5f8b2fc94d1030c3a142a388f6d774a0956756c4e95
phase1b	LastTest.log	/tmp/csplendor-phase1b-verify-on/Testing/Temporary/LastTest.log	20312	dd244b8e780f6a0b5d477d216ad63be317ba965e1f4e7518af75440db86a6a34	doc/performance_experiments/raw/phase1b/csplendor-phase1b-verify-on__Testing__Temporary__LastTest.log.gz	1851	296f591244460dbf4a0d0c21de56eefe36b15c48ec486af64ddb89587174c225
phase2a	CTestCostData.txt	/tmp/csplendor-phase2a1-asan/Testing/Temporary/CTestCostData.txt	1089	50e511d036ba260f3e44d88f3c60fc88bad86453fed0b31b0e7a2fa93ce19dba	doc/performance_experiments/raw/phase2a/csplendor-phase2a1-asan__Testing__Temporary__CTestCostData.txt.gz	477	9902c33f3ac6110fda68f65403a32a3b2c4b5ffbb88f690d6c5ac5b19529a07c
phase2a	LastTest.log	/tmp/csplendor-phase2a1-asan/Testing/Temporary/LastTest.log	19941	bd23adcd1618dfb779d2b64d41c631923fca7ac12381065c1a235271682aeaa1	doc/performance_experiments/raw/phase2a/csplendor-phase2a1-asan__Testing__Temporary__LastTest.log.gz	1845	7aac99e4e5a77550712fa8bb2fc3b7d7916f5f7db2e57da8b648ae1351e9c83e
phase2a	CTestCostData.txt	/tmp/csplendor-phase2a1-off/Testing/Temporary/CTestCostData.txt	1099	1a3696bd65285322cca20281eb2ff73a50b7d570f751d158ea6a476d8e8e112b	doc/performance_experiments/raw/phase2a/csplendor-phase2a1-off__Testing__Temporary__CTestCostData.txt.gz	467	4d2cf6534f03d9f0d0cc2d490094800f4523ca5e8280ce8ce8ad33edf9d10f76
phase2a	LastTest.log	/tmp/csplendor-phase2a1-off/Testing/Temporary/LastTest.log	19875	269a54f1e0cf166af83266d5dadabd4135381ffe12098cbf06a64e03096e7da3	doc/performance_experiments/raw/phase2a/csplendor-phase2a1-off__Testing__Temporary__LastTest.log.gz	1790	c9cdccf6871bc3e5f8cb4fedb160df1b9e9db6182e164d52804a15fed84377e1
phase2a	CTestCostData.txt	/tmp/csplendor-phase2a1-on/Testing/Temporary/CTestCostData.txt	1123	4b73caf5a8510c7251bfe50df25d913c57edeefb0cb55387135ad17e27538d99	doc/performance_experiments/raw/phase2a/csplendor-phase2a1-on__Testing__Temporary__CTestCostData.txt.gz	467	89984c139a73f8b9ed69591573ba5bfc87e64a35d8a4d9fb27700299cb840dfd
phase2a	LastTest.log	/tmp/csplendor-phase2a1-on/Testing/Temporary/LastTest.log	19809	3c9e6a3eaada80094df9c2f87faeb052bd0b3a76b2c4674f09c17e3112b88ec8	doc/performance_experiments/raw/phase2a/csplendor-phase2a1-on__Testing__Temporary__LastTest.log.gz	1751	acc94fa5b48c00036b638ebeb3077b315e07c6662469454d4c7527ea1c2c331a
phase2a	CTestCostData.txt	/tmp/csplendor-phase2a1-tsan/Testing/Temporary/CTestCostData.txt	1068	4d5d139ffbe52e2ecce3a6e5dfb228ff6c4e50522ab357d74e83ef9047a84112	doc/performance_experiments/raw/phase2a/csplendor-phase2a1-tsan__Testing__Temporary__CTestCostData.txt.gz	472	c520a4eb7dd5161b92d26c4b81822f987e77a55dcf646147f48ec521fe579b5d
phase2a	LastTest.log	/tmp/csplendor-phase2a1-tsan/Testing/Temporary/LastTest.log	19965	a1400730fae9c6c65cc36ee23bf05f9c77fc9cc1e56cf6faff373c8041cc95b2	doc/performance_experiments/raw/phase2a/csplendor-phase2a1-tsan__Testing__Temporary__LastTest.log.gz	1869	f22aa54258e320b79908b5e21557bd2b26f5f8244225ad80b5ed42e5970e9673
phase2a	CTestCostData.txt	/tmp/csplendor-phase2a2-off/Testing/Temporary/CTestCostData.txt	1080	1c7d1cb0e55ce1ae8568f39d51adb308e97a7968359f5d496b0dee872ffcb5a8	doc/performance_experiments/raw/phase2a/csplendor-phase2a2-off__Testing__Temporary__CTestCostData.txt.gz	459	91856a46bc7e849aa0aa7c9ba4b41cccdbe7532a2cbf3a94e13a15c9aa88ffa6
phase2a	LastTest.log	/tmp/csplendor-phase2a2-off/Testing/Temporary/LastTest.log	19875	8252d59c35ddefb4d240febae70aa2e61211d91a0d3880e1f186e980aeb8e6ff	doc/performance_experiments/raw/phase2a/csplendor-phase2a2-off__Testing__Temporary__LastTest.log.gz	1750	a2c7dae833ee6144f9c254b892d06878fab1b9b865e47cb92ed2b266867d46be
phase2a	CTestCostData.txt	/tmp/csplendor-phase2a2-on/Testing/Temporary/CTestCostData.txt	1083	20b3272d868c3cee896e51dd4e0443fe96b5b82627f7092122bd2748915d309b	doc/performance_experiments/raw/phase2a/csplendor-phase2a2-on__Testing__Temporary__CTestCostData.txt.gz	463	23a10f61e3af57688c942fe7d532742da2fbdd51491eb5bf94d121dad9f7ff29
phase2a	LastTest.log	/tmp/csplendor-phase2a2-on/Testing/Temporary/LastTest.log	2237	1b7b710675bacce580cdb78400ca40add962cb9e5559b9c8ff866fe8694b2ed4	doc/performance_experiments/raw/phase2a/csplendor-phase2a2-on__Testing__Temporary__LastTest.log.gz	482	f8280612ba18d0811b90dd8ccc3276bb105226fcd42efc47f8b4e804f90bb02b
phase2b	CTestCostData.txt	/tmp/csplendor-phase2b-h1-asan/Testing/Temporary/CTestCostData.txt	1048	ebe6152a606165aafafdbe38fc19057e5c8c8b9044ab53592d9f1030d054f325	doc/performance_experiments/raw/phase2b/csplendor-phase2b-h1-asan__Testing__Temporary__CTestCostData.txt.gz	459	365deafabd18c5850f5516e487df1fff049b61cbccf166c66f6eb8f92e286b6b
phase2b	LastTest.log	/tmp/csplendor-phase2b-h1-asan/Testing/Temporary/LastTest.log	20073	312d2fbc42aa341a8059953cfafe1299205f6e832bc741779eb4af0b0c92a0f4	doc/performance_experiments/raw/phase2b/csplendor-phase2b-h1-asan__Testing__Temporary__LastTest.log.gz	1798	738541f3cab1ab0ab94e782919a03f3af1442da92ec354f270d7055c039323dd
phase2b	CTestCostData.txt	/tmp/csplendor-phase2b-h1-off/Testing/Temporary/CTestCostData.txt	1079	4db990ee7f8a7193242f5d64f6237daeb88e5079b70a677febab60e6fa08cfef	doc/performance_experiments/raw/phase2b/csplendor-phase2b-h1-off__Testing__Temporary__CTestCostData.txt.gz	461	2f02442918546504fe6558c04ebeb4eb2f71a6e7fd51acfddc46b619217c2add
phase2b	LastTest.log	/tmp/csplendor-phase2b-h1-off/Testing/Temporary/LastTest.log	20007	f4b1b3d58f8a2df2af0b060850fcb01579de160ffa70c754808b0d6a5d9c6ebb	doc/performance_experiments/raw/phase2b/csplendor-phase2b-h1-off__Testing__Temporary__LastTest.log.gz	1757	fa66065e43d1f6ac03a1f42a719c1e791b213cdf0da737496417b9a10d4c122a
phase2b	CTestCostData.txt	/tmp/csplendor-phase2b-h1-on/Testing/Temporary/CTestCostData.txt	1066	100469155482cf3fcdd3e559b84bc25bb1ea3f1ce6382e690f0b2e302b5ecba5	doc/performance_experiments/raw/phase2b/csplendor-phase2b-h1-on__Testing__Temporary__CTestCostData.txt.gz	457	19515bc50d6cb4ebc29a7eff2b51aefacf3b13c792ebe5b52d938928b46f2c53
phase2b	LastTest.log	/tmp/csplendor-phase2b-h1-on/Testing/Temporary/LastTest.log	19941	8638b7adca9c90db79da68877d04275c3dce2f41937d23b56a577666d76c09d0	doc/performance_experiments/raw/phase2b/csplendor-phase2b-h1-on__Testing__Temporary__LastTest.log.gz	1750	43b9ff815caec339d64ab5150c57b8486873fd4e63abec7a09b18633f6d011c2
phase2b	CTestCostData.txt	/tmp/csplendor-phase2b-h1-tsan/Testing/Temporary/CTestCostData.txt	1027	32aa0dbdc0bd37a06696d4a05da03aacf6b5c63cc7f3c451a7bf41c8e857a2d3	doc/performance_experiments/raw/phase2b/csplendor-phase2b-h1-tsan__Testing__Temporary__CTestCostData.txt.gz	452	b81fea6686be05d30e319be2154c143a0c031bb4441f7e26191ce3d8f08c6bbf
phase2b	LastTest.log	/tmp/csplendor-phase2b-h1-tsan/Testing/Temporary/LastTest.log	20097	46b2e0e0665d3c29394ab285814088d45bafff1c64fd846000e178a8408a6bf7	doc/performance_experiments/raw/phase2b/csplendor-phase2b-h1-tsan__Testing__Temporary__LastTest.log.gz	1842	ad122c7a1df6f0898ce386dc8558b6e8124bd8b312ec1c978476513863bc08bd
phase2b	CTestCostData.txt	/tmp/csplendor-phase2b-h2-asan/Testing/Temporary/CTestCostData.txt	1046	fd76cab78a19a09c325c3688ee66afd2662d19adfdaa07b73a3f473d664dc839	doc/performance_experiments/raw/phase2b/csplendor-phase2b-h2-asan__Testing__Temporary__CTestCostData.txt.gz	457	a71770d8e29421b45ca21e642b20a1b93eb6ce3dfdd64fcedf4bbf06e63e907d
phase2b	LastTest.log	/tmp/csplendor-phase2b-h2-asan/Testing/Temporary/LastTest.log	20073	e7f509aa0d9e979f1bebfc9b4335573fcda838c667bc5edb4164d61c53b5768d	doc/performance_experiments/raw/phase2b/csplendor-phase2b-h2-asan__Testing__Temporary__LastTest.log.gz	1812	95a79396ef6ce9072ab574f543a3e346cc607b5a35d5769a054b176006702bc1
phase2b	CTestCostData.txt	/tmp/csplendor-phase2b-h2-off/Testing/Temporary/CTestCostData.txt	1062	72d9049d192c6c90854993ffe515c3245914accc652c6e09a19cf757c8415cbc	doc/performance_experiments/raw/phase2b/csplendor-phase2b-h2-off__Testing__Temporary__CTestCostData.txt.gz	452	c73437df51afdde6cb05c2b4284cb7aa22269baf0a0b3e803504f26639c7d1cd
phase2b	LastTest.log	/tmp/csplendor-phase2b-h2-off/Testing/Temporary/LastTest.log	20007	ff592ccf1d12dafec1ea43fb62dd7b886f081b4ace86f6d07dfd47af7680fc3b	doc/performance_experiments/raw/phase2b/csplendor-phase2b-h2-off__Testing__Temporary__LastTest.log.gz	1761	8e225297f5e3a45fb64c175ec456ad8e5bb2626f499b97feada9baff7e6da5a8
phase2b	CTestCostData.txt	/tmp/csplendor-phase2b-h2-on/Testing/Temporary/CTestCostData.txt	1059	082ce8ff5232e31c51df5fad1fa8a3c4840eb95f063acf3cae53cc6d63c1d369	doc/performance_experiments/raw/phase2b/csplendor-phase2b-h2-on__Testing__Temporary__CTestCostData.txt.gz	451	42854c47f4ca245315a04ebedefb1698abf9c349faac339c9d0f33b6c33c1461
phase2b	LastTest.log	/tmp/csplendor-phase2b-h2-on/Testing/Temporary/LastTest.log	19941	346c3d503973f9ca47676199bc911a57c902d5a617146f15939811d4bf5e41a4	doc/performance_experiments/raw/phase2b/csplendor-phase2b-h2-on__Testing__Temporary__LastTest.log.gz	1760	51a95cfa367030b5e4b9df61cf573186482ec0c7263de3760e0d15d1e734deed
phase2b	CTestCostData.txt	/tmp/csplendor-phase2b-h2-tsan/Testing/Temporary/CTestCostData.txt	1031	f19de26e79506fbd2aad6d808dfe6bc96ef0d13cc9b5967f795beeb0b17a377b	doc/performance_experiments/raw/phase2b/csplendor-phase2b-h2-tsan__Testing__Temporary__CTestCostData.txt.gz	455	1ab85e8b917c9553b61356d8b45f1d9f45de597ea84c51dc7ca4a44cabe158ae
phase2b	LastTest.log	/tmp/csplendor-phase2b-h2-tsan/Testing/Temporary/LastTest.log	20097	571afa5b28711d471ab271ead780c8baf6585c29d6b3f96f43c6688e91cfc46c	doc/performance_experiments/raw/phase2b/csplendor-phase2b-h2-tsan__Testing__Temporary__LastTest.log.gz	1847	44dbce46e311345c2482dd4f922ce0e5e9dd54992720188d199fe5b7b4d8a2f8
phase2b	CTestCostData.txt	/tmp/csplendor-phase2b-h3-off/Testing/Temporary/CTestCostData.txt	1061	de6b3a5e4a03b301292916a648a6ca3de44267c886ed01abcde851e097dafb66	doc/performance_experiments/raw/phase2b/csplendor-phase2b-h3-off__Testing__Temporary__CTestCostData.txt.gz	455	c2b37d78d5b78c6aef0b7106fccfe0b3319d0bc29c52866a9b9a581adf12895e
phase2b	LastTest.log	/tmp/csplendor-phase2b-h3-off/Testing/Temporary/LastTest.log	20007	e698d8a10aff653a12c89b60a65fd0f58619376ca99a856c7d23f0b97dc85fde	doc/performance_experiments/raw/phase2b/csplendor-phase2b-h3-off__Testing__Temporary__LastTest.log.gz	1761	620fdf15c9f1fc85a8d981c2b952a448d88d0f0dca9b83a1a4223d4ff65286aa
phase2b	CTestCostData.txt	/tmp/csplendor-phase2b-h3-on/Testing/Temporary/CTestCostData.txt	1060	b7dc65046d909db780bb8359dbeb1d08979db60377afe66a02c3ff1c3f3788c4	doc/performance_experiments/raw/phase2b/csplendor-phase2b-h3-on__Testing__Temporary__CTestCostData.txt.gz	456	649b546c5bfeaa21f312f20903d0657f6f85fc2c8a2142afe98f995e22747ba1
phase2b	LastTest.log	/tmp/csplendor-phase2b-h3-on/Testing/Temporary/LastTest.log	19941	099c2284fa8345373ad47a9771718d75b6688ddb506b62e0f4015a9ce4b54760	doc/performance_experiments/raw/phase2b/csplendor-phase2b-h3-on__Testing__Temporary__LastTest.log.gz	1763	c39aca597846adab9b9e9c9fc365dcc8824889f7a17cddf67dd66e09fea17e02
phase2b	CTestCostData.txt	/tmp/csplendor-phase2b-h4-payment-off/Testing/Temporary/CTestCostData.txt	66	f1e1b666990c5bb915ddc04d23a24f7c937a0bad4810227877adaf4aa45c24ab	doc/performance_experiments/raw/phase2b/csplendor-phase2b-h4-payment-off__Testing__Temporary__CTestCostData.txt.gz	83	269b50d4e82f12bbcd3c25f96c91468a317f9aafab965bca7b5a9e3e9699a89a
phase2b	LastTest.log	/tmp/csplendor-phase2b-h4-payment-off/Testing/Temporary/LastTest.log	1514	632360fd403eddbdba9b474408aa89bf1ef9326770001b2b509164bea65ae75d	doc/performance_experiments/raw/phase2b/csplendor-phase2b-h4-payment-off__Testing__Temporary__LastTest.log.gz	352	986711a8cbd7de482394728eb88d63c91ae64605d2a020b90bed2f046b65342b
phase2b	CTestCostData.txt	/tmp/csplendor-phase2b-h4-payment-on/Testing/Temporary/CTestCostData.txt	67	4770b2df7a5f1092913398ce4137c7b08389cdd75791c69e02baee0395b4c0d2	doc/performance_experiments/raw/phase2b/csplendor-phase2b-h4-payment-on__Testing__Temporary__CTestCostData.txt.gz	84	b21bdfa95c0758cfa79208101a779c7efa47dc6457cb46c01e8ef6937efc79bb
phase2b	LastTest.log	/tmp/csplendor-phase2b-h4-payment-on/Testing/Temporary/LastTest.log	1510	cf5a3ce4ddddaef06716f59f5dd312041f7e3ea6058307f8b863e2584f925a33	doc/performance_experiments/raw/phase2b/csplendor-phase2b-h4-payment-on__Testing__Temporary__LastTest.log.gz	351	b4b319cd3af6cc7b4e3bd6d0ac0f6b0f8a922f5a0a4d34667f567aa0954ba680
phase2b	CTestCostData.txt	/tmp/csplendor-phase2b-h4-return-asan/Testing/Temporary/CTestCostData.txt	1049	91ee19d2a6e3355cb3ae21c34dd9ccdf6a9bd2658f21504032941e3fad895167	doc/performance_experiments/raw/phase2b/csplendor-phase2b-h4-return-asan__Testing__Temporary__CTestCostData.txt.gz	459	602c4dd06fa19cf802c07d8bbb6d8fad0831da90302b3fb0b09bed91823db863
phase2b	LastTest.log	/tmp/csplendor-phase2b-h4-return-asan/Testing/Temporary/LastTest.log	20535	ceca9f560b021323bda72692ac93775721658a3135a85cccaf03354660ddb07a	doc/performance_experiments/raw/phase2b/csplendor-phase2b-h4-return-asan__Testing__Temporary__LastTest.log.gz	1821	f41e5b9bd579773c573cff9f16037c2bd44c702ccc7aa16e0986e6b7e1221568
phase2b	CTestCostData.txt	/tmp/csplendor-phase2b-h4-return-off/Testing/Temporary/CTestCostData.txt	1058	b94bf946841eea70cf6c86b77ff7965da2aedf3d4ead14c9b69558277d0636db	doc/performance_experiments/raw/phase2b/csplendor-phase2b-h4-return-off__Testing__Temporary__CTestCostData.txt.gz	452	fddcb9ff9a729a29530c3cfff101a448c8cd3435104d606a770e1e3b8813ab66
phase2b	LastTest.log	/tmp/csplendor-phase2b-h4-return-off/Testing/Temporary/LastTest.log	20469	d6b9c8a6ebaf670b521781953151117071f1d987feb49029b01dbc053f65b8cb	doc/performance_experiments/raw/phase2b/csplendor-phase2b-h4-return-off__Testing__Temporary__LastTest.log.gz	1766	50d7a74029d4638a1bdd1e2d511261a2bff588729191d2eae815611e429fcdbc
phase2b	CTestCostData.txt	/tmp/csplendor-phase2b-h4-return-on/Testing/Temporary/CTestCostData.txt	1056	bf3068a8c6120cea26859bbaf73cf94d4f5fd054c013b495b2959ed326c94a94	doc/performance_experiments/raw/phase2b/csplendor-phase2b-h4-return-on__Testing__Temporary__CTestCostData.txt.gz	448	4339bb325a0b6424a1f5f318d39f5efee050bbd4124f27859c7606b3c612fad1
phase2b	LastTest.log	/tmp/csplendor-phase2b-h4-return-on/Testing/Temporary/LastTest.log	20403	d7f775fb373b4fb4ab3f85de1e75ae5ab24123c7583a59d42f3664f6d4c2bc8f	doc/performance_experiments/raw/phase2b/csplendor-phase2b-h4-return-on__Testing__Temporary__LastTest.log.gz	1761	b9e3733ec3b7d80bba80d06319956eaef23d6e64b3c587a67eceb9e46ad2d67b
phase2b	CTestCostData.txt	/tmp/csplendor-phase2b-h4-return-tsan/Testing/Temporary/CTestCostData.txt	1031	a608b0c7ad41be4e75bb97aca14e5ac20ea2f615e570f51ba62a81db34628215	doc/performance_experiments/raw/phase2b/csplendor-phase2b-h4-return-tsan__Testing__Temporary__CTestCostData.txt.gz	458	8ed03461bb8afc37d887a26835ab45ea5491468f434b9660baba0fc39326e656
phase2b	LastTest.log	/tmp/csplendor-phase2b-h4-return-tsan/Testing/Temporary/LastTest.log	20559	d2acea957ec1b18e569f6ecb8ca161911fccae38a459553753a43e3dff46ac46	doc/performance_experiments/raw/phase2b/csplendor-phase2b-h4-return-tsan__Testing__Temporary__LastTest.log.gz	1859	458ca8d1964a4f917d0666d9b0b807582c52d665b69c136e2132093fcd0dbb0b
phase2b	CTestCostData.txt	/tmp/csplendor-phase2b-h5-asan/Testing/Temporary/CTestCostData.txt	1052	af39f48101da50c88d44f12039ffd7e47d1bb48257617213d2535ce64378931d	doc/performance_experiments/raw/phase2b/csplendor-phase2b-h5-asan__Testing__Temporary__CTestCostData.txt.gz	456	ec2272fb5f98ecdd1c847cfbcded10b052f02f11fb809de7bd409b6a5145650d
phase2b	LastTest.log	/tmp/csplendor-phase2b-h5-asan/Testing/Temporary/LastTest.log	20073	1850404e11286db3c8fe5ea23598ebf7bdbc10cc9caa19656f47d4cbd1e3f745	doc/performance_experiments/raw/phase2b/csplendor-phase2b-h5-asan__Testing__Temporary__LastTest.log.gz	1824	fe6a8aae6f9b4493168e6324f94c4390c932af1da85f1e8dee8585c09afd26ff
phase2b	CTestCostData.txt	/tmp/csplendor-phase2b-h5-packed-off/Testing/Temporary/CTestCostData.txt	1062	fec32293c2d144d3ad9891db75f11e863f6397fbcd6e570ec82bbb4d94e9dd47	doc/performance_experiments/raw/phase2b/csplendor-phase2b-h5-packed-off__Testing__Temporary__CTestCostData.txt.gz	452	1d3fbeb58a0c2e7855110039e09f5136baff025b58724ad1af1713c5633cb41b
phase2b	LastTest.log	/tmp/csplendor-phase2b-h5-packed-off/Testing/Temporary/LastTest.log	20469	df8d8c957b372d517be15f7929b2c18e07ffc8fa490472c644cc9d13a477fc6d	doc/performance_experiments/raw/phase2b/csplendor-phase2b-h5-packed-off__Testing__Temporary__LastTest.log.gz	1805	38636c65015beb77cb9a5ddd2b38349c103c98cbe84ca9bde86f876c321d9bc2
phase2b	CTestCostData.txt	/tmp/csplendor-phase2b-h5-packed-on/Testing/Temporary/CTestCostData.txt	1061	b99388a0cff7b2347f97696225ba578ebc937c484783d54cfd19a71f7c3cffa9	doc/performance_experiments/raw/phase2b/csplendor-phase2b-h5-packed-on__Testing__Temporary__CTestCostData.txt.gz	461	18be61d22193cae0acb5973e2433bf1e36fc0d1ddd87d8721b8dfcd2d09a595d
phase2b	LastTest.log	/tmp/csplendor-phase2b-h5-packed-on/Testing/Temporary/LastTest.log	20403	d13f029e1a0088c5be3f9ba3b74a0095fdb3332121cfdfd54626a92a0f955abc	doc/performance_experiments/raw/phase2b/csplendor-phase2b-h5-packed-on__Testing__Temporary__LastTest.log.gz	1810	cdaebe574afbae4f03ebdcfcae2ac359601773e450c04d99efa0d064d6ddca67
phase2b	CTestCostData.txt	/tmp/csplendor-phase2b-h5-tsan/Testing/Temporary/CTestCostData.txt	1035	02f98cb740fc79f74764c03c7c67e51b4a0dc02316b9af8c3fa7b4d4d7f00cbf	doc/performance_experiments/raw/phase2b/csplendor-phase2b-h5-tsan__Testing__Temporary__CTestCostData.txt.gz	462	0e4ea9d34e6762a173bd863f63c3add4ba85ebc13e5161d18424a08d442ffbee
phase2b	LastTest.log	/tmp/csplendor-phase2b-h5-tsan/Testing/Temporary/LastTest.log	20097	18e9f00b1584814f90fb9368e2ce20593416133ccb7555014441afb9a4a27325	doc/performance_experiments/raw/phase2b/csplendor-phase2b-h5-tsan__Testing__Temporary__LastTest.log.gz	1838	3830907628fe466cb8013adc645e4b1d7ca2fbace15bd7cc2daa866c2a7400cd
phase3a	CTestCostData.txt	/tmp/csplendor-phase3a-all-off/Testing/Temporary/CTestCostData.txt	1064	ec2c45318c8ab2c5981f3934035540b8159535c79cfb8b70ba51d303537d009a	doc/performance_experiments/raw/phase3a/csplendor-phase3a-all-off__Testing__Temporary__CTestCostData.txt.gz	457	2540aab3313b6f94a9bed881fd71899bcc7c94109396bd773cc7c32871fba6d5
phase3a	LastTest.log	/tmp/csplendor-phase3a-all-off/Testing/Temporary/LastTest.log	20073	53590caa6509e3ea7f90a83ea481fb2c2bb0096a59da7d326415633c3fe4237d	doc/performance_experiments/raw/phase3a/csplendor-phase3a-all-off__Testing__Temporary__LastTest.log.gz	1811	1094a394e871a5aa8d6a4cf99ca0b43b51eb7f6358fedefdbb6ac68ee573968f
phase3a	CTestCostData.txt	/tmp/csplendor-phase3a-all-on/Testing/Temporary/CTestCostData.txt	1060	3b3272047ac71b0d38505fd1e3c4fbacdbb5bc6cd5aa22adae90dc1a8c822047	doc/performance_experiments/raw/phase3a/csplendor-phase3a-all-on__Testing__Temporary__CTestCostData.txt.gz	453	4f943a0e577c675382d0f67c981915c0925c2695045301aba8c84eb036c62503
phase3a	LastTest.log	/tmp/csplendor-phase3a-all-on/Testing/Temporary/LastTest.log	871	77f0cd0f5429e8b3654fb63013650afc1ff8850e2b2d366a9daf160d8d451238	doc/performance_experiments/raw/phase3a/csplendor-phase3a-all-on__Testing__Temporary__LastTest.log.gz	279	eec4597a6e51b464a868bd2718dae8eb900c5dff00bf49bf7ab61f78c4484f15
phase3a	CTestCostData.txt	/tmp/csplendor-phase3a-asan/Testing/Temporary/CTestCostData.txt	1053	980c2c821bbae75593852b0c3e59719ea829b915190f65abaa0ae890148d771f	doc/performance_experiments/raw/phase3a/csplendor-phase3a-asan__Testing__Temporary__CTestCostData.txt.gz	459	faf026e79d4763422906f3d9af2afbb66eaec6e82aa7e6f758e45d2fb08fe63d
phase3a	LastTest.log	/tmp/csplendor-phase3a-asan/Testing/Temporary/LastTest.log	19875	b64728634bdf3f002ea060975be8a5cfdb65a16736a43bcbc51f370a916e73c3	doc/performance_experiments/raw/phase3a/csplendor-phase3a-asan__Testing__Temporary__LastTest.log.gz	1844	66831b463d932842699f3a9535ba37f410678c65d84474509d4667f5fb7b106f
phase3a	LastTestsFailed.log	/tmp/csplendor-phase3a-asan/Testing/Temporary/LastTestsFailed.log	735	dac1efe0fca28325a2ede9db42f47f5341c4d136c54f6013fc2057b4497f87a4	doc/performance_experiments/raw/phase3a/csplendor-phase3a-asan__Testing__Temporary__LastTestsFailed.log.gz	338	1b4f3e1e337fc884dd00aa6284373b1504b8b3e15c0bbc4ebd219e2ec062ff4a
phase3a	CTestCostData.txt	/tmp/csplendor-phase3a-card-off/Testing/Temporary/CTestCostData.txt	40	36494624bd82fcee67125a5ba0402ac4801ada6fbffab121ff24aa963efd7278	doc/performance_experiments/raw/phase3a/csplendor-phase3a-card-off__Testing__Temporary__CTestCostData.txt.gz	60	d3e7a68d09f4df976ebc69f893fcf8b3f015f24a8ed6ac1f2b3e0293a4e2412e
phase3a	LastTest.log	/tmp/csplendor-phase3a-card-off/Testing/Temporary/LastTest.log	875	f153a2213345cad25cd12fcb8921364c855d897a391690e42fc54fdcfa512d5f	doc/performance_experiments/raw/phase3a/csplendor-phase3a-card-off__Testing__Temporary__LastTest.log.gz	280	160671df16c126a8531b1e500a001b6a6cf4b359919d32d665a4f061a75f875c
phase3a	CTestCostData.txt	/tmp/csplendor-phase3a-card-on/Testing/Temporary/CTestCostData.txt	40	64330015e19c4e4eae8d384cfe9f0ae27dab21f69dd6cdc24b374a6cf33982ec	doc/performance_experiments/raw/phase3a/csplendor-phase3a-card-on__Testing__Temporary__CTestCostData.txt.gz	60	e33b92145f9f490fd0bd669b0b77a0a257d350b21a704c6c7f4f88462895aff5
phase3a	LastTest.log	/tmp/csplendor-phase3a-card-on/Testing/Temporary/LastTest.log	873	2404f86d32db0009bec63a785dc0e8f02f4085e661a62c23def2eead8a24c23f	doc/performance_experiments/raw/phase3a/csplendor-phase3a-card-on__Testing__Temporary__LastTest.log.gz	280	7e6734a175ce5cf1e0b5de58a1779b0911fe2c6cf81be3aadb559a076cef67e3
phase3a	CTestCostData.txt	/tmp/csplendor-phase3a-compact-off/Testing/Temporary/CTestCostData.txt	40	b6f6c36fa638295cde0bddfb42dec415a5d31be41de3703ffbe8dcd86c260ade	doc/performance_experiments/raw/phase3a/csplendor-phase3a-compact-off__Testing__Temporary__CTestCostData.txt.gz	60	dcaf783b5b0527f89edfa83971f3dc1b00428cc41baed4f5a59c2cf17a753421
phase3a	LastTest.log	/tmp/csplendor-phase3a-compact-off/Testing/Temporary/LastTest.log	881	7b375808d1d791b862b30b1f0dde1c2623ce9aaf9ad0db5aabe7c03d7b29e016	doc/performance_experiments/raw/phase3a/csplendor-phase3a-compact-off__Testing__Temporary__LastTest.log.gz	280	1d81b412c2de9326a3afc38d86b5ecd06dc8e236fbc30a47d5cf110100b10a30
phase3a	CTestCostData.txt	/tmp/csplendor-phase3a-compact-on/Testing/Temporary/CTestCostData.txt	40	e788b1e3776f35856165ea3860d75a7b72d7a2749fa1d9c609ec6bc85f31736f	doc/performance_experiments/raw/phase3a/csplendor-phase3a-compact-on__Testing__Temporary__CTestCostData.txt.gz	60	946654633ff6e3e2e12565de442097b2846b8034ef4b21ce271e7ca5d126feff
phase3a	LastTest.log	/tmp/csplendor-phase3a-compact-on/Testing/Temporary/LastTest.log	879	3714fd13f77da32541560704f3660dec814c819dbbcd6158bf42f67e67aa421f	doc/performance_experiments/raw/phase3a/csplendor-phase3a-compact-on__Testing__Temporary__LastTest.log.gz	279	84f131b96b3865e72a70d032aedbe3e1464ba6fd1ebb1f17241e76b0de2329d6
phase3a	CTestCostData.txt	/tmp/csplendor-phase3a-path-off/Testing/Temporary/CTestCostData.txt	40	4b92db3e8dc26fe04f87bc04e2969bc5cef6e104102e3164d071d3f1e51881e8	doc/performance_experiments/raw/phase3a/csplendor-phase3a-path-off__Testing__Temporary__CTestCostData.txt.gz	60	07639a15ee9cdd04598951615730b8163134c827b0c91a3401162ed192e4728e
phase3a	LastTest.log	/tmp/csplendor-phase3a-path-off/Testing/Temporary/LastTest.log	875	380996ac844de9faf182ba71521b1fa4422a597a494e12ef2447f47d8db74fb3	doc/performance_experiments/raw/phase3a/csplendor-phase3a-path-off__Testing__Temporary__LastTest.log.gz	280	381144b9289792d147b831609ed338224a52a4d40ce22776ca8fe855b244f95d
phase3a	LastTestsFailed.log	/tmp/csplendor-phase3a-path-off/Testing/Temporary/LastTestsFailed.log	26	0e5412901035dbcb405be1b6860c128df17dad7a6fbb005c6050f13f76c6f103	doc/performance_experiments/raw/phase3a/csplendor-phase3a-path-off__Testing__Temporary__LastTestsFailed.log.gz	46	add4c781c349f3286e43d4b75fd8d90f0c1cf3fd82c2a473ad55882b28021f5a
phase3a	CTestCostData.txt	/tmp/csplendor-phase3a-path-on/Testing/Temporary/CTestCostData.txt	40	c70c3c79c61f3e69031d0d165896906dea3144b0e717e666b9aeb2f7bc8621ba	doc/performance_experiments/raw/phase3a/csplendor-phase3a-path-on__Testing__Temporary__CTestCostData.txt.gz	60	649759a29014bc0ad9c0c3d754fffb81d37fdb248abfaf420f9a98cdb1463fd5
phase3a	LastTest.log	/tmp/csplendor-phase3a-path-on/Testing/Temporary/LastTest.log	873	2b77f7e39085c71f3c0e819fc83c9fb7eaa7f6431ddaf6e5ca6f61fa30e4556d	doc/performance_experiments/raw/phase3a/csplendor-phase3a-path-on__Testing__Temporary__LastTest.log.gz	278	7faf3b4f3bb0a3c5f6643827c7b10be8d73ef73ccdb19ead2527ba833faa6486
phase3a	CTestCostData.txt	/tmp/csplendor-phase3a-reason-off/Testing/Temporary/CTestCostData.txt	39	f8918dadd96087e2b2375dc6c3459775932b31e4342f5ad02fbf8f1840cf7dbf	doc/performance_experiments/raw/phase3a/csplendor-phase3a-reason-off__Testing__Temporary__CTestCostData.txt.gz	59	f5074a9c19a154e39a0c62f59abe65a2264f84ca7dcd41b8698a003730e631e0
phase3a	LastTest.log	/tmp/csplendor-phase3a-reason-off/Testing/Temporary/LastTest.log	879	00e44ad1c417cc53a4774ab598bdaf9e1ce0c676e84f52bf34f6c459900bd266	doc/performance_experiments/raw/phase3a/csplendor-phase3a-reason-off__Testing__Temporary__LastTest.log.gz	281	dddaf6f037be41cc301f3df924b618c8c8fb9c498aef3e0de6eab916440c05e3
phase3a	CTestCostData.txt	/tmp/csplendor-phase3a-reason-on/Testing/Temporary/CTestCostData.txt	40	5152de9d012917926364a651f3b497361cc476a8a3eaa9fad58c5883a4a1077d	doc/performance_experiments/raw/phase3a/csplendor-phase3a-reason-on__Testing__Temporary__CTestCostData.txt.gz	60	9679ea230e1b0619284652d696e01c0f2b13ab86697af6248dda5cf260cb6a67
phase3a	LastTest.log	/tmp/csplendor-phase3a-reason-on/Testing/Temporary/LastTest.log	877	6d0abada2bc0d22bf312f26a77d52163453bdcc9f9f64bd653f636634486eeb6	doc/performance_experiments/raw/phase3a/csplendor-phase3a-reason-on__Testing__Temporary__LastTest.log.gz	280	b913e9df981e695de133e728e789f6d10227232f53b6eb9a0304e1e6e094322a
phase3a	CTestCostData.txt	/tmp/csplendor-phase3a-tsan/Testing/Temporary/CTestCostData.txt	1033	7c44842d597caf6561d011b70e21607aed6297ee98571638ecd5ce86fcdfac23	doc/performance_experiments/raw/phase3a/csplendor-phase3a-tsan__Testing__Temporary__CTestCostData.txt.gz	455	24b018e87a225be75d9742ba4fd069333114d1d025b26d41816d4dd01405a4c1
phase3a	LastTest.log	/tmp/csplendor-phase3a-tsan/Testing/Temporary/LastTest.log	19899	182db650b293ba92eff472b1253c50051ae971ecfc44905257c563f3521fd9ba	doc/performance_experiments/raw/phase3a/csplendor-phase3a-tsan__Testing__Temporary__LastTest.log.gz	1879	78ae1d0d69f47e4c71aad922d3d8f31e3eae241959de30067d893dd29ad918a7
exploratory	csplendor-reveal-baseline.json	/tmp/csplendor-reveal-baseline.json	1813	ace4ae4cca92dc10a63d2e5becdea23163bf042183a843d7ea3047ae6b1061eb	doc/performance_experiments/raw/exploratory/csplendor-reveal-baseline.json.gz	380	f3b2d06c029506e38a0c69462532ded13be53b16c9e71d04666ce3c7c6374186
exploratory	csplendor-reveal-candidate-hash.json	/tmp/csplendor-reveal-candidate-hash.json	3162	9f3c6b854268be2a0bf513813f763bec496ea59d2a7e5be2bc105426f8bfcb10	doc/performance_experiments/raw/exploratory/csplendor-reveal-candidate-hash.json.gz	442	09ce74d1b98d145b5212cb3b343688da5fc66330f455fee057fe6c7bf8f7eadb
exploratory	csplendor-reveal-candidate-reserve.json	/tmp/csplendor-reveal-candidate-reserve.json	3162	e734f2c45324ddc3053862101242e1b9d429c865cf320098f6ef7fb9560d2607	doc/performance_experiments/raw/exploratory/csplendor-reveal-candidate-reserve.json.gz	438	3e5e52614f14d3b9e523bda88879fa9e9ac9cb4f92a5111878d760efb838e3a7
exploratory	csplendor-reveal-candidate-vector-path.json	/tmp/csplendor-reveal-candidate-vector-path.json	3166	a49772fb0a08010736411b13357d630c5d8d0ae3781cf27ace2d15289969303b	doc/performance_experiments/raw/exploratory/csplendor-reveal-candidate-vector-path.json.gz	442	8d5ad7f68875252ffe29fd35ba8ec50e30a3db40aa545b8f928af26073905975
exploratory	csplendor-reveal-final-notime.json	/tmp/csplendor-reveal-final-notime.json	3165	1be7c593fd271d04d42cc151ad2a61ede4c9d9016c48339c890a225d9f35f2c6	doc/performance_experiments/raw/exploratory/csplendor-reveal-final-notime.json.gz	443	3118ffc62a32b416b2deadbec32b9d2cf82e85b3b93d79aa4d8ce94fcb0daeb3
exploratory	csplendor-reveal-fixednodes-timecheck-1.json	/tmp/csplendor-reveal-fixednodes-timecheck-1.json	2147	def2b1f000151506004a8d7b7a612281af3a76cdae984551a947e97fd5143fe4	doc/performance_experiments/raw/exploratory/csplendor-reveal-fixednodes-timecheck-1.json.gz	371	67e93633caf0e3ccd0550633cb8705f09637fe44c874a0139ec8cdf4d89207bc
exploratory	csplendor-reveal-fixednodes-timecheck-64.json	/tmp/csplendor-reveal-fixednodes-timecheck-64.json	2146	51d5d660065d4b1787829201b5a3bb6a87189484db0af7db11184a053bffdb6b	doc/performance_experiments/raw/exploratory/csplendor-reveal-fixednodes-timecheck-64.json.gz	369	62fa8918070e324c882551ebf24c12ed0fa22c80985473487051ca95c5399262
exploratory	csplendor-reveal-interleaved-baseline.json	/tmp/csplendor-reveal-interleaved-baseline.json	3163	654dcc384ac363a084faca14858e623a139fe9c7a8273bbd0b1c5adb8ab1a5b8	doc/performance_experiments/raw/exploratory/csplendor-reveal-interleaved-baseline.json.gz	447	35b04101e721144fd3d9fea807f718cac0c3714bebe2471471bdc920722b0403
exploratory	csplendor-reveal-interleaved-candidate.json	/tmp/csplendor-reveal-interleaved-candidate.json	3164	1039423a49f87e1739f6c363b7f7838a53ee673e206e48ed8ebdcf5c5c734477	doc/performance_experiments/raw/exploratory/csplendor-reveal-interleaved-candidate.json.gz	450	ccb4b9db583a9dd6612001e3141823dd8385e8993db44e1f34ea6158cf92863d
exploratory	csplendor-reveal-timecheck-256.json	/tmp/csplendor-reveal-timecheck-256.json	1810	aafd8e6d1e5f48abdae2a8745d3bc3eb6fcf05d7a547534b5f1f1607797652ed	doc/performance_experiments/raw/exploratory/csplendor-reveal-timecheck-256.json.gz	444	59abefce6b14c4dd03082e7a56bb3614eaf62c8c0e8c253575022d88e858293f
exploratory	csplendor-reveal-timecheck-64.json	/tmp/csplendor-reveal-timecheck-64.json	1810	de8b8fb23c4cf1d7fafb59e4082abbc66f9bb505872cac99d4c0767610d2dd92	doc/performance_experiments/raw/exploratory/csplendor-reveal-timecheck-64.json.gz	446	875069a01cfb9d5caed304aa8a08cf33c2325aa3a4ada6c89f05a997cbddd293
exploratory	csplendor-reveal-timecheck-every-node.json	/tmp/csplendor-reveal-timecheck-every-node.json	1810	e6bce83a8d1703b20410badabd421ee03aa9e334f7204e9584aa607adc9efa4b	doc/performance_experiments/raw/exploratory/csplendor-reveal-timecheck-every-node.json.gz	447	5e603740689e24d5e4e07f166bdf81623b51e3ea2a892282f3e6322c1b8d0105
exploratory	csplendor_hotpaths_all.jsonl	/tmp/csplendor_hotpaths_all.jsonl	22944	d6a0f997e0d8f7a85533bda740d9fdea9a51c1196a68586aa311dc3fe34082cc	doc/performance_experiments/raw/exploratory/csplendor_hotpaths_all.jsonl.gz	2459	6b658cbc019cfe7eb2b082b80b5c576e66e6eb2c4a1beed9c77a3a17d4543441
exploratory	csplendor_hotpaths_all_final.jsonl	/tmp/csplendor_hotpaths_all_final.jsonl	22949	7ff14521b9409e6fdaeb0a0821006803fdb59cd1c9db0b6c32de1d2a559264db	doc/performance_experiments/raw/exploratory/csplendor_hotpaths_all_final.jsonl.gz	2473	dedfaae6f666a449b54a0002286f3901b3c73bacd64b496339c2f806a7ab1eac
phase0	csplendor_phase0_clang_diff.patch	/tmp/csplendor_phase0_clang_diff.patch	0	e3b0c44298fc1c149afbf4c8996fb92427ae41e4649b934ca495991b7852b855	doc/performance_experiments/raw/phase0/csplendor_phase0_clang_diff.patch.gz	20	f61f27bd17de546264aa58f40f3aafaac7021e0ef69c17f6b1b4cd7664a037ec
phase0	csplendor_phase0_clang_diff_final.patch	/tmp/csplendor_phase0_clang_diff_final.patch	0	e3b0c44298fc1c149afbf4c8996fb92427ae41e4649b934ca495991b7852b855	doc/performance_experiments/raw/phase0/csplendor_phase0_clang_diff_final.patch.gz	20	f61f27bd17de546264aa58f40f3aafaac7021e0ef69c17f6b1b4cd7664a037ec
phase0	csplendor_phase0_clang_full.out	/tmp/csplendor_phase0_clang_full.out	13486	40f1d4adbf3e5740a6e0e53010f3bc8e22eda242f83fabd6e9a44f06ef4a3ac4	doc/performance_experiments/raw/phase0/csplendor_phase0_clang_full.out.gz	1918	25726e8ab0d724f510175d8526b99fe30d3125590bc80e143f635844724d7f6f
phase0	csplendor_phase0_mcts_01_exact_core.csv	/tmp/csplendor_phase0_mcts_01_exact_core.csv	971	7205552386b1816e8d3b692b701691071d7c8c996c629e9f807b11d9b52736a0	doc/performance_experiments/raw/phase0/csplendor_phase0_mcts_01_exact_core.csv.gz	453	7151eb5358eccd74aed5f8df747c6c2cd894e8c5bb2902b763acab8248051973
phase0	csplendor_phase0_mcts_02_determinized_core.csv	/tmp/csplendor_phase0_mcts_02_determinized_core.csv	979	c0889a35aef02bcaa11bbb8d9d9066e36015680fb1631b7d52da9664f4c6d76d	doc/performance_experiments/raw/phase0/csplendor_phase0_mcts_02_determinized_core.csv.gz	469	de8b4eaa32497b052a9365e9d77a9066e96a6ea0325877e809159dad2a5b4e64
phase0	csplendor_phase0_mcts_03_batch1_latency50.csv	/tmp/csplendor_phase0_mcts_03_batch1_latency50.csv	377	e3d01d98841b588d36a6d2ea0bc7e96eec4ebedb0cc86658be527bb403fb4768	doc/performance_experiments/raw/phase0/csplendor_phase0_mcts_03_batch1_latency50.csv.gz	231	cc05b2452ed8db159ede2b1f58e1f68bd016228f1522376385cea9232f56cd5d
phase0	csplendor_phase0_mcts_04_batch64_latency250_determinized.csv	/tmp/csplendor_phase0_mcts_04_batch64_latency250_determinized.csv	412	8e38471f3bff92716583151abc58909d1540e13376df617c6a67024f4e23e846	doc/performance_experiments/raw/phase0/csplendor_phase0_mcts_04_batch64_latency250_determinized.csv.gz	256	9893f169e3571f182b232871e57dbf1143cb694a578eecc4c1c0d72d2e0d0e29
phase0	csplendor_phase0_mcts_05_latency1000.csv	/tmp/csplendor_phase0_mcts_05_latency1000.csv	404	b26c06bc1403e744323edc4d126c003536913744fde78bbeacd2590505083bcc	doc/performance_experiments/raw/phase0/csplendor_phase0_mcts_05_latency1000.csv.gz	250	28f8ce6d6e8fb6d04f6f06be020cc29f7129280f1bfbf21af7fabef8a8fbcfda
phase0	csplendor_phase0_mcts_06_adjusted_40000_determinized.csv	/tmp/csplendor_phase0_mcts_06_adjusted_40000_determinized.csv	415	e4891018e38889ba019c5f8214339e0de6195ee3a6aa083587407ad6dbc40757	doc/performance_experiments/raw/phase0/csplendor_phase0_mcts_06_adjusted_40000_determinized.csv.gz	245	506f453f4723c0eabd7006a8f6b0b26094d082929c0aff3b30b9d87c71821892
phase0	csplendor_phase0_mcts_06_long_65536_determinized.csv	/tmp/csplendor_phase0_mcts_06_long_65536_determinized.csv	213	87e197b7cc85f18a5b79634a5a4c707e09b3740af4ea6664d0c920e1dfea5d08	doc/performance_experiments/raw/phase0/csplendor_phase0_mcts_06_long_65536_determinized.csv.gz	159	6b0e1979714c054f2c99aaef19f8750c55b75f14b65da9a92fc7ff7ffbaa50cb
phase0	csplendor_phase0_mcts_06_long_65536_determinized.stderr	/tmp/csplendor_phase0_mcts_06_long_65536_determinized.stderr	67	cd0ad009463ff412c06df3232869f71ca972e22469884a0d6d0be3b002a4f0b5	doc/performance_experiments/raw/phase0/csplendor_phase0_mcts_06_long_65536_determinized.stderr.gz	78	742bb18873fd34bdff2119ae88e8480ba417df647fe4a04640e7be786a3d5ec9
phase0	csplendor_phase0_mcts_06a_long_coarse_65536_determinized.csv	/tmp/csplendor_phase0_mcts_06a_long_coarse_65536_determinized.csv	147	6ae7dc511c3a8b0f81cefbf115ebb2bcc28eb542d1acfe086156c8e210dec36b	doc/performance_experiments/raw/phase0/csplendor_phase0_mcts_06a_long_coarse_65536_determinized.csv.gz	118	9f1ff7a8b21a4bd639bba5be60feae42b02261506a98ddc56d92215731369762
phase0	csplendor_phase0_mcts_06b_long_sharded_65536_determinized.csv	/tmp/csplendor_phase0_mcts_06b_long_sharded_65536_determinized.csv	147	6ae7dc511c3a8b0f81cefbf115ebb2bcc28eb542d1acfe086156c8e210dec36b	doc/performance_experiments/raw/phase0/csplendor_phase0_mcts_06b_long_sharded_65536_determinized.csv.gz	118	9f1ff7a8b21a4bd639bba5be60feae42b02261506a98ddc56d92215731369762
phase0	csplendor_phase0_mcts_06c_long_root_65536_determinized.csv	/tmp/csplendor_phase0_mcts_06c_long_root_65536_determinized.csv	147	6ae7dc511c3a8b0f81cefbf115ebb2bcc28eb542d1acfe086156c8e210dec36b	doc/performance_experiments/raw/phase0/csplendor_phase0_mcts_06c_long_root_65536_determinized.csv.gz	118	9f1ff7a8b21a4bd639bba5be60feae42b02261506a98ddc56d92215731369762
phase0	csplendor_phase0_mcts_06d_probe_coarse_65535.csv	/tmp/csplendor_phase0_mcts_06d_probe_coarse_65535.csv	147	6ae7dc511c3a8b0f81cefbf115ebb2bcc28eb542d1acfe086156c8e210dec36b	doc/performance_experiments/raw/phase0/csplendor_phase0_mcts_06d_probe_coarse_65535.csv.gz	118	9f1ff7a8b21a4bd639bba5be60feae42b02261506a98ddc56d92215731369762
phase0	csplendor_phase0_mcts_06e_probe_coarse_65536_batch1024.csv	/tmp/csplendor_phase0_mcts_06e_probe_coarse_65536_batch1024.csv	147	6ae7dc511c3a8b0f81cefbf115ebb2bcc28eb542d1acfe086156c8e210dec36b	doc/performance_experiments/raw/phase0/csplendor_phase0_mcts_06e_probe_coarse_65536_batch1024.csv.gz	118	9f1ff7a8b21a4bd639bba5be60feae42b02261506a98ddc56d92215731369762
phase0	csplendor_phase0_mcts_06f_probe_coarse_65536_exact.csv	/tmp/csplendor_phase0_mcts_06f_probe_coarse_65536_exact.csv	147	6ae7dc511c3a8b0f81cefbf115ebb2bcc28eb542d1acfe086156c8e210dec36b	doc/performance_experiments/raw/phase0/csplendor_phase0_mcts_06f_probe_coarse_65536_exact.csv.gz	118	9f1ff7a8b21a4bd639bba5be60feae42b02261506a98ddc56d92215731369762
phase0	harness-review-all-self.json	/tmp/harness-review-all-self.json	1529869	fb6ccb6b0dbaca5f418d48cb52986937671054de3d736ec419349d8320c71642	doc/performance_experiments/raw/phase0/harness-review-all-self.json.gz	53878	ba5d05f3cb0af5ea749b3d1044c15c1e66ba73582135eb126704fc6b83ff6f88
phase0	harness-review-all.json	/tmp/harness-review-all.json	559099	c01b8b2b4e6fcc8f1360df82f441e603d1767ed2011ca77a6ba42fda4289a880	doc/performance_experiments/raw/phase0/harness-review-all.json.gz	17879	9b6581d604cbe0e7192e043aaeb918931903e5ddb9ebe3f934aca3407f910a05
phase0	harness-review-final-smoke.json	/tmp/harness-review-final-smoke.json	32177	bd33df20cc5859c96e64ad65b117b9bb791fb73bfe3f81f791b3b31679a1d5bc	doc/performance_experiments/raw/phase0/harness-review-final-smoke.json.gz	6396	b20c1be8a68d971b4f46d9789b28e5d9b619a7aec389d38849c8cb130fa1bd25
phase0	harness-review-instrumented.json	/tmp/harness-review-instrumented.json	45404	a627dee35508fb2ef356a95caa7f26591d7bf7558ef938691859a7fd6480a9c9	doc/performance_experiments/raw/phase0/harness-review-instrumented.json.gz	7269	f175637d10dffdd07b237fd126b8fc0789e557404b82a5f801c43399855f549a
phase0	harness-review-parallel-self-1t.json	/tmp/harness-review-parallel-self-1t.json	138656	894a645e5f5ed277c5dae1e4651c709677f502657ab65e65956a117cee678598	doc/performance_experiments/raw/phase0/harness-review-parallel-self-1t.json.gz	9890	e88ef79b1491dde815e95c1b7b3ad8c8328e3448524dc6bb2ee664a06f5b7412
phase0	harness-review-parallel-self.json	/tmp/harness-review-parallel-self.json	139192	022ac39ad51f87a4bd2566dabcbdceb22a776e2d7f665f5ee94b456a60e757eb	doc/performance_experiments/raw/phase0/harness-review-parallel-self.json.gz	11606	0c68cb071ba9504005c25c00157a8f536056f76c5cb48c7fcf6f87d1215f0914
phase0	hot_instr.jsonl	/tmp/hot_instr.jsonl	15738	d09e1e0d59f5ee216226ba0a61b816b84f7ddc1dbe14579bdea6e143cdd0e98c	doc/performance_experiments/raw/phase0/hot_instr.jsonl.gz	2130	386247b67469a365cf8658fd808cd434c79b939c1b28f2cf6365a2eb522b20bb
phase0	hot_instr_norm.jsonl	/tmp/hot_instr_norm.jsonl	4132	bc994c1781c6163764a697dafc3a9d7d7a52275ed06edbccbc8e7459b371cc45	doc/performance_experiments/raw/phase0/hot_instr_norm.jsonl.gz	760	d553ff72bbf7c70c664f22c0476b50dcea812f2be0ed775f8a5b461001badae5
phase0	hot_release.jsonl	/tmp/hot_release.jsonl	4565	44f71f004030e48aae7164150f5a2e69f3fd3ad09ff60ed45bab57b07d8e4c92	doc/performance_experiments/raw/phase0/hot_release.jsonl.gz	1104	f717fbb7e445a991157384bc54db46f40000c99b7fe16a400a00f3ec7465a5bf
phase0	hot_release_norm.jsonl	/tmp/hot_release_norm.jsonl	4132	bc994c1781c6163764a697dafc3a9d7d7a52275ed06edbccbc8e7459b371cc45	doc/performance_experiments/raw/phase0/hot_release_norm.jsonl.gz	760	d553ff72bbf7c70c664f22c0476b50dcea812f2be0ed775f8a5b461001badae5
phase0	hotpaths_all20.jsonl	/tmp/hotpaths_all20.jsonl	20972	2167b07c12e0b5cf597727fff21efa8654424460717d80cc88ce7f8c9a8c2aba	doc/performance_experiments/raw/phase0/hotpaths_all20.jsonl.gz	2315	b682a429a1caa84aa9092b7486103d292e47fc2fb9bfef5c5fdd43426134e876
phase0	hotpaths_five.jsonl	/tmp/hotpaths_five.jsonl	5099	e1a6078fbb2b3e5d5976c88c7cb3344757b76e5821cccd7f0a0540b035ee3e6a	doc/performance_experiments/raw/phase0/hotpaths_five.jsonl.gz	921	2d33fe16e2b5b35b338f5908c78eb3f3ea61b07045e28fe60d32cc9c1b84a570
phase0	hotpaths_instrumented.jsonl	/tmp/hotpaths_instrumented.jsonl	4495	03d897f154fdaea4c0da3212b4839de5873f48668968ceeb6982384056493861	doc/performance_experiments/raw/phase0/hotpaths_instrumented.jsonl.gz	1263	3c7b002e7edfff70f02c997a14c0405f801a85812ad7e4294df73e61e9651064
phase0	hotpaths_instrumented_reveal.jsonl	/tmp/hotpaths_instrumented_reveal.jsonl	5472	1f97095434e2d2e263bfda23c80b64284cb20e47be6dadb0c5a116a544bf98f9	doc/performance_experiments/raw/phase0/hotpaths_instrumented_reveal.jsonl.gz	1347	eee18c8d59d5dff61066b11d3640b61cd04ada0fc4c59a73cc6b940d6ee8f021
phase0	hotpaths_midgame.jsonl	/tmp/hotpaths_midgame.jsonl	15110	3c65c5cd63040c468c0f8569c079324a254f72ce71b4b4c3fe078ecfc30d322d	doc/performance_experiments/raw/phase0/hotpaths_midgame.jsonl.gz	1805	f04831cc14385696601089dd6016d785cc964a53c2b3a4ca62cfb411725310f7
phase0	mcts_matrix_midgame250_01_exact_latency0.csv	/tmp/mcts_matrix_midgame250_01_exact_latency0.csv	970	cee8491c3f0d7ed35d65f7fb4180116a8afcc064bdd85bb7d3994291a4df639b	doc/performance_experiments/raw/phase0/mcts_matrix_midgame250_01_exact_latency0.csv.gz	455	711fb33ef29a0a646c3803fffdf0d2424f1ef62796a117b6cb85521583dc1545
phase0	mcts_matrix_midgame250_02_determinized_latency0.csv	/tmp/mcts_matrix_midgame250_02_determinized_latency0.csv	970	03bb9d013de586df8077b2b4d76bfb6df92f76f8e3687c7b40fb34af164a78dc	doc/performance_experiments/raw/phase0/mcts_matrix_midgame250_02_determinized_latency0.csv.gz	466	d38ad019762ed5b4ad0a9268cc4945658a468bd6617b7bc554daa7b0ba8afff3
phase0	mcts_matrix_midgame250_03_exact_batch1_latency50.csv	/tmp/mcts_matrix_midgame250_03_exact_batch1_latency50.csv	377	1483c1351f112422e59c93c289c5c6cb18067cb73ae62c53355f1562b0eba5a3	doc/performance_experiments/raw/phase0/mcts_matrix_midgame250_03_exact_batch1_latency50.csv.gz	225	b507a5fb56d6e187cd587326063f0191b1a4ce12f0c3461105d61684c2a63459
phase0	mcts_matrix_midgame250_04_determinized_batch64_latency250.csv	/tmp/mcts_matrix_midgame250_04_determinized_batch64_latency250.csv	409	ee54d65276886ed8538255b73490b5b10f993747cae86b543eb5d639e8ad145e	doc/performance_experiments/raw/phase0/mcts_matrix_midgame250_04_determinized_batch64_latency250.csv.gz	256	344fe3fadadaaaaf654dbcec9018813338353920361164094d586e3df7102892
phase0	mcts_matrix_midgame250_05_exact_threads8_latency1000.csv	/tmp/mcts_matrix_midgame250_05_exact_threads8_latency1000.csv	403	550d7c962f9d49b645740425172d4dfec17d764b8f1847a821a706c038352ae7	doc/performance_experiments/raw/phase0/mcts_matrix_midgame250_05_exact_threads8_latency1000.csv.gz	240	7071862cd4113fe9399e24a0bf93c1839bd7813ae2d1a3e4319ec94974f4d33e
phase0	mcts_matrix_midgame250_06_determinized_40000.csv	/tmp/mcts_matrix_midgame250_06_determinized_40000.csv	413	49174a123520315be823108f4e3571f720aed49564eb39d98f4c325dedd25580	doc/performance_experiments/raw/phase0/mcts_matrix_midgame250_06_determinized_40000.csv.gz	242	0cecd523482c08a29087a3f66f3348e440f83cdee525108de3a8f6ed2f87ae60
phase0	mcts_matrix_midgame250_combined.csv	/tmp/mcts_matrix_midgame250_combined.csv	2807	938ef2eba88fd5dabc650e7bd60f02ece7c0327b15a623c6c03fa02d3440363c	doc/performance_experiments/raw/phase0/mcts_matrix_midgame250_combined.csv.gz	1111	687b350368d4814683f8ff9c6e74939a9ba85e1d51a52636d1c018567f9b5499
phase0	mcts_matrix_midgame250_fixture_verification.jsonl	/tmp/mcts_matrix_midgame250_fixture_verification.jsonl	865	f67cefa362cb34891b8df78fbdd50a8951d0f745bf9c512a9d5d21e266694c7f	doc/performance_experiments/raw/phase0/mcts_matrix_midgame250_fixture_verification.jsonl.gz	466	0a723ffc037eb13dc367ea7fa8e58976e380d2cb4fb3fb654220aff669320dae
phase0	mcts_retained_final_01_legacy_fresh.jsonl	/tmp/mcts_retained_final_01_legacy_fresh.jsonl	1784	c96259bbec2c77e43dbfed9eff68c5da22eb5c7181f8be1cd150dcb29fc83f0f	doc/performance_experiments/raw/phase0/mcts_retained_final_01_legacy_fresh.jsonl.gz	837	ce1cf4222b61a7940e42446c161d9ef6aed1dc7d70d1dc32cac6b7670eaa52db
phase0	mcts_retained_final_02_legacy_retained.jsonl	/tmp/mcts_retained_final_02_legacy_retained.jsonl	1786	54549c2ff7e188b45881421b91e480d2b49d5c9516db9557c5950f2c07fc15a8	doc/performance_experiments/raw/phase0/mcts_retained_final_02_legacy_retained.jsonl.gz	844	98b87b822d5ff3b1fcf4badb078b6511b509f9509dfc17b4bc2120c6eac4ed1c
phase0	mcts_retained_final_03_reveal_heavy_fresh.jsonl	/tmp/mcts_retained_final_03_reveal_heavy_fresh.jsonl	1965	33b0265600111cae69441ab102092580dea484ee11de8ea3b18ee91454fd80d2	doc/performance_experiments/raw/phase0/mcts_retained_final_03_reveal_heavy_fresh.jsonl.gz	898	097dc726a540a8828824e98f0695dfb4961a3e8ec6d5fdc4be0b6946be13dc36
phase0	mcts_retained_final_04_reveal_heavy_retained.jsonl	/tmp/mcts_retained_final_04_reveal_heavy_retained.jsonl	1966	b4589b1dac863c50cf999775dbf6ae49ff4e9beb0b6de411e4bce0e3775d8f43	doc/performance_experiments/raw/phase0/mcts_retained_final_04_reveal_heavy_retained.jsonl.gz	904	c51fa414a3ebdfc8e06156451fdd378e383ee7c2fa64182e5761e74bbc1ebd3c
phase0	mcts_retained_final_05_hidden_reserve_fresh.jsonl	/tmp/mcts_retained_final_05_hidden_reserve_fresh.jsonl	2003	2c06f94d774cdfa660940359b0c50e44f546ae6f279cde95d0e6c305bf94fd52	doc/performance_experiments/raw/phase0/mcts_retained_final_05_hidden_reserve_fresh.jsonl.gz	937	8573b5355dc1cd2abce40c32c6364598eb51cb3606429dbef76bf48ce74e0eb6
phase0	mcts_retained_final_06_hidden_reserve_retained.jsonl	/tmp/mcts_retained_final_06_hidden_reserve_retained.jsonl	2004	3fb513b54974b089540531efa927925319dc44a626d65770c8a16e4936d7f8a6	doc/performance_experiments/raw/phase0/mcts_retained_final_06_hidden_reserve_retained.jsonl.gz	944	d5bf418b0e7de3c9fa6590c567f3a9930b87804eae7ba3e75a2fd8a8a7fad271
phase0	mcts_retained_final_all.jsonl	/tmp/mcts_retained_final_all.jsonl	11508	9f948e66d7787a7f47005ae732e21df85e9fe23737b98ebcf7aa8bff2277815d	doc/performance_experiments/raw/phase0/mcts_retained_final_all.jsonl.gz	1913	5571df57a7e52c8799bc6ee305fdc57912fbce47f51fb085b0e0297720a328d5
phase0	mcts_retained_final_combined.csv	/tmp/mcts_retained_final_combined.csv	875	89af3b54514bdc2f6fafaf7f69dac5e56be354c02ed066d1f39143065e3d07a3	doc/performance_experiments/raw/phase0/mcts_retained_final_combined.csv.gz	431	688b8443a208bfcfd41d35e4d40e0d59ce37bb0aa470107fe82dd00fb815dc6b
phase0	native_probe_current.json	/tmp/native_probe_current.json	983	2d26eb148667d30891bbbd2ed9b0efe30f311866f0fbb2a430fb807cc6296d36	doc/performance_experiments/raw/phase0/native_probe_current.json.gz	371	38253241dca545eed28f0ace2e3fb9d6ba8610a74796f31384f8e9cb0849894d
phase0	parallel_scheduler_instrumented.jsonl	/tmp/parallel_scheduler_instrumented.jsonl	4229	bf74e4ad8c5c1a1a5dfa65f5f704b05a020e77f6fa7c07a3be106baf3cc187db	doc/performance_experiments/raw/phase0/parallel_scheduler_instrumented.jsonl.gz	1466	b93bf55cafb008d8698f7d98292bbf6492a3f73ca0b6473e2b6b42c01a15417e
phase0	phase0-candidate.text	/tmp/phase0-candidate.text	715370	7f7d4f12de84bad205aa5733888b73c97716c0a65800bcf9ed81837e2f4178d2	doc/performance_experiments/raw/phase0/phase0-candidate.text.gz	326323	34a67b45cd025cc777026d3bc88b0bfdd9e94c177440c6701a44ece2a209eb28
phase0	phase0-driver-smoke.csv	/tmp/phase0-driver-smoke.csv	402	529a1402c712cdbe1ec44c07b808fb780b95347f8fa07e1006e38ae41d059a47	doc/performance_experiments/raw/phase0/phase0-driver-smoke.csv.gz	216	cb34e4b4e96c86eb5643a7568d57291fe0a8926a56dbc9ff0686b6090c48824f
phase0	phase0-driver-smoke.json	/tmp/phase0-driver-smoke.json	35935	f4eb2124ff85f2d6bec7c7bd45e3d9ac1254e686a697ea92819d689de15ad5ce	doc/performance_experiments/raw/phase0/phase0-driver-smoke.json.gz	6513	923e584bcba8115a4a14a1c7cf1e165a5691aa15dd2071a91ad118ebee8ae461
phase0	gmon.sum	/tmp/phase0-gprof-combined/gmon.sum	362468	3f4f48512b75f99d9d79dbcd90a61206e2d1fa56ec770a2ecc535eaa4c7dfee8	doc/performance_experiments/raw/phase0/phase0-gprof-combined__gmon.sum.gz	6555	33e35c06e3f887f1f99d0875179f541778fb9bbd8c83755e47f7c9d5912c7d5f
phase0	gmon.out	/tmp/phase0-gprof-mcts-legacy/gmon.out	357869	77fe8e3d01300a81e8993e36945db8398e11a45b730d637315e7bd51531ff31a	doc/performance_experiments/raw/phase0/phase0-gprof-mcts-legacy__gmon.out.gz	3109	d43cd133518ee52f55e2678adb05df8ce7fd4a3624f35ce695d592f919c8dc4d
phase0	gmon.out	/tmp/phase0-gprof-mcts-scheduler/gmon.out	362909	65509f29a5cb0bf590cb57ddb4681a505b4d73ae2e97da6dfaba6d9459f3167c	doc/performance_experiments/raw/phase0/phase0-gprof-mcts-scheduler__gmon.out.gz	4096	c142375722c8ba09485b4450d2c72e7bb4ab437ed872bb4ebdc67cab781d46e3
phase0	gmon.out	/tmp/phase0-gprof-mcts-shared/gmon.out	357974	5e4c9ef99e6e89be7fe87ce47ac873d8956867774066c411f7d4bf102acc4248	doc/performance_experiments/raw/phase0/phase0-gprof-mcts-shared__gmon.out.gz	3029	6a88db5db313323aa4198e7fd2f80ca30c0797843df9b12a5c037d0d6b4b7968
phase0	gmon.out	/tmp/phase0-gprof-rules/gmon.out	363455	143239a8771fa65949e4ad55ad9576799436666689d584a16b8d01f277810f2e	doc/performance_experiments/raw/phase0/phase0-gprof-rules__gmon.out.gz	5072	ec7e59528591b469fbd01e3394a666856a41901a2feee02bce0aa89066f26e78
phase0	gmon.out	/tmp/phase0-gprof-solver-exact/gmon.out	361922	e19b22fd5e4781ce59ddf752ef32b1ba6c6834df217a711c3e3efec362cae9d4	doc/performance_experiments/raw/phase0/phase0-gprof-solver-exact__gmon.out.gz	4759	bcc9a8d87649091b2cb08644deacdacfa00ea9e9b9aace287d09a2d8f79ef4e1
phase0	gmon.out	/tmp/phase0-gprof-solver-key/gmon.out	357680	b2fc71b5ddc37d792c97b71876b93feb9b9b39caa0fe7f9be3d3b420324a326c	doc/performance_experiments/raw/phase0/phase0-gprof-solver-key__gmon.out.gz	2623	eadbda88e74e6401e742eace80eda42d90a1058391e51bafe719f921e58b0b3d
phase0	gmon.out	/tmp/phase0-gprof-solver-tt/gmon.out	357134	1deb96e12fe25c66e4c9b05a3f3275980afeb6c64072732eb2329c2e565eb2fd	doc/performance_experiments/raw/phase0/phase0-gprof-solver-tt__gmon.out.gz	2774	04adf25448b7fe04bb312670ba65be52588819d0c7c3266e7969dfbca6f4436e
phase0	gmon.out	/tmp/phase0-gprof-solver-visible/gmon.out	359906	c536331753fa2f515fbf3124427d14399662cbd199e570f0c93f6b7a25edc2b1	doc/performance_experiments/raw/phase0/phase0-gprof-solver-visible__gmon.out.gz	3845	1fba9d5f6bf8ca91a60efed9a7129a6691d1727d5a7e5d53d11d6bea52b01e46
phase0	phase0-layout-reference.json	/tmp/phase0-layout-reference.json	1554	457870ddbe32a934599099aba609df5cec346d918066e44b1b14592118aaae4d	doc/performance_experiments/raw/phase0/phase0-layout-reference.json.gz	748	2d2744ed3de274302866eb83bc634239c5c6340f9f5b8dced8fcf0a4bc7edd88
phase0	phase0-paired-smoke.json	/tmp/phase0-paired-smoke.json	89725	720cfc0be0b774215230ab0b11203ffeee449d087649d7aaab391a4bd363b895	doc/performance_experiments/raw/phase0/phase0-paired-smoke.json.gz	7569	9ab5d2eda89742c38138578fb333123437dc450cf2a102568f51ac0007367e64
phase0	phase0-reference.text	/tmp/phase0-reference.text	715370	7f7d4f12de84bad205aa5733888b73c97716c0a65800bcf9ed81837e2f4178d2	doc/performance_experiments/raw/phase0/phase0-reference.text.gz	326323	34a67b45cd025cc777026d3bc88b0bfdd9e94c177440c6701a44ece2a209eb28
phase0	phase0-smoke.json	/tmp/phase0-smoke.json	12806	5343d8525e47808d3bf075cd294eb5a2c5971215f5ada563af13da88c44d566f	doc/performance_experiments/raw/phase0/phase0-smoke.json.gz	3638	c4442f0ddb43e65fec30dada93d8b1b68da9a99ade39b4eea57580d8c7cb4ddf
phase0	phase0_baseline_20260901.csv	/tmp/phase0_baseline_20260901.csv	4553	140368d952abbd8201841bfee97f037d473ca57244502efa48c73a74c27eaa20	doc/performance_experiments/raw/phase0/phase0_baseline_20260901.csv.gz	2312	b8de375bbae0093910192ddf6d2d5b93e398148f1cb99217952f22b4c0d26ecb
phase0	phase0_baseline_20260901.json	/tmp/phase0_baseline_20260901.json	3374246	0f69f3ae01b462ad4d39b197ee62bec37bee61a77c1637bc9aaebcd6dcaca3d8	doc/performance_experiments/raw/phase0/phase0_baseline_20260901.json.gz	212951	102cb9405767f08636a033004d34e2f1010fbcc8e45bf9e8861ba4e2375ddc2b
phase0	phase0_baseline_slot_20260902.csv	/tmp/phase0_baseline_slot_20260902.csv	4549	5260e3321f7bef95687a826dc2dd40d9f7eb49d39d894e069e87b82d6b470032	doc/performance_experiments/raw/phase0/phase0_baseline_slot_20260902.csv.gz	2330	715681d1ed3ff4d9cdee63b25b72657c949a299d604c93332c9379ae1cfe2f67
phase0	phase0_baseline_slot_20260902.json	/tmp/phase0_baseline_slot_20260902.json	4754390	f19dc4bf855d161e98e4fa64b9192a9ccce53e954231284accec7942c184ec98	doc/performance_experiments/raw/phase0/phase0_baseline_slot_20260902.json.gz	243014	c4c39286ef73dfc200d7e48200543e99846fdead5d01d8ecdd9d721f7051d0c5
phase0	phase0_baseline_slot_final_20260902.csv	/tmp/phase0_baseline_slot_final_20260902.csv	4560	dd3ac1475152fd6fa7a3192fdc4358f586c55fdabf5aaf375a1e26e541968782	doc/performance_experiments/raw/phase0/phase0_baseline_slot_final_20260902.csv.gz	2348	d647c1aa291c53cd0945e4e21855b59db9e2dc419fdfb3fddd88befab7922f5a
phase0	phase0_baseline_slot_final_20260902.json	/tmp/phase0_baseline_slot_final_20260902.json	4901469	8b73a50e70144ea9c0472914de04d9fcec6887a9d939c2689cf89d6a6c61d694	doc/performance_experiments/raw/phase0/phase0_baseline_slot_final_20260902.json.gz	248284	cb22a24b33c0ca6c2b0daebe52a584c913f023f29545666dea7ca80a298ee646
phase0	phase0_compact_evidence_test.json	/tmp/phase0_compact_evidence_test.json	1227731	e6302c865d16f238b270cb2d05c35cfb903b9b055220f8ce8447613680d2dc86	doc/performance_experiments/raw/phase0/phase0_compact_evidence_test.json.gz	72444	fbc7a0e99ac1a298e4a27db21af6e25ae9395576e4afa1cc1bd5719618af7869
phase0	phase0_native_probe_20260902.json	/tmp/phase0_native_probe_20260902.json	983	2d26eb148667d30891bbbd2ed9b0efe30f311866f0fbb2a430fb807cc6296d36	doc/performance_experiments/raw/phase0/phase0_native_probe_20260902.json.gz	371	38253241dca545eed28f0ace2e3fb9d6ba8610a74796f31384f8e9cb0849894d
phase0	phase0_paired_evidence_regenerated.json	/tmp/phase0_paired_evidence_regenerated.json	1336924	d088be4f790be0e733a2e6c39f09f096793432b286dba52daf3fb11849f27841	doc/performance_experiments/raw/phase0/phase0_paired_evidence_regenerated.json.gz	80999	18c4bf790ae83795333e6adadbab79e196abb97ca17d09bf384b616a4739501d
phase0	phase0_shared_identical_audit_20260902.csv	/tmp/phase0_shared_identical_audit_20260902.csv	409	55d5706a5c5b68109b33073aab172b078a5b775398dec5db46e12a6d2de41640	doc/performance_experiments/raw/phase0/phase0_shared_identical_audit_20260902.csv.gz	253	fa49149853f39be88259ce313563040d24b71c3a07ceb1df82184cf78b51728d
phase0	phase0_shared_identical_audit_20260902.json	/tmp/phase0_shared_identical_audit_20260902.json	209726	10ab38559a5337fbe2082d2a9bcc147ccf7d0b712b1a3d84778830b911647364	doc/performance_experiments/raw/phase0/phase0_shared_identical_audit_20260902.json.gz	10771	83280713bdf88c62a8efe6ce77a1249009c1e2c70f5a9852fcd06f6ada83f36a
phase0	phase0_shared_repeat.csv	/tmp/phase0_shared_repeat.csv	408	cd1da991e35c08763d7b08e298fa06a114a8c586bbe2931a1dd3b1832ad41667	doc/performance_experiments/raw/phase0/phase0_shared_repeat.csv.gz	248	31eb04e83fdf4866d4b0bfaddf87270a937b2a209ed4b71de794e5d908c0f3cc
phase0	phase0_shared_repeat.json	/tmp/phase0_shared_repeat.json	147614	38329cf025f6609dcbc113bae85a056eb8ce7318980d00948ee02f94e6277809	doc/performance_experiments/raw/phase0/phase0_shared_repeat.json.gz	10014	d3eab568d0e359f877e24d4735c28406d5fa61e619b358625876a20e81296adf
phase0	phase0_shared_slot_audit_20260902.csv	/tmp/phase0_shared_slot_audit_20260902.csv	406	7aad4550a060075cb4c24611203091265baaf5cb7106d503936849371cc2c67c	doc/performance_experiments/raw/phase0/phase0_shared_slot_audit_20260902.csv.gz	252	14081e2607f7073d5dc7e8648164cc4317096642b22f3cc82ff4032e2811d544
phase0	phase0_shared_slot_audit_20260902.json	/tmp/phase0_shared_slot_audit_20260902.json	211079	8abafd4f444e8ae6f234c783967437ad6ed811f60851539e2ca558a9e045863b	doc/performance_experiments/raw/phase0/phase0_shared_slot_audit_20260902.json.gz	11303	5793de6691ab98adbaba253a47f0beb700502cc625d12f29adf185910deef145
phase0	phase0_shared_slot_audit_30_20260902.csv	/tmp/phase0_shared_slot_audit_30_20260902.csv	407	4d1a63d152e6de46d8ac129983350d6ea94c8af1960230f5579b8bdf08b444c9	doc/performance_experiments/raw/phase0/phase0_shared_slot_audit_30_20260902.csv.gz	252	af2fb86581fb2a893f9bffc6a70bd6360ac0e3be56ced62b854675fe752b3dea
phase0	phase0_shared_slot_audit_30_20260902.json	/tmp/phase0_shared_slot_audit_30_20260902.json	274783	2c1002bd1f6bb89da02f22fff5b4af0f5015c963b1e77a924237e5dea754faad	doc/performance_experiments/raw/phase0/phase0_shared_slot_audit_30_20260902.json.gz	12887	e36bd51a027e303df6b81ee47b81ef40981ce7e211222de7a09401755c3ce8b1
phase0	phase0_shared_swapped.csv	/tmp/phase0_shared_swapped.csv	409	348ed10b7be4ee958f0839dcbc295d3bc7db644f9493ba14a1791af0fb6900e3	doc/performance_experiments/raw/phase0/phase0_shared_swapped.csv.gz	252	c8a4ab5a798fc52f93e8589d69c585b4e68491e8e10edfe9f44f4273ec5f2272
phase0	phase0_shared_swapped.json	/tmp/phase0_shared_swapped.json	94023	411502a97a4c086335484ad913663dc07b426f8cf36921b757f5441e6c02bf23	doc/performance_experiments/raw/phase0/phase0_shared_swapped.json.gz	8471	a9fc4d6aed5c5d5f6a3d6c49efde2074f8a6050d468dd91317ac97cad0f9420b
phase1a	phase1a-layout-off.json	/tmp/phase1a-layout-off.json	1554	9c1052029987ed9fbb08a2278f618748bdc5d0512d308d6df102480c8ea71b86	doc/performance_experiments/raw/phase1a/phase1a-layout-off.json.gz	746	005d9575022c04a3a618d29b940b6caecc99a43a6b0eedb31fa256a733c77534
phase1a	phase1a-layout-on.json	/tmp/phase1a-layout-on.json	1554	b87392080177b7b46eae1962cacc0a52075c4650529df714b1b6d598eb4deaa9	doc/performance_experiments/raw/phase1a/phase1a-layout-on.json.gz	749	83c7f9e9100f976fb88c72bf64c28c7be22242ecdfdd66d01ce76959b0f7a31b
phase1a	phase1a-rss-off-1.json	/tmp/phase1a-rss-off-1.json	1272	6454cf510e2e42d066bab4efe1098ec8e2ff534ec137cb79dcdb33996caa1dc2	doc/performance_experiments/raw/phase1a/phase1a-rss-off-1.json.gz	628	fb667a09eacdb7810566448af1e6a8848e9385062f566099fc50bf7ed94f2163
phase1a	phase1a-rss-off-10.json	/tmp/phase1a-rss-off-10.json	1272	ceffff6aa3d036193990e66db6e0bcc0226267e91e2afaec5caacb4c19d151f5	doc/performance_experiments/raw/phase1a/phase1a-rss-off-10.json.gz	628	9571f1ca568079ef8699da100dbc3de10422c5483bbe3b5bbb7b757fddeae34a
phase1a	phase1a-rss-off-11.json	/tmp/phase1a-rss-off-11.json	1272	0e841838ac4b4a9e1a4297038515764631aa3cbe43cb031caeb1ec5d91a4acce	doc/performance_experiments/raw/phase1a/phase1a-rss-off-11.json.gz	629	c0cb66290eb5469e77d55cb9d9f64e4f068ff42e10cd365197d56df588cab659
phase1a	phase1a-rss-off-2.json	/tmp/phase1a-rss-off-2.json	1272	c2a394d2229d7ee48f936f1b3b4fc9f6971cbb7bb5a9c6a669419abdd535425a	doc/performance_experiments/raw/phase1a/phase1a-rss-off-2.json.gz	630	ca7857f73c1f57e00de84d48bb6f7d0475e4e21e3e41544dd51565f0e197570c
phase1a	phase1a-rss-off-3.json	/tmp/phase1a-rss-off-3.json	1272	6070fd11bfc21ca89e640439e12b4f0408164042762039aa7be8e66c35415f0b	doc/performance_experiments/raw/phase1a/phase1a-rss-off-3.json.gz	629	3da4f614806b338f3206a68e18f07b122ba061efbe317cd35620645c44c19d27
phase1a	phase1a-rss-off-4.json	/tmp/phase1a-rss-off-4.json	1272	96554f2fa65f4b1563da6cb9101c9f2d49025557d2d5b79194e8792bb498ab2d	doc/performance_experiments/raw/phase1a/phase1a-rss-off-4.json.gz	629	094bb9d06981be41a1fd4ccc829a8da6e8119b9b519b916366f9433cbe107b82
phase1a	phase1a-rss-off-5.json	/tmp/phase1a-rss-off-5.json	1272	9901e6908238e27c29e67f0e4a37c3f56e094cacc63d8a1eede20b766ef0bf13	doc/performance_experiments/raw/phase1a/phase1a-rss-off-5.json.gz	629	f9efa413d0e4c9aa386b37480aebbcdecc43b3b50169510aab0e2fad39c9961e
phase1a	phase1a-rss-off-6.json	/tmp/phase1a-rss-off-6.json	1272	7557509b43acda63c4d97f14e4950d81ba0ddb25782fafc9ef772aaefb4fb9ac	doc/performance_experiments/raw/phase1a/phase1a-rss-off-6.json.gz	629	cd1dfc0c42b8d980b3f8c9eeab0779a9c5c0d7cca49b6e03b384fd98ac100de7
phase1a	phase1a-rss-off-7.json	/tmp/phase1a-rss-off-7.json	1271	8bf67e109176e432180161471220375e28fbd859f66045116ef5136fa0d79f31	doc/performance_experiments/raw/phase1a/phase1a-rss-off-7.json.gz	628	a87abde2b3981645ce8eca44c3aed7a26eb46145617ea5222b3c26deeff6a773
phase1a	phase1a-rss-off-8.json	/tmp/phase1a-rss-off-8.json	1272	1e2cba3c409b955dc043f4b03a3ea8f9585600b26c05f6fc6b359b8a25021fff	doc/performance_experiments/raw/phase1a/phase1a-rss-off-8.json.gz	629	b6a1cc37a4bf865e8c58872651ccd124a9ffa22858940555b7b6fa5531119f25
phase1a	phase1a-rss-off-9.json	/tmp/phase1a-rss-off-9.json	1272	75dc6f8ab76f887c15363047ae8d51add5ad7825bdb092e913f16bf551c75028	doc/performance_experiments/raw/phase1a/phase1a-rss-off-9.json.gz	628	c04076e04fb92a8a57d701ff73439bf705099f4c770383e01331e7e900a97e60
phase1a	phase1a-rss-on-1.json	/tmp/phase1a-rss-on-1.json	1272	94d0f862d12dab10ea293396c0448bf1a40454c79ce84dd71f8106c05a531d70	doc/performance_experiments/raw/phase1a/phase1a-rss-on-1.json.gz	629	7cd449011d603145324eb6268949763863997788f0a1471e3f1b6017b91a702b
phase1a	phase1a-rss-on-10.json	/tmp/phase1a-rss-on-10.json	1272	32897d11b5d974eb0c08c04205a004a6816801c156878c7b569ba0eb67f9b109	doc/performance_experiments/raw/phase1a/phase1a-rss-on-10.json.gz	630	866a6fd922d50ff31ff069ebdb011bc77404e86dd4161503ded0203a6de32b8f
phase1a	phase1a-rss-on-11.json	/tmp/phase1a-rss-on-11.json	1272	e1d5db1db2515931d406b11eabee383fa3e9f0866514b1d1096d6e14fbb8ddf1	doc/performance_experiments/raw/phase1a/phase1a-rss-on-11.json.gz	629	032265377caeadc30f195341794b7e91a9962da0bd56e12fb05a06474ed5581d
phase1a	phase1a-rss-on-2.json	/tmp/phase1a-rss-on-2.json	1272	785acf8ac80c08902d7f570a5c0d23658350348e7da5e1f13b71f9e668f4c244	doc/performance_experiments/raw/phase1a/phase1a-rss-on-2.json.gz	629	56761f742fe7298d0ac63f96b55e447b69c14ccdb5bdf739c13ddbcbb4a8deca
phase1a	phase1a-rss-on-3.json	/tmp/phase1a-rss-on-3.json	1272	ac8963f97fd40ff046a0010128a9a3e610438039ba67e05d21762a71671d57ca	doc/performance_experiments/raw/phase1a/phase1a-rss-on-3.json.gz	629	d6c16bfa1617bf7ac471ecc38596ec11de296e9e6311e8a4fb91dfcbdb570b29
phase1a	phase1a-rss-on-4.json	/tmp/phase1a-rss-on-4.json	1272	66d82bb6c3541885c692d23fef37727d69af2c36ceb1cd6aec2437dca9411674	doc/performance_experiments/raw/phase1a/phase1a-rss-on-4.json.gz	630	ec5ae6f0b48c7c6cdba85a425fc544795e6c922d5ac025f8614d3ca802911e4c
phase1a	phase1a-rss-on-5.json	/tmp/phase1a-rss-on-5.json	1272	cda6d258ecf2e408055ca91e1d253bd1ce5ec5e1be076599a98a0453a3776fe5	doc/performance_experiments/raw/phase1a/phase1a-rss-on-5.json.gz	630	7cdb4635c8e4d2d163b2a6a656a1e987dc5e36f1afdab2b3089054facec63867
phase1a	phase1a-rss-on-6.json	/tmp/phase1a-rss-on-6.json	1272	9718136e16a57b6379f73c58db38c6342ee8087dbcba2dff75cb8f6ba74ee888	doc/performance_experiments/raw/phase1a/phase1a-rss-on-6.json.gz	629	7c8a3dd99efa5b6de6806f6c4538dc751e66debe32daa4bab7c0b98c5f10b9f1
phase1a	phase1a-rss-on-7.json	/tmp/phase1a-rss-on-7.json	1272	c1d4043884643743238a0dd518d927bda92f0dbbc4a9bf6bd434bea0f8c2a421	doc/performance_experiments/raw/phase1a/phase1a-rss-on-7.json.gz	630	773e085c10c301027bbd7208848d79c74d4fb18c0088ee114d6d012ecaaba3ba
phase1a	phase1a-rss-on-8.json	/tmp/phase1a-rss-on-8.json	1272	ccdb19d94c283b3805d19ff131a21e68927ac23d7a1005dc84a448077c46658d	doc/performance_experiments/raw/phase1a/phase1a-rss-on-8.json.gz	629	4a090c8c88e59d02d2d74ab1a62908c4e166d4532c2dede1eb712953db2c22e2
phase1a	phase1a-rss-on-9.json	/tmp/phase1a-rss-on-9.json	1272	7ed5fa52972565f7f19122c3d50e88c5f8bea10f3798e12e73fd479f4d15b65b	doc/performance_experiments/raw/phase1a/phase1a-rss-on-9.json.gz	630	8a975ca4552e6fc98a717286bb95829d0ba81d3f9b330eb7b64a6180dd5de72b
phase1a	phase1a-time-opt-off-1.txt	/tmp/phase1a-time-opt-off-1.txt	6	ae002ab87c577d64bf5ee393e2a5578999c813c744672ab1f702224af9fc3fd9	doc/performance_experiments/raw/phase1a/phase1a-time-opt-off-1.txt.gz	26	dce338f1282c70592ffcda6cc231bab59bebb79eb563d7efe764df0800520361
phase1a	phase1a-time-opt-off-2.txt	/tmp/phase1a-time-opt-off-2.txt	6	45126460d6600feb356033581feaea49b914ad304171fbd92ec179f55d05c618	doc/performance_experiments/raw/phase1a/phase1a-time-opt-off-2.txt.gz	26	bbdb33be2290386eb3bdec0c5e5cc7571c5d02ffa6b9a0d416e48753ec32b74c
phase1a	phase1a-time-opt-off-3.txt	/tmp/phase1a-time-opt-off-3.txt	6	ad99806cfa16a03593c6413f1277ef614bf50156daa7042fc891b71903bfaaa0	doc/performance_experiments/raw/phase1a/phase1a-time-opt-off-3.txt.gz	26	4cb8359f0cadac07aa8bf3096a6dc98828732ce4b7bc8c1116b4d9b734089e60
phase1a	phase1a-time-opt-off-4.txt	/tmp/phase1a-time-opt-off-4.txt	6	45126460d6600feb356033581feaea49b914ad304171fbd92ec179f55d05c618	doc/performance_experiments/raw/phase1a/phase1a-time-opt-off-4.txt.gz	26	bbdb33be2290386eb3bdec0c5e5cc7571c5d02ffa6b9a0d416e48753ec32b74c
phase1a	phase1a-time-opt-off-5.txt	/tmp/phase1a-time-opt-off-5.txt	6	45126460d6600feb356033581feaea49b914ad304171fbd92ec179f55d05c618	doc/performance_experiments/raw/phase1a/phase1a-time-opt-off-5.txt.gz	26	bbdb33be2290386eb3bdec0c5e5cc7571c5d02ffa6b9a0d416e48753ec32b74c
phase1a	phase1a-time-opt-off-6.txt	/tmp/phase1a-time-opt-off-6.txt	6	0e09cf08312bd70e6bd15901ce27858aab9baac1cc019a4ca15121f6189f87f8	doc/performance_experiments/raw/phase1a/phase1a-time-opt-off-6.txt.gz	26	b1c24fe525fa24abd858c21e37242346dddbbc9f2af1d43259fb8fa6eceda79d
phase1a	phase1a-time-opt-off-7.txt	/tmp/phase1a-time-opt-off-7.txt	6	270c1035475b3038bcaf0ac3692f0c68fd90c2e998f9455f21559905a0c6fcb0	doc/performance_experiments/raw/phase1a/phase1a-time-opt-off-7.txt.gz	26	8231a3b37180722b3ea5807adcbaa9a4c3a09cdbee257c50193fb6cfa72ed22b
phase1a	phase1a-time-opt-on-1.txt	/tmp/phase1a-time-opt-on-1.txt	6	45126460d6600feb356033581feaea49b914ad304171fbd92ec179f55d05c618	doc/performance_experiments/raw/phase1a/phase1a-time-opt-on-1.txt.gz	26	bbdb33be2290386eb3bdec0c5e5cc7571c5d02ffa6b9a0d416e48753ec32b74c
phase1a	phase1a-time-opt-on-2.txt	/tmp/phase1a-time-opt-on-2.txt	6	45126460d6600feb356033581feaea49b914ad304171fbd92ec179f55d05c618	doc/performance_experiments/raw/phase1a/phase1a-time-opt-on-2.txt.gz	26	bbdb33be2290386eb3bdec0c5e5cc7571c5d02ffa6b9a0d416e48753ec32b74c
phase1a	phase1a-time-opt-on-3.txt	/tmp/phase1a-time-opt-on-3.txt	6	45126460d6600feb356033581feaea49b914ad304171fbd92ec179f55d05c618	doc/performance_experiments/raw/phase1a/phase1a-time-opt-on-3.txt.gz	26	bbdb33be2290386eb3bdec0c5e5cc7571c5d02ffa6b9a0d416e48753ec32b74c
phase1a	phase1a-time-opt-on-4.txt	/tmp/phase1a-time-opt-on-4.txt	6	45126460d6600feb356033581feaea49b914ad304171fbd92ec179f55d05c618	doc/performance_experiments/raw/phase1a/phase1a-time-opt-on-4.txt.gz	26	bbdb33be2290386eb3bdec0c5e5cc7571c5d02ffa6b9a0d416e48753ec32b74c
phase1a	phase1a-time-opt-on-5.txt	/tmp/phase1a-time-opt-on-5.txt	6	86f471a386a5828a6aa2c6ece9a85a3e360ce85a063583feb25b8f96a51e7639	doc/performance_experiments/raw/phase1a/phase1a-time-opt-on-5.txt.gz	26	3431448cda6daeaf17b340c39d6fce69fd5bbb4e82c661c6cd458e565a204e8f
phase1a	phase1a-time-opt-on-6.txt	/tmp/phase1a-time-opt-on-6.txt	6	859eb404ff5e545741c9be8bd84437365207a8e4382e75ffc9e4379962122394	doc/performance_experiments/raw/phase1a/phase1a-time-opt-on-6.txt.gz	26	8271e2e5844e16b330518f8dfd7de2533b5cf80e1e10a163e8dd0b2a41f49694
phase1a	phase1a-time-opt-on-7.txt	/tmp/phase1a-time-opt-on-7.txt	6	974a8c38e96e1e1fb536bc7f39ac34fb85b071ae17b6b9eeb52cabe1d6dbcf02	doc/performance_experiments/raw/phase1a/phase1a-time-opt-on-7.txt.gz	26	a95b4707f91087126149413c68392054cbfe5b20ec6359253c1089640ad8dec2
phase1a	phase1a-time-par-off-1.txt	/tmp/phase1a-time-par-off-1.txt	5	91863b9f23d2d64646b27c322dd89c41efa5363c386fbffa6416471c45f8d2ee	doc/performance_experiments/raw/phase1a/phase1a-time-par-off-1.txt.gz	25	b68c18a71c330b98d903b4725241e567773220634132c707775fff265ebb26b0
phase1a	phase1a-time-par-off-2.txt	/tmp/phase1a-time-par-off-2.txt	5	7daf684bbd6befd0249313419fd418c57d4867e902dd13acf9df6763d3041942	doc/performance_experiments/raw/phase1a/phase1a-time-par-off-2.txt.gz	25	81b22792bf7c534942917df06af8da5251b572500194ac57f4728eba4214b8c7
phase1a	phase1a-time-par-off-3.txt	/tmp/phase1a-time-par-off-3.txt	5	e8e36f75ec8659f134619f982005f88805458ccf0db0af3f97788996e754c497	doc/performance_experiments/raw/phase1a/phase1a-time-par-off-3.txt.gz	25	be55488b8b309f76237bfaaea252c7ed8a93370261fdfd8229cf5c2093e8843f
phase1a	phase1a-time-par-off-4.txt	/tmp/phase1a-time-par-off-4.txt	5	8d43886f88ab96ebbfe2dbf27c48dedf5fbab31fdb9b9f7afdd3a220c7842801	doc/performance_experiments/raw/phase1a/phase1a-time-par-off-4.txt.gz	25	c7535dd7dc6f66f8fd1bee84a0a74d2585cc18aacae7207e64bf6096c53abb8c
phase1a	phase1a-time-par-off-5.txt	/tmp/phase1a-time-par-off-5.txt	5	8d43886f88ab96ebbfe2dbf27c48dedf5fbab31fdb9b9f7afdd3a220c7842801	doc/performance_experiments/raw/phase1a/phase1a-time-par-off-5.txt.gz	25	c7535dd7dc6f66f8fd1bee84a0a74d2585cc18aacae7207e64bf6096c53abb8c
phase1a	phase1a-time-par-off-6.txt	/tmp/phase1a-time-par-off-6.txt	5	8d43886f88ab96ebbfe2dbf27c48dedf5fbab31fdb9b9f7afdd3a220c7842801	doc/performance_experiments/raw/phase1a/phase1a-time-par-off-6.txt.gz	25	c7535dd7dc6f66f8fd1bee84a0a74d2585cc18aacae7207e64bf6096c53abb8c
phase1a	phase1a-time-par-off-7.txt	/tmp/phase1a-time-par-off-7.txt	5	a69c072e32692134b72f5635c7916ac14f19301dd2a3d485c63defb80dc41935	doc/performance_experiments/raw/phase1a/phase1a-time-par-off-7.txt.gz	25	983c714ee9860ad26091f9c1e27374252e67e3fbca1430b910c018df927c4f67
phase1a	phase1a-time-par-on-1.txt	/tmp/phase1a-time-par-on-1.txt	5	8d43886f88ab96ebbfe2dbf27c48dedf5fbab31fdb9b9f7afdd3a220c7842801	doc/performance_experiments/raw/phase1a/phase1a-time-par-on-1.txt.gz	25	c7535dd7dc6f66f8fd1bee84a0a74d2585cc18aacae7207e64bf6096c53abb8c
phase1a	phase1a-time-par-on-2.txt	/tmp/phase1a-time-par-on-2.txt	5	38a2d8e09151b949c59b2e7ba11db3994aa23ec7eef018557bfb07de9403e565	doc/performance_experiments/raw/phase1a/phase1a-time-par-on-2.txt.gz	25	8a54adfbf41f64f022c4e0208771544fcbd27f3afdc090bc4103a0c7a87b4565
phase1a	phase1a-time-par-on-3.txt	/tmp/phase1a-time-par-on-3.txt	5	7e85ec980b81ff0a60559bb1e277d36e74adf3ca9db261d0e9edbf0ce24edbb2	doc/performance_experiments/raw/phase1a/phase1a-time-par-on-3.txt.gz	25	43e7a4b28d75593628f396e5fd7e74e018777862f7bb1af285a3dff312f44ab2
phase1a	phase1a-time-par-on-4.txt	/tmp/phase1a-time-par-on-4.txt	5	4d1d88834ecfc88c4d66d78f507a510f179d77feed34192b63e7fbf8cc7ec5be	doc/performance_experiments/raw/phase1a/phase1a-time-par-on-4.txt.gz	25	858ad9dcfc436e0d32aaf115fb40e0b288e6d61e7b45e5a6a3829309570b27a0
phase1a	phase1a-time-par-on-5.txt	/tmp/phase1a-time-par-on-5.txt	5	1cdffe0aecec97b9e00f54f7f29e10fbdc53cee147a1e7394b87d41b6307a278	doc/performance_experiments/raw/phase1a/phase1a-time-par-on-5.txt.gz	25	4efaf832123dea8be417004bc3e90361bd79782529633ece4c6316622e0eff95
phase1a	phase1a-time-par-on-6.txt	/tmp/phase1a-time-par-on-6.txt	5	21df0809fc162daf1ad4540253ad97e5f8cfe0d872e07e813f577e918471b4e1	doc/performance_experiments/raw/phase1a/phase1a-time-par-on-6.txt.gz	25	af3e44661c3e5f149a6bdaaa6ceb21139d6c640e4b8412e838727b62971d63fb
phase1a	phase1a-time-par-on-7.txt	/tmp/phase1a-time-par-on-7.txt	5	941842f3c84a33e9d28019d88ba8d1212227e7246e8e035ee361916e2aee85d5	doc/performance_experiments/raw/phase1a/phase1a-time-par-on-7.txt.gz	25	472bd7c0db016a5efcacd95efe8785e631d6fd186172e862f4effc273e9def7f
phase1a	phase1a_apply_exact_pointer_quick.json	/tmp/phase1a_apply_exact_pointer_quick.json	62030	dd28508617abd4945c2eb7e9a60564b36d32e55247cab54472c5bd42480997f8	doc/performance_experiments/raw/phase1a/phase1a_apply_exact_pointer_quick.json.gz	7594	8b5f7ca2fd8fe4347cbd94b127927e9aead0d3b7befcbf7f174ec36aa4a3cbf0
phase1a	phase1a_apply_exact_quick_paired.json	/tmp/phase1a_apply_exact_quick_paired.json	62042	7c97160ba0a5796fc48cd4a728e046805d66b98be5ab819a87511a78cec20b3a	doc/performance_experiments/raw/phase1a/phase1a_apply_exact_quick_paired.json.gz	7615	5b5aefdfa158745c3ed03b8d3a0edc5efa9f6998d2afc082c78b908d05a4d238
phase1a	phase1a_determinized_legacy_20260902.json	/tmp/phase1a_determinized_legacy_20260902.json	251256	8b0ee57fe99594bb80bc04c42b8a49e2b3aa2c9d90cb789307a94c70d4f964c5	doc/performance_experiments/raw/phase1a/phase1a_determinized_legacy_20260902.json.gz	11734	b61108328d9dfff6d78c6d9b36ff2d97a15d5ce1672688585b70ac0c6666ce8f
phase1a	phase1a_determinized_legacy_final_20260902.json	/tmp/phase1a_determinized_legacy_final_20260902.json	251685	7ebe450e84dc42d5c344497e7504f7edb5e0fe2ebc72d834ed6c5eb260adb57c	doc/performance_experiments/raw/phase1a/phase1a_determinized_legacy_final_20260902.json.gz	11893	c33386c4ac5685234534c7c408c610d4efe693521b11b7ae80b0266f2f202661
phase1a	phase1a_differential_pre.json	/tmp/phase1a_differential_pre.json	1167	a24e2519ae8ef67e1bb4a9a4ede0c24f7749e2c52c6bc1fc63381fac6a627ad3	doc/performance_experiments/raw/phase1a/phase1a_differential_pre.json.gz	525	0a00750177455c50c13511bda5c3bd9e97c9384d17dbe0bd4fda9022c9852a55
phase1a	phase1a_legacy_pointer_quick.json	/tmp/phase1a_legacy_pointer_quick.json	73144	74f387f95a6e92c3365beac29a08f4c07b421ef8a49faa7818ab5b60fa4e97c7	doc/performance_experiments/raw/phase1a/phase1a_legacy_pointer_quick.json.gz	8113	6fc210cbdf3608d152d11a5103c5ee95ec7cb0738c1b918dc9721a71c6252320
phase1a	phase1a_legacy_quick_paired.json	/tmp/phase1a_legacy_quick_paired.json	73161	ba9e53664f6953a664ced3fdd9d11a3aa15217f34f400910e1d0d0fa6a567e1a	doc/performance_experiments/raw/phase1a/phase1a_legacy_quick_paired.json.gz	8120	5eeabf6fa32787592ea5f665402c3fc5a83481a392354bc29105b5adfb5a5ac4
phase1a	phase1a_legal_guards_20260902.csv	/tmp/phase1a_legal_guards_20260902.csv	602	ae0fc1c74ea5c970b614c7db89027e8259d4c8a53646f6a4b2388b5a1267d2e5	doc/performance_experiments/raw/phase1a/phase1a_legal_guards_20260902.csv.gz	334	0780703fb87255a7d821e7c4c81e90e04bdc8248bd1d2cf9e92c1169504b1199
phase1a	phase1a_legal_guards_20260902.json	/tmp/phase1a_legal_guards_20260902.json	389776	30b527c16fd943e20b61c0212f2f2e232c7a5cb2567e6aab26867adb9876b894	doc/performance_experiments/raw/phase1a/phase1a_legal_guards_20260902.json.gz	21274	5fe2abc01a392ca546cc13b7cccded7530239bd8619e2f7bfbb30214fdb06357
phase1a	phase1a_legal_guards_final_20260902.csv	/tmp/phase1a_legal_guards_final_20260902.csv	602	8822d0a661082b7ebef056edac9f90e3287c70921ddefbd1ef06e25a675e1a6f	doc/performance_experiments/raw/phase1a/phase1a_legal_guards_final_20260902.csv.gz	332	e1acacc8a81c790caced4681e66474d374e3d796b56a30e8c95a31d95c059db0
phase1a	phase1a_legal_guards_final_20260902.json	/tmp/phase1a_legal_guards_final_20260902.json	390713	82133913e4d4ce144bfc9ce4e841f962da117113843540c79372aca947d3ba6a	doc/performance_experiments/raw/phase1a/phase1a_legal_guards_final_20260902.json.gz	21452	6ae5424d8d3272f342f6862e2f1bb9dea4aa91d4f31048c79e06a94e60760a77
phase1a	phase1a_mutation_path_audit.md	/tmp/phase1a_mutation_path_audit.md	17549	64fb5fda5bdfc7728861fd271a11385060eeee31a00cb27f03e1c089a2b71f4c	doc/performance_experiments/raw/phase1a/phase1a_mutation_path_audit.md.gz	7461	c2ecea70b29186ac7421f63b1fa1c1e5616686e77f9d05e939d782d8ab223db8
phase1a	phase1a_primary_guards_20260902.csv	/tmp/phase1a_primary_guards_20260902.csv	1588	0e25c564cdc2666fb01ad705c6dd0165e3eca72834dc491ec31c0530b5c75865	doc/performance_experiments/raw/phase1a/phase1a_primary_guards_20260902.csv.gz	853	84b60ca978e9cd8d3e7c853c782938d7ca4ce746d1c484fd825179188d29720c
phase1a	phase1a_primary_guards_20260902.json	/tmp/phase1a_primary_guards_20260902.json	1482876	57502d589a1eefc855f0832c337f431449e24da933903b883c29e63a33be95a3	doc/performance_experiments/raw/phase1a/phase1a_primary_guards_20260902.json.gz	75797	28ab2c7fe9b8f29572b45933d5d6b620d11ed704ac2524b82d75e4b56d234cda
phase1a	phase1a_primary_guards_final_20260902.csv	/tmp/phase1a_primary_guards_final_20260902.csv	1581	1151351b2ba583ca7ad40e32d9077dbb4b3dc8a647564d63160d95e6aa2a9b0b	doc/performance_experiments/raw/phase1a/phase1a_primary_guards_final_20260902.csv.gz	850	139d0aae0d12abfb2db6098554d5edd75e1d8daf8f2df9ba18883f00651824bb
phase1a	phase1a_primary_guards_final_20260902.json	/tmp/phase1a_primary_guards_final_20260902.json	1486215	a9ebd262cdbb3e77d889a251208be065cb9a8a51346474f804b1485248c29e73	doc/performance_experiments/raw/phase1a/phase1a_primary_guards_final_20260902.json.gz	76541	0e24885b45707b02c8816942d105861358ea80bf6d6165bf93bf4eb7d58f2e3e
phase1a	phase1a_random_quick_paired.json	/tmp/phase1a_random_quick_paired.json	58259	91be203ab289480675a1f7fdbf5e6f1358fdcace6daa83a81aa5ba1635eaf429	doc/performance_experiments/raw/phase1a/phase1a_random_quick_paired.json.gz	7406	af0fa72ed04292a41239d2b80d5f079848713d6b4119615ad5247b005bda416d
phase1a	phase1a_root4_20260902.json	/tmp/phase1a_root4_20260902.json	338466	8e7f2a24685e772e1686ed3a9ec378685a475864d2061616264fb4b28fe5cf61	doc/performance_experiments/raw/phase1a/phase1a_root4_20260902.json.gz	13125	112599081bece4a19f7e3c189981399de29b13a52ad48e9eb6f913e160bb99dc
phase1a	phase1a_root4_final_20260902.json	/tmp/phase1a_root4_final_20260902.json	338950	67c8ac9afb07b81618e0c3ab7dbe4c6ada72465380c6a5fcd10e5bfbb2f2ddf6	doc/performance_experiments/raw/phase1a/phase1a_root4_final_20260902.json.gz	13206	8039398a05baca25a7db6b5cc2bf951a4eae89d8cf4fc367536ab10a254bb774
phase1a	phase1a_root8_20260902.json	/tmp/phase1a_root8_20260902.json	340640	907449905808cc7a0c85a7a14a1ea49b0e3b6f523303f9209ec13107bae86622	doc/performance_experiments/raw/phase1a/phase1a_root8_20260902.json.gz	13222	46f346a0463d635099ebbf454e601d958a560d23c4350ea7f307df565972f6d4
phase1a	phase1a_root8_final_20260902.json	/tmp/phase1a_root8_final_20260902.json	341109	cc9ba8bcef320bd9f6f10e9774b401a867a5e24fc58dacdd1dd33d9c17f15184	doc/performance_experiments/raw/phase1a/phase1a_root8_final_20260902.json.gz	13347	e02097603d2a863214c504126111268393412f21e797d6e20fd796e19203d260
phase1a	phase1a_sharded1_20260902.json	/tmp/phase1a_sharded1_20260902.json	360238	2026cc3ccbfe51f1b9ac0475f68c99df0a9c1e999edd0f5d660445821190867e	doc/performance_experiments/raw/phase1a/phase1a_sharded1_20260902.json.gz	13274	4151fd899f9f885652725748d43dbb2512946509d083d6caa730c17de5015f3e
phase1a	phase1a_sharded1_final_20260902.json	/tmp/phase1a_sharded1_final_20260902.json	360702	110b515666a12ba2b3634b76b152833f0e8722389ef15f27bff601b306f2e4cf	doc/performance_experiments/raw/phase1a/phase1a_sharded1_final_20260902.json.gz	13419	803b442295b6fba1450a0e35a11d31d4743088616b25d1cc6ccd6278d91d70fe
phase1a	phase1a_sharded4_20260902.json	/tmp/phase1a_sharded4_20260902.json	321630	a73b536131afe77fafa85c10df160c60bfb592175fcbbffaa5338517bdd3f825	doc/performance_experiments/raw/phase1a/phase1a_sharded4_20260902.json.gz	15600	a88bcd3ccc3cc7484c0ef6821f38ddba4932e88a520f1d893ff8924ada69191d
phase1a	phase1a_sharded4_final_20260902.json	/tmp/phase1a_sharded4_final_20260902.json	322052	2e03f1513dfa9bbb2d0cfe22ece469612d5308da2740ad7f10b9652331f3e2f6	doc/performance_experiments/raw/phase1a/phase1a_sharded4_final_20260902.json.gz	15544	210b50919150e6b4155d06350a0509bb0d4e99446ab29ded521db9e39a30532b
phase1a	phase1a_sharded8_20260902.json	/tmp/phase1a_sharded8_20260902.json	323693	f66459f6dc715bc39efb590d336a8327fd5a971a5bb0541172330019e0b58848	doc/performance_experiments/raw/phase1a/phase1a_sharded8_20260902.json.gz	15722	07098b1b2c58fafa505ccc9cac2cfad1bff8dd9b77ba6d90be2d0ae020f51ded
phase1a	phase1a_sharded8_final_20260902.json	/tmp/phase1a_sharded8_final_20260902.json	324100	f58667a6f6b96accd63d856e7d1ed773110695d84c8bc2698bca16c30dc9db7e	doc/performance_experiments/raw/phase1a/phase1a_sharded8_final_20260902.json.gz	16038	d761d7ae046e1d8c02c27c0d0984a7b1a096e6831ae5abe338d7a5cd6b6f55ef
phase1a	phase1a_verify_editor_fallback.json	/tmp/phase1a_verify_editor_fallback.json	1334	03b30eef14e0ab8303a410de8ef8d1e4b649e6086ab8db51a07c81719f4281e2	doc/performance_experiments/raw/phase1a/phase1a_verify_editor_fallback.json.gz	638	477604cb76ab064ce6cc72332f7fc9ff817c70d45a15f0ebb1ab7649d5547bb0
phase1a	phase1a_verify_final_round.json	/tmp/phase1a_verify_final_round.json	1262	bf3460746d9936dd28aee87394d84b2b0e98a3089273495e5bb76ee11ad0ef56	doc/performance_experiments/raw/phase1a/phase1a_verify_final_round.json.gz	591	df082961bf43bbc3d7db1445a082f79bdec67d91d2f9b5885c25c4e990766d2f
phase1a	phase1a_verify_five_moves.json	/tmp/phase1a_verify_five_moves.json	1269	99666ecce49a882fa3845f4cb4096467affff2f1251e220f4842ed8a29649dd0	doc/performance_experiments/raw/phase1a/phase1a_verify_five_moves.json.gz	625	f46d470e0ae4ae0a96889221f3c83915a4a2379327af2f2b1c8ee05e42a3ff5b
phase1a	phase1a_verify_forced_pass.json	/tmp/phase1a_verify_forced_pass.json	1256	e8683a89e1590b907a5c541d8c4030b722b6fb5704fbc052b53e228b587a88ac	doc/performance_experiments/raw/phase1a/phase1a_verify_forced_pass.json.gz	620	ff6e52f80804647c3bea74e0e282a3c9964aa2f29709a4f8310ea8f2a75d87a0
phase1a	phase1a_verify_gold_payment.json	/tmp/phase1a_verify_gold_payment.json	1269	ddf5cee417aca964fdbb9eea64f8374809c6505587b2ccbb8816ee34b5969bb0	doc/performance_experiments/raw/phase1a/phase1a_verify_gold_payment.json.gz	595	b9977e3cb88b6a7a26e88055aab45810ddd7c2526dfaa06eb50816c45b2e4f29
phase1a	phase1a_verify_hidden_reserve.json	/tmp/phase1a_verify_hidden_reserve.json	1272	6b16c41fee29b9a96660c4d815eda4ca0e31b7215ffebd3eea948a051c9b226c	doc/performance_experiments/raw/phase1a/phase1a_verify_hidden_reserve.json.gz	630	553aa23d6c9f66356488f7cd40b283ce9c04cab6eee0d62a66d01a103c5e977a
phase1a	phase1a_verify_initial.json	/tmp/phase1a_verify_initial.json	1238	a467660c672b3a1d9320dfe78187808af6765e5c0e37669f17e4ff67e43c9d22	doc/performance_experiments/raw/phase1a/phase1a_verify_initial.json.gz	588	e54307b15bdc19833044036c1a3c0a605bf3920c78dbfce33351a6403ba3564f
phase1a	phase1a_verify_midgame_250.json	/tmp/phase1a_verify_midgame_250.json	1270	7960032ce78acc854437979d11a7bf16ba289399e3d20233b6b2c7237dda5a20	doc/performance_experiments/raw/phase1a/phase1a_verify_midgame_250.json.gz	635	501fabdb38521bf2b63656eb203d441879e5888c2ead44e5994be2f5b610be9e
phase1a	phase1a_verify_multi_noble.json	/tmp/phase1a_verify_multi_noble.json	1259	3b06103ff51a72401ba9fa8700048e1f0067d909fc3cafddaf805c581584caae	doc/performance_experiments/raw/phase1a/phase1a_verify_multi_noble.json.gz	591	b794269f2ba633c738acee39e09e419267bd3c1de85d6eeda02515dbf5ca2540
phase1a	phase1a_verify_random.json	/tmp/phase1a_verify_random.json	1267	dc38b575ffd5166cc96a3446a1e8c9f265d25f546e770518dc482c489e11a718	doc/performance_experiments/raw/phase1a/phase1a_verify_random.json.gz	631	81e68be47840f1cf395ff90fcd78f6b1a497d711b0e2beb6296b808c696ec688
phase1a	phase1a_verify_reserve_limit.json	/tmp/phase1a_verify_reserve_limit.json	1263	c34c66ef1615260e347c713fe0ab685507a9a3a236d2a9de11f3334b6ff42f1f	doc/performance_experiments/raw/phase1a/phase1a_verify_reserve_limit.json.gz	599	a9026339ec4196b89509f0d35aaa5ac037a05beddabcfc5a40c14637290d51ca
phase1a	phase1a_verify_reveal_heavy.json	/tmp/phase1a_verify_reveal_heavy.json	1263	b3d6bc6ba2bbd0d7dd717d58689c92c00c9478c619f592b41ca38f714d34fa3b	doc/performance_experiments/raw/phase1a/phase1a_verify_reveal_heavy.json.gz	589	7786f74736d5a4deacde7591ef2ab1110c9836b13978798f01176c6f0d4518d2
phase1a	phase1a_verify_token_return.json	/tmp/phase1a_verify_token_return.json	1276	6d662765b5c7b6feb10bd9363ef7ec507a7a3346f09e5f13063f0f45b45cc8f1	doc/performance_experiments/raw/phase1a/phase1a_verify_token_return.json.gz	596	2831b5bd37bcdd5a16f82c5390b7f4e081da34a761102bdc520251cf697c6f57
phase1b	phase1b-differential-1000.json	/tmp/phase1b-differential-1000.json	1161	2863b622205d97866c643f87d778b428ba222fb4bcc13407788a2d404f4cd320	doc/performance_experiments/raw/phase1b/phase1b-differential-1000.json.gz	520	63fa74d653294a5aa76ffc4292ffc271948c88084b659de0474933ca19a4b726
phase1b	phase1b-formal-apply-exact.json	/tmp/phase1b-formal-apply-exact.json	213928	da79c773e91d7b8b10df12f2de7e05215341c6aa0420533f1eed9a9be8a953ea	doc/performance_experiments/raw/phase1b/phase1b-formal-apply-exact.json.gz	11215	00774f7f81155161ba108f5e4476ceb1430eaf8245385a268efadc5a16c4c1b0
phase1b	phase1b-formal-apply-observable.json	/tmp/phase1b-formal-apply-observable.json	214595	5fd10051ee269b558d33a5d65edf1479016b53afc11540c30cd1eb956dc7ff02	doc/performance_experiments/raw/phase1b/phase1b-formal-apply-observable.json.gz	11269	3f5d70082b9d559c096a5e6f47f8e4859af91de04dd5c921abdd0b032bd25808
phase1b	phase1b-formal-board-copy.json	/tmp/phase1b-formal-board-copy.json	179478	498bb6fc2a8af11e4fa23975c83a930bee19f05239bf1bdae97a4fbf44f7acd4	doc/performance_experiments/raw/phase1b/phase1b-formal-board-copy.json.gz	10644	ad24aa55f522f0ff7d04e4c048cf3e1d9dd1568d8bc27de7fa7cfbc2c8cb5046
phase1b	phase1b-formal-det-legacy-hidden.json	/tmp/phase1b-formal-det-legacy-hidden.json	263043	524945ee30d390e5ba28bb0c4a486ac204741420c1e3bf5b3e0634b152866f9c	doc/performance_experiments/raw/phase1b/phase1b-formal-det-legacy-hidden.json.gz	12068	16a8414bb5914b50dedb55555a0d041f4e52260aecf725e10bc61d448266c835
phase1b	phase1b-formal-det-legacy-midgame.json	/tmp/phase1b-formal-det-legacy-midgame.json	262602	25b42e4fab849613dfda8668fe76dcc0af188505a4b1d71a472c85dc22e0fcf3	doc/performance_experiments/raw/phase1b/phase1b-formal-det-legacy-midgame.json.gz	12182	b6824fd2995afba7291d760b7a08cd96a9442da25ae6ad469b919829604bdc5c
phase1b	phase1b-formal-det-root4-midgame.json	/tmp/phase1b-formal-det-root4-midgame.json	350654	3cefcc5307bbe0a65126b2f3a40174c503c1a59e37e0ac8facbbbc16770dd9ae	doc/performance_experiments/raw/phase1b/phase1b-formal-det-root4-midgame.json.gz	13420	cef8615a2aabb753767624d791622d604975d9a226b856c2e65b1bd6ac16c1f6
phase1b	phase1b-formal-det-shared1-midgame.json	/tmp/phase1b-formal-det-shared1-midgame.json	372470	a42831e35888ce33ff1d41d1007397f56b5d14a21e1525dd9c3783944e6142e5	doc/performance_experiments/raw/phase1b/phase1b-formal-det-shared1-midgame.json.gz	13500	ad757abdb2a62a250239792e79779e31cb298ab465d59fa0bf7339c43fc8c945
phase1b	phase1b-formal-exact-legacy.json	/tmp/phase1b-formal-exact-legacy.json	262721	3568252d96e22b68f38cad5ae9b4474efed597203603cee424a79f7dc0f86a71	doc/performance_experiments/raw/phase1b/phase1b-formal-exact-legacy.json.gz	12172	fd531bea4969e9443a677c1a0a279d7c0d34aa4ccf04408acf57a79465e6029b
phase1b	phase1b-formal-guards.csv	/tmp/phase1b-formal-guards.csv	1393	ea39036a2837a455b43522e533d8978fbce962c233bc8e692a3e7273ca3e19e8	doc/performance_experiments/raw/phase1b/phase1b-formal-guards.csv.gz	766	da7aa36dca9a45261e0e88e8898c8c9ed18ffc1168014045ff1d614c42aaba13
phase1b	phase1b-formal-guards.json	/tmp/phase1b-formal-guards.json	1199621	3acd566208b64543f6b50e6744e102b1f2fb0db47f49d6a907a465324ef6c98c	doc/performance_experiments/raw/phase1b/phase1b-formal-guards.json.gz	64308	361d362754329b5ed6b1403d4d21f3956d82c8bed164e4cdb56deac49c05dfe6
phase1b	phase1b-formal-observable-micro.json	/tmp/phase1b-formal-observable-micro.json	249931	cab87c541759ccdaa52a52613fdea0088a3d700a4ad849c319ef2631c3c3b179	doc/performance_experiments/raw/phase1b/phase1b-formal-observable-micro.json.gz	13128	fd9e007e58a1f32eb68adf90e2c661a5eacb831acc80a5ca087284ac12a3dcfd
phase1b	phase1b-formal-phase1a-vs-on-exact-legacy.json	/tmp/phase1b-formal-phase1a-vs-on-exact-legacy.json	263002	857cdeb4ba4dc1d5ea05e43ac64eeeda668f873c323b72decf1348f93d1ea6b0	doc/performance_experiments/raw/phase1b/phase1b-formal-phase1a-vs-on-exact-legacy.json.gz	12224	528b5dcb2ee66bfd4c211447f8ad24c190ebc765582f674528bb472f118db327
phase1b	phase1b-harness-smoke.json	/tmp/phase1b-harness-smoke.json	63560	a452153b405567aeab64475cd4b1f50bb2e3bfe440040f31e5a059ecb6291e61	doc/performance_experiments/raw/phase1b/phase1b-harness-smoke.json.gz	8140	13d63e144f557fa2f0f7628c25f972613ab7c9b5c7cf6359a3d281e9f48aa7c1
phase1b	phase1b-instrumented-mechanism.json	/tmp/phase1b-instrumented-mechanism.json	114601	e9836467637885aa37c0c1750f4805eb683893f8245889bc04b7090fb30597a3	doc/performance_experiments/raw/phase1b/phase1b-instrumented-mechanism.json.gz	9385	cfda25030673502ce15867d8ba8f2cf8f97dac017fd3270832b0926f92ec916c
phase1b	phase1b-screen-apply-exact.json	/tmp/phase1b-screen-apply-exact.json	95464	291e979ef091ab5ae99c51beae2a52d7da575fdd1dfaa303b81271b81620db45	doc/performance_experiments/raw/phase1b/phase1b-screen-apply-exact.json.gz	8528	e231e8fa5541451d725761831e543deb97479c0682f0cb318a26309ddf0617eb
phase1b	phase1b-screen-det-legacy-five.json	/tmp/phase1b-screen-det-legacy-five.json	114766	bee693d472720d14c0f77d5d00d08b5097964ff1f8047b7685ac16627a0d500f	doc/performance_experiments/raw/phase1b/phase1b-screen-det-legacy-five.json.gz	9121	caad6a199ec098a61b00cd9e3d1a6bcfeccaa4f08ac5f39086f38cdf2f41bc68
phase1b	phase1b-screen-det-legacy-hidden.json	/tmp/phase1b-screen-det-legacy-hidden.json	115111	3520dc69c6472556f24e31b0f86e88c3049e6b2fc4e484356fdf7cb89156d88d	doc/performance_experiments/raw/phase1b/phase1b-screen-det-legacy-hidden.json.gz	9117	333326880fa1e17e03e1da20e414fa815d9812e35c3bea989b4615b2cd75981f
phase1b	phase1b-screen-det-legacy-midgame.json	/tmp/phase1b-screen-det-legacy-midgame.json	114947	68c835cf1a3cea567bf137b3179b801c34b47afb7b27eaee42329e934128dda4	doc/performance_experiments/raw/phase1b/phase1b-screen-det-legacy-midgame.json.gz	9142	07c380cfb6443f5710b18869313a4ca038820b3ac6024b590960df37d7b78b27
phase1b	phase1b-screen-det-shared1-midgame.json	/tmp/phase1b-screen-det-shared1-midgame.json	164492	a015d8ad23bdf76e1d92342234d31f9fc45b5141806cb132959471fb8b185ae9	doc/performance_experiments/raw/phase1b/phase1b-screen-det-shared1-midgame.json.gz	10208	250f45416d1d3f8c5c5b9afe353c6e1d396bec16800ddc0a47f255b3607c6685
phase1b	phase1b-screen-exact-legacy.json	/tmp/phase1b-screen-exact-legacy.json	113598	7cb4ace70645550b8674e4231099b829f64a4a9a98af9311729747e7126fbffa	doc/performance_experiments/raw/phase1b/phase1b-screen-exact-legacy.json.gz	9118	f750e5464a3c054a1448145bf677b418816470d836c35537a24225d3513bd2bc
phase1b	phase1b_primary_guards_20260902.csv	/tmp/phase1b_primary_guards_20260902.csv	2210	db0a6013d2d2209e434dc0020df8b952749c5f77123bef342632c5187d607fb0	doc/performance_experiments/raw/phase1b/phase1b_primary_guards_20260902.csv.gz	1189	6b8a614be96de9f4ae3845bc54dc3ae996fa4b2a77a7b169c759b499df0a3278
phase1b	phase1b_primary_guards_20260902.json	/tmp/phase1b_primary_guards_20260902.json	2330548	5aa7befe4eb6572b861b793b7669342e213d439797e68117ed69c19d5cc5b2dd	doc/performance_experiments/raw/phase1b/phase1b_primary_guards_20260902.json.gz	112601	85f16a67f85050f9ee285f6f9ebc2960d63692cd6b3aeaf0e144d2a1d9783440
phase1b	phase1b_primary_guards_final_20260902.csv	/tmp/phase1b_primary_guards_final_20260902.csv	2210	9c583b44f347b4be2f7079ee6a7a4334853e94f722234148bca5e9d174d5518e	doc/performance_experiments/raw/phase1b/phase1b_primary_guards_final_20260902.csv.gz	1191	f9585f7b2b8a1ece093efd482f50e468db0d8ad7c43a2fa79925c348625f0452
phase1b	phase1b_primary_guards_final_20260902.json	/tmp/phase1b_primary_guards_final_20260902.json	2330545	ed59f3726ce9e7aa15f1acf8f55c5d1b88219fcf1e6b7f44b4421e55beb49d89	doc/performance_experiments/raw/phase1b/phase1b_primary_guards_final_20260902.json.gz	112357	19600948d5501af97560c619cb43578611d4f3f7da62c8796ed26966b8474f82
phase1b	phase1b_quick_det_legacy.json	/tmp/phase1b_quick_det_legacy.json	95912	a439598a5c0f5802e88df816031cb2375931ee74ad2ff482f09fd38b3ea6f879	doc/performance_experiments/raw/phase1b/phase1b_quick_det_legacy.json.gz	8699	c40efdc322a4dcce47ebb3e1cb4ce859dd65b65439c5adf4d86e77cdc41fb82a
phase1b	phase1b_quick_det_legacy_mid.json	/tmp/phase1b_quick_det_legacy_mid.json	95779	62dbee1886663ab694999de27db1e7b75178451741bf7350aba2ce7de03884a3	doc/performance_experiments/raw/phase1b/phase1b_quick_det_legacy_mid.json.gz	8741	a820c8b499d6f4406b9239b138746d4f3009704de8040b6a2c799507c8567d3a
phase1b	phase1b_quick_det_root4.json	/tmp/phase1b_quick_det_root4.json	129495	0fd5a2166910e98347d49e2ac9d5f061f2b94460e3661031b91701f01ba16c6d	doc/performance_experiments/raw/phase1b/phase1b_quick_det_root4.json.gz	9635	e425b9e6ed87265d09346deb24b9d3e62606dc816926f4a732ece7b86c0dda47
phase1b	phase1b_quick_det_shared.json	/tmp/phase1b_quick_det_shared.json	133469	592a90bc8f2850ff29ac6eb0054c78d2e97c31b29dd43f65923b75099a462f4f	doc/performance_experiments/raw/phase1b/phase1b_quick_det_shared.json.gz	9649	15b862f2ef280335b01b41ef034acaf4d7303724fc4969de90190012ae577631
phase1b	phase1b_quick_exact_legacy.json	/tmp/phase1b_quick_exact_legacy.json	95811	ef35d85c6321c62150bdbdda759ccfccd543ff2cc9add4129251e084316b4e90	doc/performance_experiments/raw/phase1b/phase1b_quick_exact_legacy.json.gz	8716	a5b4abaee9e30a508708a3270e4cd0a09d7f000d10b519f1d53641fcb0755859
phase2a	phase2a1-differential-1000-20260902.json	/tmp/phase2a1-differential-1000-20260902.json	1147	7746372478f676b7667e1d5bb53815c4c548455ee56c43b4accbfc160dca0600	doc/performance_experiments/raw/phase2a/phase2a1-differential-1000-20260902.json.gz	512	45adf1d6b4bb20cc17f5edd88cf5798f5beec17071f2b1354c14bbf45efcc0ec
phase2a	phase2a1-differential-final-1000-20260902.json	/tmp/phase2a1-differential-final-1000-20260902.json	1147	ea942316cc5711f6a3531e6921249a32483e3017f4fa01a75f4a01d4620da8a2	doc/performance_experiments/raw/phase2a/phase2a1-differential-final-1000-20260902.json.gz	514	3c50c83be1b12c73f1b879fcd46ace88acb3fd5a5fb370b2f17620b86629977e
phase2a	phase2a1-final-off.text	/tmp/phase2a1-final-off.text	765866	37dd984ac1b80bbf1ea80a41b7d43d11213bcadb0ea9c6223c46ea3629a8b71f	doc/performance_experiments/raw/phase2a/phase2a1-final-off.text.gz	349791	aa25e357d71b89ffdc86d33c13a9e682f5207934bbdece6bde27e5e005786bb7
phase2a	phase2a1-final-on.text	/tmp/phase2a1-final-on.text	765866	37dd984ac1b80bbf1ea80a41b7d43d11213bcadb0ea9c6223c46ea3629a8b71f	doc/performance_experiments/raw/phase2a/phase2a1-final-on.text.gz	349791	aa25e357d71b89ffdc86d33c13a9e682f5207934bbdece6bde27e5e005786bb7
phase2a	phase2a1-formal-20260902.csv	/tmp/phase2a1-formal-20260902.csv	1789	4a3013ffc1283d37d685f53a8574a356dbb748fd82a294b3ba76062169d133a6	doc/performance_experiments/raw/phase2a/phase2a1-formal-20260902.csv.gz	964	a04261fc5a9050a29556a5e78f091d228de471d80ac248f7615e53775d8f968e
phase2a	phase2a1-formal-20260902.json	/tmp/phase2a1-formal-20260902.json	1708607	7c28fc1a1569986d43d264b56df5585db78ea135c0b363491e5f232802f6b028	doc/performance_experiments/raw/phase2a/phase2a1-formal-20260902.json.gz	87203	b188ff8a3fbfb950338c9d1ce03bfa6d356e6d3b8220c9dedfdcb8be50f2f2f9
phase2a	phase2a1-formal-v2-20260902.csv	/tmp/phase2a1-formal-v2-20260902.csv	1796	10981498ea57f5a15bfc04ca10b3e871aa5ce6ff39678c89c415e10945c39a27	doc/performance_experiments/raw/phase2a/phase2a1-formal-v2-20260902.csv.gz	960	f6427cbdc2c8dc2ca580f80ae29195590b0651d4ca78718c0e6cfc03f967f620
phase2a	phase2a1-formal-v2-20260902.json	/tmp/phase2a1-formal-v2-20260902.json	1710716	33f275d22688da491f387267be52bfd64b048f2f2080c0f3502550ed2b912179	doc/performance_experiments/raw/phase2a/phase2a1-formal-v2-20260902.json.gz	87182	c42192afac16892df273d4367a81df24e3b0a844091f1327531d0855d8551dda
phase2a	phase2a1-formal-v3-20260902.csv	/tmp/phase2a1-formal-v3-20260902.csv	1789	d4925aa1cb8e14d863a5670948e2a6f4382d524fbfb27758c87ff7c6a8e96477	doc/performance_experiments/raw/phase2a/phase2a1-formal-v3-20260902.csv.gz	954	85cdce8951b0c564771ee0247f0095e4fe88c56f43cbe23da8769840cf5e6dc4
phase2a	phase2a1-formal-v3-20260902.json	/tmp/phase2a1-formal-v3-20260902.json	1713750	ddaae03692e7578a8d73e718cc61a32c52c749ab3ef40a80e2d43a548b9b122a	doc/performance_experiments/raw/phase2a/phase2a1-formal-v3-20260902.json.gz	87485	ae9ba9561d4291a3a45e1538b82707d7756056439c8d7eda541bac53a4ab0fd8
phase2a	phase2a1-off.text	/tmp/phase2a1-off.text	765866	e45ff0c5291f5eda3f34605cc1389d2fa6cd5cca3e161adf09909df0c5f1f354	doc/performance_experiments/raw/phase2a/phase2a1-off.text.gz	349785	69df4256e37731c6b61f81fa20d04b1527144ca9313458ec979d589710fe9bdf
phase2a	phase2a1-on.text	/tmp/phase2a1-on.text	765866	e45ff0c5291f5eda3f34605cc1389d2fa6cd5cca3e161adf09909df0c5f1f354	doc/performance_experiments/raw/phase2a/phase2a1-on.text.gz	349785	69df4256e37731c6b61f81fa20d04b1527144ca9313458ec979d589710fe9bdf
phase2a	phase2a2-formal-mask-20260902.csv	/tmp/phase2a2-formal-mask-20260902.csv	1795	5609adc640c68ce8f5c8dc56c64862012c63265206c85d4622c9175d354dc526	doc/performance_experiments/raw/phase2a/phase2a2-formal-mask-20260902.csv.gz	966	14f6776817f6b72bf3493c61fe1d0cab46ad1b5867508efac2b0c77db5cc01a3
phase2a	phase2a2-formal-mask-20260902.json	/tmp/phase2a2-formal-mask-20260902.json	1707747	f4e675faaeccf3381a77bdd6c4e9809eb40467f150d557f131ed72d5a2c0e14a	doc/performance_experiments/raw/phase2a/phase2a2-formal-mask-20260902.json.gz	87546	a1910e308e2d77b8c30a861cb81d6ef516f4d75551c52a8fc8e8bb533bc82c65
phase2a	phase2a2-off.text	/tmp/phase2a2-off.text	779050	dd438c7a1aa839d18151a6a4ce7cac7984008e333d3f5ff55a1df4f944d0425d	doc/performance_experiments/raw/phase2a/phase2a2-off.text.gz	352435	c1cc2c24c7db79130aef1c8a5ca140cb92e7dbdf5a26536568661e77f70dbcb2
phase2a	phase2a2-on.text	/tmp/phase2a2-on.text	779050	dd438c7a1aa839d18151a6a4ce7cac7984008e333d3f5ff55a1df4f944d0425d	doc/performance_experiments/raw/phase2a/phase2a2-on.text.gz	352435	c1cc2c24c7db79130aef1c8a5ca140cb92e7dbdf5a26536568661e77f70dbcb2
phase2a	phase2a2-smoke-pending-20260902.csv	/tmp/phase2a2-smoke-pending-20260902.csv	1403	7faaf9951fe6ddbcd735f22f46ffe72887730e2f02c13f2d35400ae3f52ba77b	doc/performance_experiments/raw/phase2a/phase2a2-smoke-pending-20260902.csv.gz	777	65097d6870a4e31d5c3d74177db485f23150d195635819dd1c588f4419762015
phase2a	phase2a2-smoke-pending-20260902.json	/tmp/phase2a2-smoke-pending-20260902.json	412371	d7f4e086cbd17fe1dc8b06303b01cd9c05936bd465010020e1d72b45a8687694	doc/performance_experiments/raw/phase2a/phase2a2-smoke-pending-20260902.json.gz	45355	ad7cae6211937eb6a4296b61a49b8243bdef561be0588ae57d12b75d4acac4fe
phase2a	phase2a2-smoke-singlepath-20260902.csv	/tmp/phase2a2-smoke-singlepath-20260902.csv	1784	d2955aaab8ecdb8cc0923297d73a58c34acf4530a7bab32bbc5f83950d6864b9	doc/performance_experiments/raw/phase2a/phase2a2-smoke-singlepath-20260902.csv.gz	965	cb9aeac911bcee99ed89d6e0ff06aed0000da291fd612db76ba36ef0328b17c7
phase2a	phase2a2-smoke-singlepath-20260902.json	/tmp/phase2a2-smoke-singlepath-20260902.json	538666	958bd22f3cbbfcee438683ee819346bf691f393a5e070ec81206dd704b6b53fe	doc/performance_experiments/raw/phase2a/phase2a2-smoke-singlepath-20260902.json.gz	59888	078bd1d99f81c8ca89c85f2f3bf2d20e6912095fc7c552c04c916379f0a6c621
phase2a	phase2a2-smoke-xor-20260902.csv	/tmp/phase2a2-smoke-xor-20260902.csv	1794	fffcd17b385e1a7dddd4ea8089768bf0fe76e987cafddf4bd48495f47fe7fc9a	doc/performance_experiments/raw/phase2a/phase2a2-smoke-xor-20260902.csv.gz	966	68f2d00e16704b4c65f13d0e34d1b994ac6d682d8c9cfc29604fbe519826115e
phase2a	phase2a2-smoke-xor-20260902.json	/tmp/phase2a2-smoke-xor-20260902.json	538694	a47988e796ae23dbeaf44a2ab1d2e142aaa758e7ecc0dbffa267d976b0932615	doc/performance_experiments/raw/phase2a/phase2a2-smoke-xor-20260902.json.gz	59849	845506d9863ebb82d084ebb171b13fb0183033e01b997b1f46f1ab42ccb7fb1d
phase2b	phase2b-h1-b-editor_fallback.json	/tmp/phase2b-h1-b-editor_fallback.json	57646	10deaf461ae92872367378dc1d73672acf9bfdb43bed325288b4fd4d6d5af4da	doc/performance_experiments/raw/phase2b/phase2b-h1-b-editor_fallback.json.gz	7477	8f8eb00723d0d81ff35446a8705692fc86d2837465c2d5638804d4fa560e6aed
phase2b	phase2b-h1-b-five_moves.json	/tmp/phase2b-h1-b-five_moves.json	57128	42e9238d352bc7753e40421e7410df2c7d4f2a15b4274d0c8d38b20800eccda0	doc/performance_experiments/raw/phase2b/phase2b-h1-b-five_moves.json.gz	7476	a700b5a062b4b23a1352348cdd8709cb19b5069e1fed253e9a78f174dcf50bb9
phase2b	phase2b-h1-b-gold_payment.json	/tmp/phase2b-h1-b-gold_payment.json	57060	9cf75ff7c0e14d8c9958e34f1632c7ffc2e8e9f0a7f9b2fd21f36f6dd62c8f73	doc/performance_experiments/raw/phase2b/phase2b-h1-b-gold_payment.json.gz	7448	1341fee66db1ccb6a8f782df887209defecac2cd270e74dce62109a7192003ae
phase2b	phase2b-h1-b-initial.json	/tmp/phase2b-h1-b-initial.json	56872	c06e2a10d8dd18eeddf94e79540140b75ce2c961693c5f6d7e0a8d0b6ab58371	doc/performance_experiments/raw/phase2b/phase2b-h1-b-initial.json.gz	7495	1bd6e72a02accaadf3b3028c493be87fc231419bf1862c07454f0bb196b10c1d
phase2b	phase2b-h1-b-midgame_250.json	/tmp/phase2b-h1-b-midgame_250.json	57176	d5edc0d0fb5e283c7bfb67c9c7e79991be571bffe0c54d782bfbd7cfbeef8082	doc/performance_experiments/raw/phase2b/phase2b-h1-b-midgame_250.json.gz	7455	b075faea2b1a6da4e86f874a483a148edee8013a2574adc229253107fa44acf0
phase2b	phase2b-h1-b-token_return.json	/tmp/phase2b-h1-b-token_return.json	57135	c3e191ee52c951ed8a5ebaabd63368b47a96291237256ab5c8a3f048d07c1e0c	doc/performance_experiments/raw/phase2b/phase2b-h1-b-token_return.json.gz	7491	6f96ac7c5a82ccb843d309d6275b126c4a64a7d70b3bd1d1d6fa6ab34099291e
phase2b	phase2b-h1-c-editor_fallback.json	/tmp/phase2b-h1-c-editor_fallback.json	57640	bc68f5fbd51fb6a0db8f6e2b1b26e79056295b1e717634a48854048dc9b2bb06	doc/performance_experiments/raw/phase2b/phase2b-h1-c-editor_fallback.json.gz	7486	df03f13a8a4e3e6e1f58772a723c6a23a435dcbabf00a330b7a149130bec29d9
phase2b	phase2b-h1-c-five_moves.json	/tmp/phase2b-h1-c-five_moves.json	57119	286dd42edf1381c38a5e52bd53f0de3a4c173410ea2fce26c87914442d06dbf9	doc/performance_experiments/raw/phase2b/phase2b-h1-c-five_moves.json.gz	7495	0c3dc8d05bad6e93accae13d724609d3f583acaef61714649ebfef668294b9be
phase2b	phase2b-h1-c-gold_payment.json	/tmp/phase2b-h1-c-gold_payment.json	57070	4327d22c848dbd1e6a470f29bb80768613d47ca3252a278719c9b76414ddc680	doc/performance_experiments/raw/phase2b/phase2b-h1-c-gold_payment.json.gz	7439	ccadf112c9ff08ef786f4d0c8789f026d0a6885848f291896409a352807aaced
phase2b	phase2b-h1-c-initial.json	/tmp/phase2b-h1-c-initial.json	56861	8d3264b16f75fa6be8f962a85f45fed0a71fa3f2b35b8ebad111b887821bee06	doc/performance_experiments/raw/phase2b/phase2b-h1-c-initial.json.gz	7441	7ef2fd251a0d04fcb751f55f55c1be3f7b477398eee37d29821ac743a610fdbb
phase2b	phase2b-h1-c-midgame_250.json	/tmp/phase2b-h1-c-midgame_250.json	57197	2ba91a23468fe7242b1079c2568a359ce3ecf0cb6550f88b3fff5213d80a4ef9	doc/performance_experiments/raw/phase2b/phase2b-h1-c-midgame_250.json.gz	7495	4e8c5a8b7997743e973abd885555eaec63ff671ff3158b419e869784770a2ada
phase2b	phase2b-h1-c-token_return.json	/tmp/phase2b-h1-c-token_return.json	57117	0372a142a03dd635f1df1096826771882f9c87545eac8520d856fc8ab4b6483d	doc/performance_experiments/raw/phase2b/phase2b-h1-c-token_return.json.gz	7489	3141648dc3e0951557a68f2a1ba92bf0bbd47337b6e7b87a0d33c5dd51d59d96
phase2b	phase2b-h1-d-editor_fallback.json	/tmp/phase2b-h1-d-editor_fallback.json	57641	6488a829ad6628cd5c8559bdcf597db461d45ebfc8b22b08f5c1f4779c7014ec	doc/performance_experiments/raw/phase2b/phase2b-h1-d-editor_fallback.json.gz	7499	4e601caa7b3b55133155ca6690c2a49cff1d5ed7f632968ee468136fc51f00f6
phase2b	phase2b-h1-d-five_moves.json	/tmp/phase2b-h1-d-five_moves.json	57116	9b13587962482962ef1787508f3bca49d249c2cfd95bfb382bc1bf9907528c33	doc/performance_experiments/raw/phase2b/phase2b-h1-d-five_moves.json.gz	7501	746f6855ef92a7fa9d9079db9d2d5374474980013f37fa027ba429b67673e3aa
phase2b	phase2b-h1-d-gold_payment.json	/tmp/phase2b-h1-d-gold_payment.json	57059	9dd182ea00441fc42b0ab267ef971cdd53b33711777babfe29172e3420c64768	doc/performance_experiments/raw/phase2b/phase2b-h1-d-gold_payment.json.gz	7432	19ca0c08a73c9e1df245a7818456400bc8b5f0f75ddcd6e66793d02cb5413552
phase2b	phase2b-h1-d-initial.json	/tmp/phase2b-h1-d-initial.json	56841	0610affaf874b7dcf1f28fb168abcf65d25804a5b433a2b549dd78c37c5c4330	doc/performance_experiments/raw/phase2b/phase2b-h1-d-initial.json.gz	7469	ad68762ddd973d0380a8936a5bb38067e5ad60ccee38b89ff6c641ede525b32b
phase2b	phase2b-h1-d-midgame_250.json	/tmp/phase2b-h1-d-midgame_250.json	57199	bc4e34b0e1c69af58bb6f90a4bc00610b0a758966d84356f8bb3569369e26bbb	doc/performance_experiments/raw/phase2b/phase2b-h1-d-midgame_250.json.gz	7517	38a356af0688c514b1f69c905fdb0137f5dec22a0b41118157f79b30f51fbdb4
phase2b	phase2b-h1-d-token_return.json	/tmp/phase2b-h1-d-token_return.json	57143	98dfda5accc6664894a27b9269d5bd5531ba483922aa1abdcade4702fadcc4be	doc/performance_experiments/raw/phase2b/phase2b-h1-d-token_return.json.gz	7494	a9af45911b7874490ed6fcf7dfa3efaf0e281405846e4cac69bfe06be7825ee8
phase2b	phase2b-h1-exact-reveal-semantic-20260902.csv	/tmp/phase2b-h1-exact-reveal-semantic-20260902.csv	407	f0373c6c34d7ef4973e764859ff91bfcbee63530ca5572f9755277253bcb2f45	doc/performance_experiments/raw/phase2b/phase2b-h1-exact-reveal-semantic-20260902.csv.gz	250	050d988e524837c14130835ca57bbec2f0cb5224de5092d71fdfd6212c898a8f
phase2b	phase2b-h1-exact-reveal-semantic-20260902.json	/tmp/phase2b-h1-exact-reveal-semantic-20260902.json	91795	aa0b840ed166f741b712bb3c2c97c2c49679dc22a7b024ecc20600eac7433912	doc/performance_experiments/raw/phase2b/phase2b-h1-exact-reveal-semantic-20260902.json.gz	8781	13ea463caccdd917a882d0db0ba59344205bf4e9477a68faf0bff9d5bf2c5932
phase2b	phase2b-h1-formal-editor_fallback-20260902.json	/tmp/phase2b-h1-formal-editor_fallback-20260902.json	181519	7afdbfc0a6aab6c39e60f069b031ee5a043d6e2444d1d1d3ba414dafa2d68dfc	doc/performance_experiments/raw/phase2b/phase2b-h1-formal-editor_fallback-20260902.json.gz	10668	99a3028d65590b0747feaf311d9efc4158d49be8e5be05669c88a969341f7397
phase2b	phase2b-h1-formal-five_moves-20260902.json	/tmp/phase2b-h1-formal-five_moves-20260902.json	178687	fe674248df72c47db8cf2632e2d4552e641b5c50ac52d10cc5059c8ae807c85f	doc/performance_experiments/raw/phase2b/phase2b-h1-formal-five_moves-20260902.json.gz	10628	184e3b85c62af16ba7c323b339236dfeaa7ef94daa75f18190bfe6fbd059149e
phase2b	phase2b-h1-formal-gold_payment-20260902.json	/tmp/phase2b-h1-formal-gold_payment-20260902.json	178367	03e8e621bc7c13a60e3d0e49b2b588facc4e1e3ca74371531c9d3faafb8af8cd	doc/performance_experiments/raw/phase2b/phase2b-h1-formal-gold_payment-20260902.json.gz	10582	c2a827798f6e7a32b91bf174e686eaffc1c29fd6c9250c454b58338f232c1557
phase2b	phase2b-h1-formal-gold_payment_simple-20260902.json	/tmp/phase2b-h1-formal-gold_payment_simple-20260902.json	178560	9a481d38e6400ed6489051845513ffe56f80c73eb6745630d5f44231f81538e5	doc/performance_experiments/raw/phase2b/phase2b-h1-formal-gold_payment_simple-20260902.json.gz	10581	bc254879cc906211d45dd7f47d69c551c8fdf6d12986527a34f9c43c5bc4521a
phase2b	phase2b-h1-formal-initial-20260902.json	/tmp/phase2b-h1-formal-initial-20260902.json	177148	207556dfb6d748f4bbeefa0f77bc58e240e40c42e5eb171eb04aeadb11801d2b	doc/performance_experiments/raw/phase2b/phase2b-h1-formal-initial-20260902.json.gz	10547	5b9c1eb8bfce6867032824a18a813051175ad02b45f802669bd9b7085e90a479
phase2b	phase2b-h1-formal-standard-20260902.csv	/tmp/phase2b-h1-formal-standard-20260902.csv	1396	4d1b1120ee5107c89ac28e58d30806c1684330c660b04bdaa6b2d553df069503	doc/performance_experiments/raw/phase2b/phase2b-h1-formal-standard-20260902.csv.gz	745	5b535c5bc75eb1d8945bc041b230133486af999b85fc716945e7b2dbb2950005
phase2b	phase2b-h1-formal-standard-20260902.json	/tmp/phase2b-h1-formal-standard-20260902.json	1243284	65bd4e155291391368f9727bd06205aa5f012feeb54a0dfb2245b0b3d3e66603	doc/performance_experiments/raw/phase2b/phase2b-h1-formal-standard-20260902.json.gz	65134	4724fd63a5ecfd0f94cb5719bace2a6036ec9198d24b7840d638417670bba021
phase2b	phase2b-h1-formal-token_return-20260902.json	/tmp/phase2b-h1-formal-token_return-20260902.json	178775	a50fb9ab5aa9949d3112951a9e7dfe4ea5cdadc9a3280cbe06750e7a4769bba1	doc/performance_experiments/raw/phase2b/phase2b-h1-formal-token_return-20260902.json.gz	10589	3668235da984bb5bc3cd4ad34a9bea656226a74ca2f6929505cd287474bf68c8
phase2b	phase2b-h1-python-a1.json	/tmp/phase2b-h1-python-a1.json	1608	f8670557de18adb2d556eaf11a2ce790e810cfd70cfd2c05d70eb8c6fe0d1b88	doc/performance_experiments/raw/phase2b/phase2b-h1-python-a1.json.gz	772	e2d96fa48643f0bfd939af8d296ab254669858b44e007916459f179930055a4b
phase2b	phase2b-h1-python-a2.json	/tmp/phase2b-h1-python-a2.json	1606	ba321022ce532ab58cce2ecf364d22ac6a21a253185ee96be44afe346e3999bc	doc/performance_experiments/raw/phase2b/phase2b-h1-python-a2.json.gz	766	fd48953c61085f5958bc26a9af7a1494582e34b1f1ab6756721b8518367bb0df
phase2b	phase2b-h1-python-b1.json	/tmp/phase2b-h1-python-b1.json	1612	f880bf9fd82b253f42d93038be3ff8153959738e6a7e9df88805098655536d70	doc/performance_experiments/raw/phase2b/phase2b-h1-python-b1.json.gz	775	d0de7f976f1204fdc2cbabea3b2fe0886f035871d257433cef3d87d71d383f44
phase2b	phase2b-h1-python-b2.json	/tmp/phase2b-h1-python-b2.json	1614	30b154f3ec96572a692a99751632a0940dc9f90019bddb17bb2e9ae6579da9b4	doc/performance_experiments/raw/phase2b/phase2b-h1-python-b2.json.gz	776	95f06147deddb3c00009fad11cbc1788ca67a07857b488b9519ee2bcd608c57a
phase2b	phase2b-h1-python-robust-a1.json	/tmp/phase2b-h1-python-robust-a1.json	2486	cec8d3edf5b83747034a95e2772b9b7fde664fe0bad87e71a606842ac5349f30	doc/performance_experiments/raw/phase2b/phase2b-h1-python-robust-a1.json.gz	1122	32b96af0566564e632f4e5236f161806bf3c80bcda788e2d73bb20e5c2295ed0
phase2b	phase2b-h1-python-robust-a2.json	/tmp/phase2b-h1-python-robust-a2.json	2489	b5dd2505b1891f9a5acff4cfed648cc9926781d1ceb6408306eb580c5563fb39	doc/performance_experiments/raw/phase2b/phase2b-h1-python-robust-a2.json.gz	1109	3b493e81741c48805102382356b61ed6cb55e7beb065e3fac4ceb23e8c07c03d
phase2b	phase2b-h1-python-robust-a3.json	/tmp/phase2b-h1-python-robust-a3.json	4114	58941b05060574a36d0111ef5fcdbcda17fa73e6df88e67757a880e2bcf70204	doc/performance_experiments/raw/phase2b/phase2b-h1-python-robust-a3.json.gz	1752	bcd884a1388f69f78c790ac67cbb8bd6abbcaddcb06fae903207f15e82621146
phase2b	phase2b-h1-python-robust-a3.stdout	/tmp/phase2b-h1-python-robust-a3.stdout	4114	58941b05060574a36d0111ef5fcdbcda17fa73e6df88e67757a880e2bcf70204	doc/performance_experiments/raw/phase2b/phase2b-h1-python-robust-a3.stdout.gz	1752	bcd884a1388f69f78c790ac67cbb8bd6abbcaddcb06fae903207f15e82621146
phase2b	phase2b-h1-python-robust-a4.json	/tmp/phase2b-h1-python-robust-a4.json	4114	cb3768a1917643f49bacb915a257f67516f9139733fd2f670274c0f94ca69f4c	doc/performance_experiments/raw/phase2b/phase2b-h1-python-robust-a4.json.gz	1752	790c70f863f3fd35138db0618aab3bfc9975c45fa6a9a88419427b33cf6b77a0
phase2b	phase2b-h1-python-robust-a4.stdout	/tmp/phase2b-h1-python-robust-a4.stdout	4114	cb3768a1917643f49bacb915a257f67516f9139733fd2f670274c0f94ca69f4c	doc/performance_experiments/raw/phase2b/phase2b-h1-python-robust-a4.stdout.gz	1752	790c70f863f3fd35138db0618aab3bfc9975c45fa6a9a88419427b33cf6b77a0
phase2b	phase2b-h1-python-robust-b1.json	/tmp/phase2b-h1-python-robust-b1.json	2485	6091854ac4c57638203fde7c76553a4ebeeed0e5cfffcf436ab3467a372e5e3d	doc/performance_experiments/raw/phase2b/phase2b-h1-python-robust-b1.json.gz	1109	ed645c1c924df80797847db85ad8467521cee358539d3c3f108e40a68a03bf60
phase2b	phase2b-h1-python-robust-b2.json	/tmp/phase2b-h1-python-robust-b2.json	2485	62e26c37d2cffb79b22cc3aff6198d5563575065de3b1e9e0d6a2afac8355193	doc/performance_experiments/raw/phase2b/phase2b-h1-python-robust-b2.json.gz	1114	43ed4863a568ef42770b6b3e69bda816dd0f0f699d5207556e09283d5addc374
phase2b	phase2b-h1-python-robust-b3.json	/tmp/phase2b-h1-python-robust-b3.json	4117	6088ef8379e82cb32799c9aa29bf7e151378c334994dbd971ae5b3f9ab16598f	doc/performance_experiments/raw/phase2b/phase2b-h1-python-robust-b3.json.gz	1760	8be5da648d199358d44562740a71e6181905eedd43952ecf9bb30f7330d07a9e
phase2b	phase2b-h1-python-robust-b3.stdout	/tmp/phase2b-h1-python-robust-b3.stdout	4117	6088ef8379e82cb32799c9aa29bf7e151378c334994dbd971ae5b3f9ab16598f	doc/performance_experiments/raw/phase2b/phase2b-h1-python-robust-b3.stdout.gz	1760	8be5da648d199358d44562740a71e6181905eedd43952ecf9bb30f7330d07a9e
phase2b	phase2b-h1-python-robust-b4.json	/tmp/phase2b-h1-python-robust-b4.json	4119	12b1bc82fda048ed37a071218d3074308aab48ecb99839d98029394f40682d9e	doc/performance_experiments/raw/phase2b/phase2b-h1-python-robust-b4.json.gz	1752	62211a7b6fb04ef13e4eca844be3be05c82320b85af054aa5eff039dbb02ecb7
phase2b	phase2b-h1-python-robust-b4.stdout	/tmp/phase2b-h1-python-robust-b4.stdout	4119	12b1bc82fda048ed37a071218d3074308aab48ecb99839d98029394f40682d9e	doc/performance_experiments/raw/phase2b/phase2b-h1-python-robust-b4.stdout.gz	1752	62211a7b6fb04ef13e4eca844be3be05c82320b85af054aa5eff039dbb02ecb7
phase2b	phase2b-h2-codeident-smoke-apply_observable_hash.json	/tmp/phase2b-h2-codeident-smoke-apply_observable_hash.json	76149	3b29b153932d222d76c735ff3b2521f13fe9293779a790bd45a2cd289a80185c	doc/performance_experiments/raw/phase2b/phase2b-h2-codeident-smoke-apply_observable_hash.json.gz	7984	390a5a71065f13d9c73b7bdbb22b2cd6ac010e73b6ba4818dbb65391e5341956
phase2b	phase2b-h2-codeident-smoke-apply_only.json	/tmp/phase2b-h2-codeident-smoke-apply_only.json	75722	9c8db9e69048799349473ce8e2f02778d8488e2a0e20d534f9f4bd8cceab4b06	doc/performance_experiments/raw/phase2b/phase2b-h2-codeident-smoke-apply_only.json.gz	7965	0824d04b69c11206c838fad5d9145147553fcd3c04ca292b639cce0eabc8e658
phase2b	phase2b-h2-codeident-smoke-legal_count.json	/tmp/phase2b-h2-codeident-smoke-legal_count.json	69254	e745b6bb47e91d7ca420680a56ecfa7fe9acaae2cb1680b9653f40effc1dd4aa	doc/performance_experiments/raw/phase2b/phase2b-h2-codeident-smoke-legal_count.json.gz	7807	e36b1574e5489c0de08bfa3440b2bff01712d3523fe265afefe3c5c818800b83
phase2b	phase2b-h2-codeident-smoke-solver_state_key.json	/tmp/phase2b-h2-codeident-smoke-solver_state_key.json	73089	2e448325a894296677c42c1e6cab62ff0087ae5cc7fe4388a695e02da489949e	doc/performance_experiments/raw/phase2b/phase2b-h2-codeident-smoke-solver_state_key.json.gz	7873	5f6868f92219a1a109872dff0239528094c62fbcd73776411801bf9c54042775
phase2b	phase2b-h2-formal-codeident-20260902.csv	/tmp/phase2b-h2-formal-codeident-20260902.csv	4749	4342304b595c27f3e724a80798a940d9bbc044f9d2ed8b1f27e495208022c2a0	doc/performance_experiments/raw/phase2b/phase2b-h2-formal-codeident-20260902.csv.gz	2460	3a4b0e83a8b01e576727cb7176284eedee665cee116a829ebdaaa9cf144df101
phase2b	phase2b-h2-formal-codeident-20260902.json	/tmp/phase2b-h2-formal-codeident-20260902.json	5093881	298585862a7e570435be498e1df09eff38bb443fac27338955278cba9dbee6b3	doc/performance_experiments/raw/phase2b/phase2b-h2-formal-codeident-20260902.json.gz	252987	871839bbdb3156053d8fad8314c508df8866aa00d1d361319b3d4b1cfd4b39df
phase2b	phase2b-h2-formal-extra-board_copy_restore-midgame_250-20260902.json	/tmp/phase2b-h2-formal-extra-board_copy_restore-midgame_250-20260902.json	174261	c90601f7e0c4b3a26177e0f759d53b13e84fafdc1a5f0dd69a65e5d84eefa5e9	doc/performance_experiments/raw/phase2b/phase2b-h2-formal-extra-board_copy_restore-midgame_250-20260902.json.gz	10563	b70867f6b159d6e2ffc4cb539eadc2dcd458b673b8c5d4215298e3c00ac8cbec
phase2b	phase2b-h2-formal-extra-determinization_clone-hidden_reserve-20260902.json	/tmp/phase2b-h2-formal-extra-determinization_clone-hidden_reserve-20260902.json	173486	260f60ed0c77fc6ce4d698bceeef597be9900854593aee9dc2de8cc1f091e346	doc/performance_experiments/raw/phase2b/phase2b-h2-formal-extra-determinization_clone-hidden_reserve-20260902.json.gz	10388	975744d548ebe0af98dd089ee20e27ee5c1ef07f038e4928cc13e5aade8ba882
phase2b	phase2b-h2-formal-extra-legal_count-editor_fallback-20260902.json	/tmp/phase2b-h2-formal-extra-legal_count-editor_fallback-20260902.json	174169	336f9d613ea5a6e32d0f881738c83f711e019e0a97a40fc7606e7be7cf1f33ef	doc/performance_experiments/raw/phase2b/phase2b-h2-formal-extra-legal_count-editor_fallback-20260902.json.gz	10503	e97174e0efbe141c8d5f286f43e4df352bab282d95fd5445569a1f18395f78ba
phase2b	phase2b-h2-formal-extra-legal_count-initial-20260902.json	/tmp/phase2b-h2-formal-extra-legal_count-initial-20260902.json	169992	6c602669292367e1dbc2cf5e4490d2720592c8220d760a5d6b3ea34eee4716b1	doc/performance_experiments/raw/phase2b/phase2b-h2-formal-extra-legal_count-initial-20260902.json.gz	10494	9ff2ff53dc07c4b1d74aacc0692cfdd9200f74252bcef3b1d122ce32ec393665
phase2b	phase2b-h2-formal-extra-legal_count-token_return-20260902.json	/tmp/phase2b-h2-formal-extra-legal_count-token_return-20260902.json	171823	250b18391381ea2d87a83a20c8bb2c2cc3d08207d903409ca1a1379761efd42e	doc/performance_experiments/raw/phase2b/phase2b-h2-formal-extra-legal_count-token_return-20260902.json.gz	10552	5e02570440ae67a053e5618a2071c019e0e6a767c2eab9cee2cc146f4d3de964
phase2b	phase2b-h2-formal-standard-20260902.csv	/tmp/phase2b-h2-formal-standard-20260902.csv	4747	1aaae7e5c662363319f2cd495656fdde16310a5fb80b79f056d9d764b1301c16	doc/performance_experiments/raw/phase2b/phase2b-h2-formal-standard-20260902.csv.gz	2460	40a93b522172a96f83998195c8aaa5b7fdd13d410d3c86393e6fe5d8efbf5374
phase2b	phase2b-h2-formal-standard-20260902.json	/tmp/phase2b-h2-formal-standard-20260902.json	5094033	0b20fbf4fa36edc3eaab55bb5995284b4e74aa2c3d215b2043bea35f8618a8e0	doc/performance_experiments/raw/phase2b/phase2b-h2-formal-standard-20260902.json.gz	253604	990a410f9f48da143ffdc5d49c90eac478328fb91f7b121b1c751750d018e812
phase2b	phase2b-h2-off.text	/tmp/phase2b-h2-off.text	765610	363453c92501779777d838532b218c69cd82a00ac5d911b360e88b281809e6f7	doc/performance_experiments/raw/phase2b/phase2b-h2-off.text.gz	351727	4b296d5ee7d022783c6f7258287a6bc19b86b1994b3b49df5a5d05799750c7c7
phase2b	phase2b-h2-on.text	/tmp/phase2b-h2-on.text	765610	363453c92501779777d838532b218c69cd82a00ac5d911b360e88b281809e6f7	doc/performance_experiments/raw/phase2b/phase2b-h2-on.text.gz	351727	4b296d5ee7d022783c6f7258287a6bc19b86b1994b3b49df5a5d05799750c7c7
phase2b	phase2b-h2-python-a1.json	/tmp/phase2b-h2-python-a1.json	4106	bbe8b0af8728142067521289b942d301b8de6ee4c3272494a27ad8f9af0cde7d	doc/performance_experiments/raw/phase2b/phase2b-h2-python-a1.json.gz	1711	f0d32f6cef898530fc7b003af71dbdf7f175b8c24d88b3e6e87b88c83a39ec88
phase2b	phase2b-h2-python-a1.stdout	/tmp/phase2b-h2-python-a1.stdout	4106	bbe8b0af8728142067521289b942d301b8de6ee4c3272494a27ad8f9af0cde7d	doc/performance_experiments/raw/phase2b/phase2b-h2-python-a1.stdout.gz	1711	f0d32f6cef898530fc7b003af71dbdf7f175b8c24d88b3e6e87b88c83a39ec88
phase2b	phase2b-h2-python-a2.json	/tmp/phase2b-h2-python-a2.json	4109	6dfd8891a5322ceb2613adae02e5f8df0bdb57d05f9472ba13b456a76c9045f9	doc/performance_experiments/raw/phase2b/phase2b-h2-python-a2.json.gz	1718	2c12966e4ba3006c6361ff3dd24002d708a17b0e437795ee3c5147e4bb107abf
phase2b	phase2b-h2-python-a2.stdout	/tmp/phase2b-h2-python-a2.stdout	4109	6dfd8891a5322ceb2613adae02e5f8df0bdb57d05f9472ba13b456a76c9045f9	doc/performance_experiments/raw/phase2b/phase2b-h2-python-a2.stdout.gz	1718	2c12966e4ba3006c6361ff3dd24002d708a17b0e437795ee3c5147e4bb107abf
phase2b	phase2b-h2-python-a3.json	/tmp/phase2b-h2-python-a3.json	4116	093b3fa5ce928e5185d15bef7f8803e3995c57f355a1f2ff2ef97207a089c349	doc/performance_experiments/raw/phase2b/phase2b-h2-python-a3.json.gz	1762	741b77ff8150b312ae2ecb19560efeea171ead8ceffaaa09a4b7ba8635c917df
phase2b	phase2b-h2-python-a3.stdout	/tmp/phase2b-h2-python-a3.stdout	4116	093b3fa5ce928e5185d15bef7f8803e3995c57f355a1f2ff2ef97207a089c349	doc/performance_experiments/raw/phase2b/phase2b-h2-python-a3.stdout.gz	1762	741b77ff8150b312ae2ecb19560efeea171ead8ceffaaa09a4b7ba8635c917df
phase2b	phase2b-h2-python-a4.json	/tmp/phase2b-h2-python-a4.json	4117	d47a45b34fb461a69960793a56e8281e096a51489a97599153c746699a30e0ad	doc/performance_experiments/raw/phase2b/phase2b-h2-python-a4.json.gz	1761	f21e11952fcf200c374993a70bbe79dc4b4358cf8f00fd6e0aac605a1216f832
phase2b	phase2b-h2-python-a4.stdout	/tmp/phase2b-h2-python-a4.stdout	4117	d47a45b34fb461a69960793a56e8281e096a51489a97599153c746699a30e0ad	doc/performance_experiments/raw/phase2b/phase2b-h2-python-a4.stdout.gz	1761	f21e11952fcf200c374993a70bbe79dc4b4358cf8f00fd6e0aac605a1216f832
phase2b	phase2b-h2-python-b1.json	/tmp/phase2b-h2-python-b1.json	4102	0d9bbcb66441f74b31c18daa59ffc8c09a07956ae1acc88370fa0ba2e8e5e7f5	doc/performance_experiments/raw/phase2b/phase2b-h2-python-b1.json.gz	1728	ee1d9e21b1f657f608c0b426f75aa265e0a45250f99d1e5baa995722a20eaedc
phase2b	phase2b-h2-python-b1.stdout	/tmp/phase2b-h2-python-b1.stdout	4102	0d9bbcb66441f74b31c18daa59ffc8c09a07956ae1acc88370fa0ba2e8e5e7f5	doc/performance_experiments/raw/phase2b/phase2b-h2-python-b1.stdout.gz	1728	ee1d9e21b1f657f608c0b426f75aa265e0a45250f99d1e5baa995722a20eaedc
phase2b	phase2b-h2-python-b2.json	/tmp/phase2b-h2-python-b2.json	4116	9aa0d76a029afc891e58bf2a76dd65bc7d64dadc6e76789be49dca00b9c4ae09	doc/performance_experiments/raw/phase2b/phase2b-h2-python-b2.json.gz	1721	5aa75e53948d3aa94ff7e2291ca5877f5892e49691071345f4cd8a23ae186fed
phase2b	phase2b-h2-python-b2.stdout	/tmp/phase2b-h2-python-b2.stdout	4116	9aa0d76a029afc891e58bf2a76dd65bc7d64dadc6e76789be49dca00b9c4ae09	doc/performance_experiments/raw/phase2b/phase2b-h2-python-b2.stdout.gz	1721	5aa75e53948d3aa94ff7e2291ca5877f5892e49691071345f4cd8a23ae186fed
phase2b	phase2b-h2-python-b3.json	/tmp/phase2b-h2-python-b3.json	4108	3f423bf93f04b86692aeb05caae7d417d1f8dabc5c5cf7cb32726dcbec62de13	doc/performance_experiments/raw/phase2b/phase2b-h2-python-b3.json.gz	1741	92e0a9621524efa9b108f050a57085a91ecc94b1e6453bec5b239366138f9c3b
phase2b	phase2b-h2-python-b3.stdout	/tmp/phase2b-h2-python-b3.stdout	4108	3f423bf93f04b86692aeb05caae7d417d1f8dabc5c5cf7cb32726dcbec62de13	doc/performance_experiments/raw/phase2b/phase2b-h2-python-b3.stdout.gz	1741	92e0a9621524efa9b108f050a57085a91ecc94b1e6453bec5b239366138f9c3b
phase2b	phase2b-h2-python-b4.json	/tmp/phase2b-h2-python-b4.json	4107	b264af56432db3bba86574516e97860244238cd4c390eb8e8a2ffa94defefc16	doc/performance_experiments/raw/phase2b/phase2b-h2-python-b4.json.gz	1757	e85c81cc2a779c52e19ab76f0be78082c20188c376461aaa6e4155ae0ba5bd1b
phase2b	phase2b-h2-python-b4.stdout	/tmp/phase2b-h2-python-b4.stdout	4107	b264af56432db3bba86574516e97860244238cd4c390eb8e8a2ffa94defefc16	doc/performance_experiments/raw/phase2b/phase2b-h2-python-b4.stdout.gz	1757	e85c81cc2a779c52e19ab76f0be78082c20188c376461aaa6e4155ae0ba5bd1b
phase2b	phase2b-h2-smoke-editor_fallback.json	/tmp/phase2b-h2-smoke-editor_fallback.json	69941	64644a7d8dc1110da9bddc69ca1d7ad02bda4e3b5b18a7faaa564923b17acdd6	doc/performance_experiments/raw/phase2b/phase2b-h2-smoke-editor_fallback.json.gz	7799	d111436fe3143edd8696746d60b51ab8feb591c29bd2da9a90ebbb03ef286b54
phase2b	phase2b-h2-smoke-midgame_250.json	/tmp/phase2b-h2-smoke-midgame_250.json	69266	68251ee03e6363582fb0f6dcfa43c71ca69a3eb53c8d66ce7bd924cd6a0e39d9	doc/performance_experiments/raw/phase2b/phase2b-h2-smoke-midgame_250.json.gz	7770	4fbb3a4baba09287276b84e72b4be4642e7d92734b760d372711971d5f7dc053
phase2b	phase2b-h2-smoke-token_return.json	/tmp/phase2b-h2-smoke-token_return.json	69310	6a0f3e1621e7759d8d875e535c6021713a59f1c8dc37b846431c46b2927329f4	doc/performance_experiments/raw/phase2b/phase2b-h2-smoke-token_return.json.gz	7796	cf77af52f6907f96dafb5ed16cf154a53771e6c0194d7e98e6ddad60013be017
phase2b	phase2b-h3-formal-rejected-1-legal_count-midgame_250-full-20260902.json	/tmp/phase2b-h3-formal-rejected-1-legal_count-midgame_250-full-20260902.json	176294	c781808a76badf02abb8ee6c8f1dec05331b5bad5d8196e0f6480c2e2d067868	doc/performance_experiments/raw/phase2b/phase2b-h3-formal-rejected-1-legal_count-midgame_250-full-20260902.json.gz	10598	fffb61e5b71497791823829d42425d8140d905d019973a9eb1b49eebe64d5921
phase2b	phase2b-h3-formal-rejected-2-legal_count-gold_payment-full-20260902.json	/tmp/phase2b-h3-formal-rejected-2-legal_count-gold_payment-full-20260902.json	176250	ad305dc9ea7d2dda55b59a4404705f46d68dc037b523abd9737932e938a317a3	doc/performance_experiments/raw/phase2b/phase2b-h3-formal-rejected-2-legal_count-gold_payment-full-20260902.json.gz	10511	dfe5f6bec9f0f4a080911c444fb04140f49eeecf8dd4b6180230908b2ea971f2
phase2b	phase2b-h3-formal-rejected-3-legal_count-gold_payment-simple-20260902.json	/tmp/phase2b-h3-formal-rejected-3-legal_count-gold_payment-simple-20260902.json	176109	0f41137babfc91be912f3cb2be2708072664425d0e7858611240914116deefd2	doc/performance_experiments/raw/phase2b/phase2b-h3-formal-rejected-3-legal_count-gold_payment-simple-20260902.json.gz	10544	f1e92289abd81863f17e938cd6374c1cfe9d32be297f80b3bffd20358ae30809
phase2b	phase2b-h3-formal-rejected-4-random_selfplay_apply-initial-full-20260902.json	/tmp/phase2b-h3-formal-rejected-4-random_selfplay_apply-initial-full-20260902.json	181564	ad954bed491341b352a9ade1561ac077311a183b8d0e9a7d6eeca92929beb5dc	doc/performance_experiments/raw/phase2b/phase2b-h3-formal-rejected-4-random_selfplay_apply-initial-full-20260902.json.gz	10697	7b6deaed6f49cd5ce99b003a1d4335246268c1e337e790bde2a95fc121a22f5d
phase2b	phase2b-h3-formal-rejected-wrapper-20260902.json	/tmp/phase2b-h3-formal-rejected-wrapper-20260902.json	791699	eba6f26bc7c7693faecb2caaface564ff36b3ad11fd23c9f498a0c8d78dd5e8f	doc/performance_experiments/raw/phase2b/phase2b-h3-formal-rejected-wrapper-20260902.json.gz	42350	2b516c6b885d79feb3a7299d8f4ac2aabbf883a776f1c58048d01cf00ddbec22
phase2b	phase2b-h3-off.text	/tmp/phase2b-h3-off.text	746794	c7678547398d8120b135d3e9a936b93ea61c9ef2b615aa02afbb91fd13893a2e	doc/performance_experiments/raw/phase2b/phase2b-h3-off.text.gz	344668	8d1e2dee8cbf5df0aa825ccaa8603460bfde4c0e76861ccabb290848b32bb9ba
phase2b	phase2b-h3-on.text	/tmp/phase2b-h3-on.text	746794	c7678547398d8120b135d3e9a936b93ea61c9ef2b615aa02afbb91fd13893a2e	doc/performance_experiments/raw/phase2b/phase2b-h3-on.text.gz	344668	8d1e2dee8cbf5df0aa825ccaa8603460bfde4c0e76861ccabb290848b32bb9ba
phase2b	phase2b-h3-smoke-1-legal_count-midgame_250-full.json	/tmp/phase2b-h3-smoke-1-legal_count-midgame_250-full.json	70664	9723d5f6bdb71a7b48e2ebf0e7a87d78d74bf5888a701b8f54ef39c9957a2bad	doc/performance_experiments/raw/phase2b/phase2b-h3-smoke-1-legal_count-midgame_250-full.json.gz	7827	ec79f0020a13bbcec2c0acae4a603199b9283a4130a625c0f4a88600db39deb1
phase2b	phase2b-h3-smoke-2-legal_count-gold_payment-full.json	/tmp/phase2b-h3-smoke-2-legal_count-gold_payment-full.json	70649	e4498a5a3de51a0930737b3f8ffd0d05222db3cbaec22cdb950fdd519c08db87	doc/performance_experiments/raw/phase2b/phase2b-h3-smoke-2-legal_count-gold_payment-full.json.gz	7821	2222230405a8a0ea4ab5dc05fcf5f4c6f814bfd034599dfbff8a3e5a9065b9be
phase2b	phase2b-h3-smoke-3-legal_count-gold_payment-simple.json	/tmp/phase2b-h3-smoke-3-legal_count-gold_payment-simple.json	70625	955555d3d49e2dac1b980a3ca1cd533437dd46065e9d9c4ee94197c423d3bd25	doc/performance_experiments/raw/phase2b/phase2b-h3-smoke-3-legal_count-gold_payment-simple.json.gz	7827	c817c1fcfb27612baf76815fbb813e5dbbe5a48762915c18b61faf9e377989ec
phase2b	phase2b-h3-smoke-4-legal_count-initial-full.json	/tmp/phase2b-h3-smoke-4-legal_count-initial-full.json	70212	d44ab577b6e492970f20e8b2bd6b0a95e0ff09a5fd3be1b5c04860a9da071913	doc/performance_experiments/raw/phase2b/phase2b-h3-smoke-4-legal_count-initial-full.json.gz	7826	ae4ee6ee46d27ee3ab65a1d56e363bd26d76c30205bf3b4e8ef8998ef2e9b0fc
phase2b	phase2b-h3-smoke-5-legal_actions-midgame_250-full.json	/tmp/phase2b-h3-smoke-5-legal_actions-midgame_250-full.json	71878	90cb192077b3fe52c88125b075a6e803363930fafa655b6626b4227a9dd2b205	doc/performance_experiments/raw/phase2b/phase2b-h3-smoke-5-legal_actions-midgame_250-full.json.gz	7885	f49625103063d88b85b9b90e9527b919e19845075b7fd166d9a215496979d240
phase2b	phase2b-h3-smoke-6-random_selfplay_apply-initial-full.json	/tmp/phase2b-h3-smoke-6-random_selfplay_apply-initial-full.json	72423	f1932946c61448b09abac609cc160a10ace3814de3738b1f74ac377fd46bc7cd	doc/performance_experiments/raw/phase2b/phase2b-h3-smoke-6-random_selfplay_apply-initial-full.json.gz	7907	6ad3d0457767ceb2563a531c7b7a57bfc9a17efbb53049363b76c4d02d80d797
phase2b	phase2b-h3-smoke-v2-1-legal_count-midgame_250-full.json	/tmp/phase2b-h3-smoke-v2-1-legal_count-midgame_250-full.json	70666	f7c38106ab326b0fec21df5b2134274caaedb42ae4bba8aa15691efb31d3dd62	doc/performance_experiments/raw/phase2b/phase2b-h3-smoke-v2-1-legal_count-midgame_250-full.json.gz	7851	36077df5a360fba3e05186e65b6ab75091b961da696d74d18b52ab426416905a
phase2b	phase2b-h3-smoke-v2-2-legal_count-gold_payment-full.json	/tmp/phase2b-h3-smoke-v2-2-legal_count-gold_payment-full.json	70657	4a1224695a770ef2b153751b40d657b6ee50c97d9ff607ff9a23c057cea404c3	doc/performance_experiments/raw/phase2b/phase2b-h3-smoke-v2-2-legal_count-gold_payment-full.json.gz	7853	922ad6ea9285bb0d8dadf81667efdb2e40c92da9b4e92e71fcb31aa107c1e5a3
phase2b	phase2b-h3-smoke-v2-3-legal_count-gold_payment-simple.json	/tmp/phase2b-h3-smoke-v2-3-legal_count-gold_payment-simple.json	70615	41030603d746dd363b7d52ec1e11d3e38ce0369c6ba70c8de33f5ffd692e00b1	doc/performance_experiments/raw/phase2b/phase2b-h3-smoke-v2-3-legal_count-gold_payment-simple.json.gz	7837	00b18f5d4a73f9361c9007e64ceb1c6afd90269eb3f6203ff6682cdd1aefc9b3
phase2b	phase2b-h3-smoke-v2-4-legal_count-initial-full.json	/tmp/phase2b-h3-smoke-v2-4-legal_count-initial-full.json	70205	828d328baf19ad6366d193d35652d155ed515d749f1b678824cdde3eee256bb3	doc/performance_experiments/raw/phase2b/phase2b-h3-smoke-v2-4-legal_count-initial-full.json.gz	7806	739cb5886f525127c9eea1966ef8a4e6a8c793424355ee95dbb0caa56ad306cc
phase2b	phase2b-h3-smoke-v2-5-legal_actions-midgame_250-full.json	/tmp/phase2b-h3-smoke-v2-5-legal_actions-midgame_250-full.json	71875	ca56e52a94ff67bfe2d5c3972972333c31a9c10936087414609063f3e685957d	doc/performance_experiments/raw/phase2b/phase2b-h3-smoke-v2-5-legal_actions-midgame_250-full.json.gz	7907	e60bed9e11a38a0072f597738c06ef6e737180042e123d5977377a5d63938c86
phase2b	phase2b-h3-smoke-v2-6-random_selfplay_apply-initial-full.json	/tmp/phase2b-h3-smoke-v2-6-random_selfplay_apply-initial-full.json	72424	9473509cc281f6d8b3488fa199354359bb2eebc1b49319ed77791a717dae8c78	doc/performance_experiments/raw/phase2b/phase2b-h3-smoke-v2-6-random_selfplay_apply-initial-full.json.gz	7913	d10093872f2c62887d6093c35a18126281df939dce6f65d776f7e82067f586c3
phase2b	phase2b-h4-payment-formal-rejected-1-legal_codes-gold_payment-20260902.json	/tmp/phase2b-h4-payment-formal-rejected-1-legal_codes-gold_payment-20260902.json	179887	94784dedd8ca6f9532dc5b3bd2e1a58b0d086da671f408c9f76afe1b1ed1e362	doc/performance_experiments/raw/phase2b/phase2b-h4-payment-formal-rejected-1-legal_codes-gold_payment-20260902.json.gz	10493	5c180fa41f00c8468deaa1e0503b16c00e295f5820a2ff77d5999002bd016714
phase2b	phase2b-h4-payment-formal-rejected-2-legal_count-gold_payment-20260902.json	/tmp/phase2b-h4-payment-formal-rejected-2-legal_count-gold_payment-20260902.json	177132	c50052cc2702754d768c07109b1019cbb36e836413daa9c71dd0d50044dbe4c6	doc/performance_experiments/raw/phase2b/phase2b-h4-payment-formal-rejected-2-legal_count-gold_payment-20260902.json.gz	10526	2ea704358e9dab494e7755553b5a6ba98aa6b199e2351fb195e5efeee155252c
phase2b	phase2b-h4-payment-formal-rejected-3-legal_codes-midgame_250-20260902.json	/tmp/phase2b-h4-payment-formal-rejected-3-legal_codes-midgame_250-20260902.json	175482	61c7ea0291b18538e411e1f9e01b9ff0ff448d5a42922934a7fc9f98e16dfec8	doc/performance_experiments/raw/phase2b/phase2b-h4-payment-formal-rejected-3-legal_codes-midgame_250-20260902.json.gz	10577	5d8e49ffd9183015f1f5dfd0a7065ac12265554b291bfcf26118eed3d7fc7dbc
phase2b	phase2b-h4-payment-formal-rejected-4-random_selfplay-20260902.json	/tmp/phase2b-h4-payment-formal-rejected-4-random_selfplay-20260902.json	180749	42d97e3d1589dd91c06aafc086dc12fc9e57837e03059e9903ade0696af67670	doc/performance_experiments/raw/phase2b/phase2b-h4-payment-formal-rejected-4-random_selfplay-20260902.json.gz	10598	a39b5b4a5c79e2223f14adab2ef551bf89243cc1e84f7364153f8c4d5f579b41
phase2b	phase2b-h4-payment-formal-rejected-wrapper-20260902.json	/tmp/phase2b-h4-payment-formal-rejected-wrapper-20260902.json	794892	0a418447b234118910152444c9b560918c107c1c4d608f5367555c8a7594d03f	doc/performance_experiments/raw/phase2b/phase2b-h4-payment-formal-rejected-wrapper-20260902.json.gz	42249	0585db804504485ad6d4f015c6fac818d56e4852341c23ab941b0f53aad5a864
phase2b	phase2b-h4-payment-off.text	/tmp/phase2b-h4-payment-off.text	774634	57e1f6ad8fe22d408810842b5023510b602b134a92c8f4389295c494e4ebf2b9	doc/performance_experiments/raw/phase2b/phase2b-h4-payment-off.text.gz	352895	1bd71c3b957f6e21ec0c5d1e1e242e948de817e633fde6f228d4970e80329f89
phase2b	phase2b-h4-payment-on.text	/tmp/phase2b-h4-payment-on.text	774634	57e1f6ad8fe22d408810842b5023510b602b134a92c8f4389295c494e4ebf2b9	doc/performance_experiments/raw/phase2b/phase2b-h4-payment-on.text.gz	352895	1bd71c3b957f6e21ec0c5d1e1e242e948de817e633fde6f228d4970e80329f89
phase2b	phase2b-h4-payment-smoke-1-legal_codes-gold_payment.json	/tmp/phase2b-h4-payment-smoke-1-legal_codes-gold_payment.json	72054	946d04c7ec64f78b149fa446216c3bb5c383983b5cae4c726d82c6568152cafc	doc/performance_experiments/raw/phase2b/phase2b-h4-payment-smoke-1-legal_codes-gold_payment.json.gz	7879	3b721cab0f341598236a253523203a34c898d6ffc6bdf660427eb4c14264f8b5
phase2b	phase2b-h4-payment-smoke-2-legal_actions-gold_payment.json	/tmp/phase2b-h4-payment-smoke-2-legal_actions-gold_payment.json	72134	7e467d937a420a90a50c3250b01b8db0a346006e2b8a5533c6c3ff84d7dbe035	doc/performance_experiments/raw/phase2b/phase2b-h4-payment-smoke-2-legal_actions-gold_payment.json.gz	7868	e3b255c70f28d2a255d8bd6e90c8387e18a5556875ec407d878307445d961931
phase2b	phase2b-h4-payment-smoke-3-legal_count-gold_payment.json	/tmp/phase2b-h4-payment-smoke-3-legal_count-gold_payment.json	71007	d5d4e099e46b841495832ca449179750059aa8f4510b3db2ad1535516232b736	doc/performance_experiments/raw/phase2b/phase2b-h4-payment-smoke-3-legal_count-gold_payment.json.gz	7852	efcd106b6a558785886c8c274fe8f6e7086784491674436842774f1f2ecf6e0d
phase2b	phase2b-h4-payment-smoke-4-legal_codes-midgame_250.json	/tmp/phase2b-h4-payment-smoke-4-legal_codes-midgame_250.json	70799	b11bbb11c5a37a52dc127c8fa858687e37ea52090b5a7d1911f6a36e6ed53ec0	doc/performance_experiments/raw/phase2b/phase2b-h4-payment-smoke-4-legal_codes-midgame_250.json.gz	7882	684a98f5b9d02828d7d322c29e72e226920b022a5213310e902ade6f0b1df9ce
phase2b	phase2b-h4-payment-smoke-5-random_selfplay.json	/tmp/phase2b-h4-payment-smoke-5-random_selfplay.json	72269	afb67ab75b16cef4eb956e2a2a6aa9116b198d24144eca3a14a36e072d1befc8	doc/performance_experiments/raw/phase2b/phase2b-h4-payment-smoke-5-random_selfplay.json.gz	7868	574878be88b90f3219afb66ba1f836fbc439e5d050bfdd6880839beec37b2a59
phase2b	phase2b-h4-return-extra-1-legal_codes-token_return-20260902.json	/tmp/phase2b-h4-return-extra-1-legal_codes-token_return-20260902.json	175568	1abe57e21adcbc2bdb2104acc245a5fe66da841714e1237ab824563abcc58c6d	doc/performance_experiments/raw/phase2b/phase2b-h4-return-extra-1-legal_codes-token_return-20260902.json.gz	10662	8ced307f5d5dff5e04833e5cb5a37fd7d1eb842fba291031c5c679726a61e931
phase2b	phase2b-h4-return-extra-2-legal_actions-token_return-20260902.json	/tmp/phase2b-h4-return-extra-2-legal_actions-token_return-20260902.json	175804	1b0e22468ee8c6b2aabd1465b04684615d3cf1444890ba49885a3b651c1c9408	doc/performance_experiments/raw/phase2b/phase2b-h4-return-extra-2-legal_actions-token_return-20260902.json.gz	10690	67dd8a5441baf46ba8212ed14044f567d4b8744ba9bdb15d01d5e14b64bfcd2f
phase2b	phase2b-h4-return-extra-3-legal_codes-editor_fallback-20260902.json	/tmp/phase2b-h4-return-extra-3-legal_codes-editor_fallback-20260902.json	178272	07bf6f01d6738d44c63e6b699427bc479962004124d35e546896c42a32f0e92b	doc/performance_experiments/raw/phase2b/phase2b-h4-return-extra-3-legal_codes-editor_fallback-20260902.json.gz	10629	7414f955f620827bc756a740d9b8df8b9607126421f2b2e9d67c73e45d44e253
phase2b	phase2b-h4-return-extra-4-legal_codes-five_moves-20260902.json	/tmp/phase2b-h4-return-extra-4-legal_codes-five_moves-20260902.json	174990	359ec812d6ed4cda400426b67f3bd9bf46424ab05b0514182b6bc027ddd68d56	doc/performance_experiments/raw/phase2b/phase2b-h4-return-extra-4-legal_codes-five_moves-20260902.json.gz	10562	73fed26408f816e6bfb8eae54104575f26d14d7eb6b7b6126d3e2feca263c7cd
phase2b	phase2b-h4-return-formal-20260902.csv	/tmp/phase2b-h4-return-formal-20260902.csv	4743	d89aa949ddaa86fd7444155a88c3d35682607faabbda3cc1f299cc5ae7f3393e	doc/performance_experiments/raw/phase2b/phase2b-h4-return-formal-20260902.csv.gz	2458	6a8a494118602606a1a976551460767e5e703489aa0ba118324bf0d235054fe3
phase2b	phase2b-h4-return-formal-20260902.json	/tmp/phase2b-h4-return-formal-20260902.json	5111484	92f7098da0aa6f60b1497dc0112161a138044ac8b08352d87f715f844a631cf9	doc/performance_experiments/raw/phase2b/phase2b-h4-return-formal-20260902.json.gz	252757	379c1534798ccbfbd1398d5f775f691172244ca83562b82ef5eedebe98ac9153
phase2b	phase2b-h4-return-off.text	/tmp/phase2b-h4-return-off.text	767210	3e702e5facffbe3657af3369b8b253283668c7220a7d7d36ceac535762c07304	doc/performance_experiments/raw/phase2b/phase2b-h4-return-off.text.gz	352364	1befc328d47788689e1f9661096deee2049e69728c318d07fb7bca7b1f57f62e
phase2b	phase2b-h4-return-on.text	/tmp/phase2b-h4-return-on.text	767210	3e702e5facffbe3657af3369b8b253283668c7220a7d7d36ceac535762c07304	doc/performance_experiments/raw/phase2b/phase2b-h4-return-on.text.gz	352364	1befc328d47788689e1f9661096deee2049e69728c318d07fb7bca7b1f57f62e
phase2b	phase2b-h4-return-python-a1.json	/tmp/phase2b-h4-return-python-a1.json	4125	bbd3e0912df1f4973f1ff0a321fa5d325e77801d41e0591139064e7a1dda8670	doc/performance_experiments/raw/phase2b/phase2b-h4-return-python-a1.json.gz	1737	81521a8750ebcc7b92292cd70742214c15d5e73b10096adc895e9db93e56e5e2
phase2b	phase2b-h4-return-python-a1.stdout	/tmp/phase2b-h4-return-python-a1.stdout	4125	bbd3e0912df1f4973f1ff0a321fa5d325e77801d41e0591139064e7a1dda8670	doc/performance_experiments/raw/phase2b/phase2b-h4-return-python-a1.stdout.gz	1737	81521a8750ebcc7b92292cd70742214c15d5e73b10096adc895e9db93e56e5e2
phase2b	phase2b-h4-return-python-a2.json	/tmp/phase2b-h4-return-python-a2.json	4127	071c2103eb17451cd1f8e51e915259ed0f6ab4baf40e51624e581d8cd8082d12	doc/performance_experiments/raw/phase2b/phase2b-h4-return-python-a2.json.gz	1702	6856e5c296482a7a66cfe523b7ce8539e642f93499d46c9d89ead20c52f58531
phase2b	phase2b-h4-return-python-a2.stdout	/tmp/phase2b-h4-return-python-a2.stdout	4127	071c2103eb17451cd1f8e51e915259ed0f6ab4baf40e51624e581d8cd8082d12	doc/performance_experiments/raw/phase2b/phase2b-h4-return-python-a2.stdout.gz	1702	6856e5c296482a7a66cfe523b7ce8539e642f93499d46c9d89ead20c52f58531
phase2b	phase2b-h4-return-python-a3.json	/tmp/phase2b-h4-return-python-a3.json	4113	d6ede46215b5387639afe4bc89924ac5bf1f642ce5539abae16e578895288191	doc/performance_experiments/raw/phase2b/phase2b-h4-return-python-a3.json.gz	1718	0f1b18723a14c37d288f64c26e9dadc394ba48d6d4c9ae96659fa327263b505b
phase2b	phase2b-h4-return-python-a3.stdout	/tmp/phase2b-h4-return-python-a3.stdout	4113	d6ede46215b5387639afe4bc89924ac5bf1f642ce5539abae16e578895288191	doc/performance_experiments/raw/phase2b/phase2b-h4-return-python-a3.stdout.gz	1718	0f1b18723a14c37d288f64c26e9dadc394ba48d6d4c9ae96659fa327263b505b
phase2b	phase2b-h4-return-python-a4.json	/tmp/phase2b-h4-return-python-a4.json	4130	d6ec5d3c55729fd98809e481fcd4d381d63078942a6d82f9e434d58cbe336661	doc/performance_experiments/raw/phase2b/phase2b-h4-return-python-a4.json.gz	1735	f56b988fb7ce4d696949ea6c76273bc6732ef663918cff9aae6ceb1ebbc1e3db
phase2b	phase2b-h4-return-python-a4.stdout	/tmp/phase2b-h4-return-python-a4.stdout	4130	d6ec5d3c55729fd98809e481fcd4d381d63078942a6d82f9e434d58cbe336661	doc/performance_experiments/raw/phase2b/phase2b-h4-return-python-a4.stdout.gz	1735	f56b988fb7ce4d696949ea6c76273bc6732ef663918cff9aae6ceb1ebbc1e3db
phase2b	phase2b-h4-return-python-b1.json	/tmp/phase2b-h4-return-python-b1.json	4142	c94a3d4ccaa42ee4f29e9caf370775168f72837eb1af80b37ab333899e973750	doc/performance_experiments/raw/phase2b/phase2b-h4-return-python-b1.json.gz	1731	2ace510e442b266a918d2574e9caf3e6c9e14d899f7895505f8256a76ba2af98
phase2b	phase2b-h4-return-python-b1.stdout	/tmp/phase2b-h4-return-python-b1.stdout	4142	c94a3d4ccaa42ee4f29e9caf370775168f72837eb1af80b37ab333899e973750	doc/performance_experiments/raw/phase2b/phase2b-h4-return-python-b1.stdout.gz	1731	2ace510e442b266a918d2574e9caf3e6c9e14d899f7895505f8256a76ba2af98
phase2b	phase2b-h4-return-python-b2.json	/tmp/phase2b-h4-return-python-b2.json	4155	5138f47b99901b747a3b9019f42e727eb72e6558a69f25bb02d5bed5a165f4b5	doc/performance_experiments/raw/phase2b/phase2b-h4-return-python-b2.json.gz	1733	43db8ea53cf914bb05bb588bc9dc4b26573ae39b710cdfd3749378f28937b12a
phase2b	phase2b-h4-return-python-b2.stdout	/tmp/phase2b-h4-return-python-b2.stdout	4155	5138f47b99901b747a3b9019f42e727eb72e6558a69f25bb02d5bed5a165f4b5	doc/performance_experiments/raw/phase2b/phase2b-h4-return-python-b2.stdout.gz	1733	43db8ea53cf914bb05bb588bc9dc4b26573ae39b710cdfd3749378f28937b12a
phase2b	phase2b-h4-return-python-b3.json	/tmp/phase2b-h4-return-python-b3.json	4168	a5206b0793e72a35997b7ad896bf515c2b1f4f54c0550c02c6446b1151cf9941	doc/performance_experiments/raw/phase2b/phase2b-h4-return-python-b3.json.gz	1734	e3b90949dc2dc601be103037644a9bb31e0e1d03b9f6a2ba56beb4f1af7644ea
phase2b	phase2b-h4-return-python-b3.stdout	/tmp/phase2b-h4-return-python-b3.stdout	4168	a5206b0793e72a35997b7ad896bf515c2b1f4f54c0550c02c6446b1151cf9941	doc/performance_experiments/raw/phase2b/phase2b-h4-return-python-b3.stdout.gz	1734	e3b90949dc2dc601be103037644a9bb31e0e1d03b9f6a2ba56beb4f1af7644ea
phase2b	phase2b-h4-return-python-b4.json	/tmp/phase2b-h4-return-python-b4.json	4152	49a65620bb317f4057d79c88bd0ee2c8ff6c28f0aa71376a76df7821a8e4eab1	doc/performance_experiments/raw/phase2b/phase2b-h4-return-python-b4.json.gz	1725	2136ffe70a39d9d70a539991262bca6e75554a528d215377c5f9c25c6cb42e0d
phase2b	phase2b-h4-return-python-b4.stdout	/tmp/phase2b-h4-return-python-b4.stdout	4152	49a65620bb317f4057d79c88bd0ee2c8ff6c28f0aa71376a76df7821a8e4eab1	doc/performance_experiments/raw/phase2b/phase2b-h4-return-python-b4.stdout.gz	1725	2136ffe70a39d9d70a539991262bca6e75554a528d215377c5f9c25c6cb42e0d
phase2b	phase2b-h4-return-smoke-1-legal_codes-token_return.json	/tmp/phase2b-h4-return-smoke-1-legal_codes-token_return.json	70733	ec30e5e39762a7bea41aac8295c2ef10ca2f7c778de732d2c5b21fe48829ccd3	doc/performance_experiments/raw/phase2b/phase2b-h4-return-smoke-1-legal_codes-token_return.json.gz	7906	0db69c036f3fce97971a6a11a02cab6c529dd8b9bf0652b29614cd43040e32e1
phase2b	phase2b-h4-return-smoke-2-legal_actions-token_return.json	/tmp/phase2b-h4-return-smoke-2-legal_actions-token_return.json	70808	2c70b9130e67417389300ba96ac4195a1e01a61b03d20c6cbad1e7cec2655f6a	doc/performance_experiments/raw/phase2b/phase2b-h4-return-smoke-2-legal_actions-token_return.json.gz	7894	8672c35f840bd60952d857fadf494431bb4d9b24de185d7ebfa6e385d5f1bb11
phase2b	phase2b-h4-return-smoke-3-legal_codes-midgame_250.json	/tmp/phase2b-h4-return-smoke-3-legal_codes-midgame_250.json	70680	29bf7235c1f9fc3d868fbed1f2f17e75eb9f21f474a6afe4dedfdfe621f4b329	doc/performance_experiments/raw/phase2b/phase2b-h4-return-smoke-3-legal_codes-midgame_250.json.gz	7878	194ac3c37a6e65ba93f09ca3071cf7e448d39289f9acac7c34fb38c7ea803f13
phase2b	phase2b-h4-return-smoke-4-legal_actions-midgame_250.json	/tmp/phase2b-h4-return-smoke-4-legal_actions-midgame_250.json	70756	05bdefe4d1559cc5aca74597fa95456ac0366561806da4a67fcc62817c860d45	doc/performance_experiments/raw/phase2b/phase2b-h4-return-smoke-4-legal_actions-midgame_250.json.gz	7903	13223164cbeb292f41b361e82416f036059cd83ed25365016f69f1292413a081
phase2b	phase2b-h4-return-smoke-5-random_selfplay_apply-initial.json	/tmp/phase2b-h4-return-smoke-5-random_selfplay_apply-initial.json	71307	96be81b87a6b35d0a8b9e3e849fe383d79c28c0d834ea7cf14c96318e7128609	doc/performance_experiments/raw/phase2b/phase2b-h4-return-smoke-5-random_selfplay_apply-initial.json.gz	7904	cab9b16bec07ca282e8276ef6915cb5d476186665bc0a38ce9fa2bdaf19ac4d2
phase2b	phase2b-h5-packed-adaptive-1-legal_codes-five_moves-20260902.json	/tmp/phase2b-h5-packed-adaptive-1-legal_codes-five_moves-20260902.json	175202	3afd02ba8a73dbf62dcef6be036d6700357c158ee8989f7072de27a278e83d9a	doc/performance_experiments/raw/phase2b/phase2b-h5-packed-adaptive-1-legal_codes-five_moves-20260902.json.gz	10607	0dc79f4b68b330414a4fa13407f4735a8d1ba7a2af68c08966e42598147c2984
phase2b	phase2b-h5-packed-adaptive-2-legal_codes-midgame_250-20260902.json	/tmp/phase2b-h5-packed-adaptive-2-legal_codes-midgame_250-20260902.json	175503	d447044ec0f6ae983e1e9dc37c2585ab100840b2b98ee93ebf28ab50afb559b8	doc/performance_experiments/raw/phase2b/phase2b-h5-packed-adaptive-2-legal_codes-midgame_250-20260902.json.gz	10643	8b77937f977c7301682aa584667e9c33beaa2ad1b23818f5040eec79c431f8d6
phase2b	phase2b-h5-packed-extra-1-legal_codes-token_return-20260902.json	/tmp/phase2b-h5-packed-extra-1-legal_codes-token_return-20260902.json	175739	c23ef3b54614058da5476debdec872e03fd8879d5ec48b47c8ed46cfd10b4e8b	doc/performance_experiments/raw/phase2b/phase2b-h5-packed-extra-1-legal_codes-token_return-20260902.json.gz	10717	3fa905fc532e0f158ac7b2ee0b40f27dabeefd54c5c460f7b3be8056c34c5051
phase2b	phase2b-h5-packed-extra-2-legal_codes-five_moves-20260902.json	/tmp/phase2b-h5-packed-extra-2-legal_codes-five_moves-20260902.json	175192	2818d83c186c779e33ec97d7957e92e236cb21cf2552420aab1912c9c2bacdff	doc/performance_experiments/raw/phase2b/phase2b-h5-packed-extra-2-legal_codes-five_moves-20260902.json.gz	10696	aa1614fda6daa0a4385e18789045bc184a04334fe9e477b9efee25b54fccb2eb
phase2b	phase2b-h5-packed-extra-3-legal_codes-gold_payment-20260902.json	/tmp/phase2b-h5-packed-extra-3-legal_codes-gold_payment-20260902.json	175309	9cb807f8494598d6490a8e6de7786913e4f48c4669f280e32124552412b99d36	doc/performance_experiments/raw/phase2b/phase2b-h5-packed-extra-3-legal_codes-gold_payment-20260902.json.gz	10634	acc35c98a6eebe1985cc4c69dbf7f05f86df0c46382133869a7cdd3cebe0edbb
phase2b	phase2b-h5-packed-extra-4-legal_codes-editor_fallback-20260902.json	/tmp/phase2b-h5-packed-extra-4-legal_codes-editor_fallback-20260902.json	178890	d8ec7ab0dbb02e3a159f36678f72d029a9e2d046476b2f57c092d5cf7f9ef253	doc/performance_experiments/raw/phase2b/phase2b-h5-packed-extra-4-legal_codes-editor_fallback-20260902.json.gz	10799	4a4754d65f444b24f8f4a1a04b8b2733c7b11c36cd4e61ca5b261d41ca2aa940
phase2b	phase2b-h5-packed-final-boundaries-wrapper-20260902.json	/tmp/phase2b-h5-packed-final-boundaries-wrapper-20260902.json	784622	5ca089e907f327dec661d87950f6f0cbe58994ffb4f4681decf16ee78305a891	doc/performance_experiments/raw/phase2b/phase2b-h5-packed-final-boundaries-wrapper-20260902.json.gz	42647	eca9c407268fbe003c602eb3581e6fe5eb8ba07db29a3f6ee8d0dfa1d78384d7
phase2b	phase2b-h5-packed-final-extra-1-legal_codes-token_return-20260902.json	/tmp/phase2b-h5-packed-final-extra-1-legal_codes-token_return-20260902.json	175731	032f45256a7bce3d53d157b9751bc1eba36503a1adf600976ad1a286a525741d	doc/performance_experiments/raw/phase2b/phase2b-h5-packed-final-extra-1-legal_codes-token_return-20260902.json.gz	10718	ae39f52d99ad64dab2ca731e4cbbb3c9801860d07bbdc3f6572372c7060b3d3a
phase2b	phase2b-h5-packed-final-extra-2-legal_codes-gold_payment-20260902.json	/tmp/phase2b-h5-packed-final-extra-2-legal_codes-gold_payment-20260902.json	175327	086949fd53d03ac3687ec00b01e820634ab3947f39438318e8484dd713b197e6	doc/performance_experiments/raw/phase2b/phase2b-h5-packed-final-extra-2-legal_codes-gold_payment-20260902.json.gz	10589	3e0b47834a15a6933b81e08d06834cc5cab97159a8e0db344e6523738ee17095
phase2b	phase2b-h5-packed-final-extra-3-legal_codes-editor_fallback-20260902.json	/tmp/phase2b-h5-packed-final-extra-3-legal_codes-editor_fallback-20260902.json	178568	6b28bf1a24bcf5ef1c81ce1bb5b4fbbcdf7afb86dc851f897ad4d86714523b10	doc/performance_experiments/raw/phase2b/phase2b-h5-packed-final-extra-3-legal_codes-editor_fallback-20260902.json.gz	10725	a04d2d5c26c704b2e8eca49ff94b387bde30d6906281417de7ba4cc6a45dd8ac
phase2b	phase2b-h5-packed-final-off.text	/tmp/phase2b-h5-packed-final-off.text	766250	950647fd3d85c931055a2c02e78e84efbb147cc0f0e18b37557d24a51e58c9e6	doc/performance_experiments/raw/phase2b/phase2b-h5-packed-final-off.text.gz	353512	91d05743e8c322d034cc54ce4ed4161dad89f2a5fa15c2121277bb7af2225288
phase2b	phase2b-h5-packed-final-on.text	/tmp/phase2b-h5-packed-final-on.text	766250	950647fd3d85c931055a2c02e78e84efbb147cc0f0e18b37557d24a51e58c9e6	doc/performance_experiments/raw/phase2b/phase2b-h5-packed-final-on.text.gz	353512	91d05743e8c322d034cc54ce4ed4161dad89f2a5fa15c2121277bb7af2225288
phase2b	phase2b-h5-packed-formal-20260902.csv	/tmp/phase2b-h5-packed-formal-20260902.csv	4731	c82eda0002ccb42cc853c6ee978b8796f1aa95a30f8a979232f7c9db01f2f856	doc/performance_experiments/raw/phase2b/phase2b-h5-packed-formal-20260902.csv.gz	2424	45af2e6c3b9c1a463ec1a19e8bfaa1e8d411c94a609bf34a806e4d132da1d322
phase2b	phase2b-h5-packed-formal-20260902.json	/tmp/phase2b-h5-packed-formal-20260902.json	5116586	278e5f5e52c735289a09515987c44b021cf1b79639e0c5938102d05d04509cee	doc/performance_experiments/raw/phase2b/phase2b-h5-packed-formal-20260902.json.gz	254291	ced667a34d5bc4ee17dd09bfe6d745e2716c33a88e9680eb0ef4197f076849cb
phase2b	phase2b-h5-packed-formal-final-20260902.csv	/tmp/phase2b-h5-packed-formal-final-20260902.csv	4745	2156ad17b144c90cb8e1e90ebae9d2ed8634c3e2d092a1eb175aa3d03a2f811d	doc/performance_experiments/raw/phase2b/phase2b-h5-packed-formal-final-20260902.csv.gz	2435	ff653144b37a84a06c1c41b346062c569aafdb5ec43082fdd44df274c902c62e
phase2b	phase2b-h5-packed-formal-final-20260902.json	/tmp/phase2b-h5-packed-formal-final-20260902.json	5116488	cbb7631d5dcc37696ac14c7243345151b87775abbb0da3fe56a39f2ddf9bb1b3	doc/performance_experiments/raw/phase2b/phase2b-h5-packed-formal-final-20260902.json.gz	254233	f9135d7d5ee1dd5948d82b7e12f413c162628b22129ea6a6e4f5796bc61328e2
phase2b	phase2b-h5-packed-off.text	/tmp/phase2b-h5-packed-off.text	762794	2213215e4752ddce3c2c5e73d146f1b6223808cd9513ecb16c4494c69aa5ed51	doc/performance_experiments/raw/phase2b/phase2b-h5-packed-off.text.gz	351539	22fca557639e0f1e70468bf4619b81154252332869d086efc9170d303e44657c
phase2b	phase2b-h5-packed-on.text	/tmp/phase2b-h5-packed-on.text	762794	2213215e4752ddce3c2c5e73d146f1b6223808cd9513ecb16c4494c69aa5ed51	doc/performance_experiments/raw/phase2b/phase2b-h5-packed-on.text.gz	351539	22fca557639e0f1e70468bf4619b81154252332869d086efc9170d303e44657c
phase2b	phase2b-h5-packed-smoke-1-legal_codes-midgame_250.json	/tmp/phase2b-h5-packed-smoke-1-legal_codes-midgame_250.json	70868	dfc52d709a78d5c7f9710a2316ad9c74419a1fca8b7d99f26cd4f4b087f7d059	doc/performance_experiments/raw/phase2b/phase2b-h5-packed-smoke-1-legal_codes-midgame_250.json.gz	7944	3703ae46b4eeabac416ff54e5c1e59ea3674cd92891394bd9f12973c43ac772f
phase2b	phase2b-h5-packed-smoke-2-legal_codes-token_return.json	/tmp/phase2b-h5-packed-smoke-2-legal_codes-token_return.json	70934	91e86daf5954d826604c3a99c598a85eb92b86fd721c680a72c1f00800e5e4ab	doc/performance_experiments/raw/phase2b/phase2b-h5-packed-smoke-2-legal_codes-token_return.json.gz	7898	af893244ebaaa33bc4f9f74dd034a7808ae15e7947d646d88942b96e3c6e1dac
phase2b	phase2b-h5-packed-smoke-3-legal_codes-five_moves.json	/tmp/phase2b-h5-packed-smoke-3-legal_codes-five_moves.json	70765	451a3efb97cd6a426c852fb9253880cf2c67e8f4d1d1f68a0442da4a8a322c08	doc/performance_experiments/raw/phase2b/phase2b-h5-packed-smoke-3-legal_codes-five_moves.json.gz	7894	bd736be866bc316302738221cfb1df4641ecfead5220e97ba338759389884bc9
phase2b	phase2b-h5-packed-smoke-4-legal_codes-gold_payment.json	/tmp/phase2b-h5-packed-smoke-4-legal_codes-gold_payment.json	70810	1a3daa5c51edc6d498f607d035c217b4a17abb70fb43dea34ca47701b292f252	doc/performance_experiments/raw/phase2b/phase2b-h5-packed-smoke-4-legal_codes-gold_payment.json.gz	7908	903ad4d0324b743ea2e26a2b0edf5bb2c5a1814d50db3fc3629d6b7397a87a2c
phase2b	phase2b-h5-packed-smoke-v2-1-legal_codes-midgame_250.json	/tmp/phase2b-h5-packed-smoke-v2-1-legal_codes-midgame_250.json	70854	6b3e84bb2e05006ac667dcf25ff2e21fdac16232cd2ba7ac4b98fc3d0058b202	doc/performance_experiments/raw/phase2b/phase2b-h5-packed-smoke-v2-1-legal_codes-midgame_250.json.gz	7912	94053bc0f20d1ef886d372cb4fbe99979e9e4ed16b4d8ae78a3e930c355ce96d
phase2b	phase2b-h5-python-A.json	/tmp/phase2b-h5-python-A.json	3020	ca141137dc057f22e427a1cbab3466d27faf451f234d06c0d0bf21cf66be9325	doc/performance_experiments/raw/phase2b/phase2b-h5-python-A.json.gz	1335	eb7f2d5e8d604d4ab08431428df684caa7fec0c9ecb3de1db9ee04f3d26e313c
phase2b	phase2b-h5-python-A1.json	/tmp/phase2b-h5-python-A1.json	1379	aae1f17b3fa7ccf99c5adb2b764fb3b4a9a0d1000a6641b5a66066d66a10a774	doc/performance_experiments/raw/phase2b/phase2b-h5-python-A1.json.gz	684	b58167cd28e033046c9312ba4c7cb5e25569a040189f94e65df20a592afa7992
phase2b	phase2b-h5-python-A1.stdout	/tmp/phase2b-h5-python-A1.stdout	1379	aae1f17b3fa7ccf99c5adb2b764fb3b4a9a0d1000a6641b5a66066d66a10a774	doc/performance_experiments/raw/phase2b/phase2b-h5-python-A1.stdout.gz	684	b58167cd28e033046c9312ba4c7cb5e25569a040189f94e65df20a592afa7992
phase2b	phase2b-h5-python-A2.json	/tmp/phase2b-h5-python-A2.json	1379	0b45022269aeb533069d046a1990b51d43492ef4626429c41a5cee2ed378a640	doc/performance_experiments/raw/phase2b/phase2b-h5-python-A2.json.gz	687	b1f05be7f896c56e7aa68087ff4e91aa5b33ff7482e443f1068e7b1f11d63520
phase2b	phase2b-h5-python-A2.stdout	/tmp/phase2b-h5-python-A2.stdout	1379	0b45022269aeb533069d046a1990b51d43492ef4626429c41a5cee2ed378a640	doc/performance_experiments/raw/phase2b/phase2b-h5-python-A2.stdout.gz	687	b1f05be7f896c56e7aa68087ff4e91aa5b33ff7482e443f1068e7b1f11d63520
phase2b	phase2b-h5-python-A3.json	/tmp/phase2b-h5-python-A3.json	1379	423f75bc99753a54862d4fb969cf1304e6753be0bebc58ca5aa2b18a4d676b94	doc/performance_experiments/raw/phase2b/phase2b-h5-python-A3.json.gz	688	349d359d49e12686ac43388f1d7855fbed4d609d884ffd982e45bbde013ffbb1
phase2b	phase2b-h5-python-A3.stdout	/tmp/phase2b-h5-python-A3.stdout	1379	423f75bc99753a54862d4fb969cf1304e6753be0bebc58ca5aa2b18a4d676b94	doc/performance_experiments/raw/phase2b/phase2b-h5-python-A3.stdout.gz	688	349d359d49e12686ac43388f1d7855fbed4d609d884ffd982e45bbde013ffbb1
phase2b	phase2b-h5-python-A4.json	/tmp/phase2b-h5-python-A4.json	1382	68ee980ad1341055550ae71a80287431ab68f1628545d2685c8c99f779efd700	doc/performance_experiments/raw/phase2b/phase2b-h5-python-A4.json.gz	686	9dc752033062b57b7cbce8b2fadfb20401f1c9b4f660edbb12e7c9b24bf00c2b
phase2b	phase2b-h5-python-A4.stdout	/tmp/phase2b-h5-python-A4.stdout	1382	68ee980ad1341055550ae71a80287431ab68f1628545d2685c8c99f779efd700	doc/performance_experiments/raw/phase2b/phase2b-h5-python-A4.stdout.gz	686	9dc752033062b57b7cbce8b2fadfb20401f1c9b4f660edbb12e7c9b24bf00c2b
phase2b	phase2b-h5-python-B.json	/tmp/phase2b-h5-python-B.json	3015	511cbecfdac6ce269ec3e4e8d2963c2b7c4b5e7c718e0c109ca4b915d9a627af	doc/performance_experiments/raw/phase2b/phase2b-h5-python-B.json.gz	1334	752ca7a6054c68b66af4c91b6e65f15f4543c87307a89824246f8f3f7dbf776a
phase2b	phase2b-h5-python-B1.json	/tmp/phase2b-h5-python-B1.json	1382	cc3b32d4ade782e4978b8591bffc02e5f8e7fb5a3ad6f04122938003256a24c5	doc/performance_experiments/raw/phase2b/phase2b-h5-python-B1.json.gz	689	f5435941abe6ec0ce9c3a7a47f844e9acebe45b473145513d7e478e5a19bb3f6
phase2b	phase2b-h5-python-B1.stdout	/tmp/phase2b-h5-python-B1.stdout	1382	cc3b32d4ade782e4978b8591bffc02e5f8e7fb5a3ad6f04122938003256a24c5	doc/performance_experiments/raw/phase2b/phase2b-h5-python-B1.stdout.gz	689	f5435941abe6ec0ce9c3a7a47f844e9acebe45b473145513d7e478e5a19bb3f6
phase2b	phase2b-h5-python-B2.json	/tmp/phase2b-h5-python-B2.json	1378	18473e84c7a9db182f6bd5999d8d496545cc4868ff059d8713f36797020db9ab	doc/performance_experiments/raw/phase2b/phase2b-h5-python-B2.json.gz	680	bf84fc436881fea4f9ef5a585b26de2289f2818a7b2e7a2f8fb0a58cda4ab798
phase2b	phase2b-h5-python-B2.stdout	/tmp/phase2b-h5-python-B2.stdout	1378	18473e84c7a9db182f6bd5999d8d496545cc4868ff059d8713f36797020db9ab	doc/performance_experiments/raw/phase2b/phase2b-h5-python-B2.stdout.gz	680	bf84fc436881fea4f9ef5a585b26de2289f2818a7b2e7a2f8fb0a58cda4ab798
phase2b	phase2b-h5-python-B3.json	/tmp/phase2b-h5-python-B3.json	1377	e3c3d48779294572232e6418232101dce5d2ef161c80d488a56bb86ed259655b	doc/performance_experiments/raw/phase2b/phase2b-h5-python-B3.json.gz	686	63229983dbf55d2ad6bb7eaadadd5a001e94b369e621b880d71a83515c9e4e49
phase2b	phase2b-h5-python-B3.stdout	/tmp/phase2b-h5-python-B3.stdout	1377	e3c3d48779294572232e6418232101dce5d2ef161c80d488a56bb86ed259655b	doc/performance_experiments/raw/phase2b/phase2b-h5-python-B3.stdout.gz	686	63229983dbf55d2ad6bb7eaadadd5a001e94b369e621b880d71a83515c9e4e49
phase2b	phase2b-h5-python-B4.json	/tmp/phase2b-h5-python-B4.json	1377	f4320278dc1f48f919f1f543b0013d8471c51fd752764a2a6fe60a1d5aae3fff	doc/performance_experiments/raw/phase2b/phase2b-h5-python-B4.json.gz	686	9d5923d92413ff409e54d17ec9607a2194c45a2aef04cc0804f5b0cc76dcb64c
phase2b	phase2b-h5-python-B4.stdout	/tmp/phase2b-h5-python-B4.stdout	1377	f4320278dc1f48f919f1f543b0013d8471c51fd752764a2a6fe60a1d5aae3fff	doc/performance_experiments/raw/phase2b/phase2b-h5-python-B4.stdout.gz	686	9d5923d92413ff409e54d17ec9607a2194c45a2aef04cc0804f5b0cc76dcb64c
phase2b	phase2b-h5-python-compare.json	/tmp/phase2b-h5-python-compare.json	1055	88f9595305394015e6357e830dc3fcc26cb9c68f19a16fea9f0fd3e7fc6c0570	doc/performance_experiments/raw/phase2b/phase2b-h5-python-compare.json.gz	369	9fcfcd4b2cde19522298e315fdef7147db1672073c1a7c4f81e98d26b432c423
phase2b	phase2b-h5-shared-refactor-1-legal_codes-midgame_250.json	/tmp/phase2b-h5-shared-refactor-1-legal_codes-midgame_250.json	70820	71e0c27de8e53cb1bcf61ff40f10f16283c61ce0cabd255a8fd3cec84029b69e	doc/performance_experiments/raw/phase2b/phase2b-h5-shared-refactor-1-legal_codes-midgame_250.json.gz	7927	bb0b6d05f3321e8330bfe71f8cf26bb38236a056103539826230c69155167cc3
phase2b	phase2b-h5-shared-refactor-2-legal_actions-midgame_250.json	/tmp/phase2b-h5-shared-refactor-2-legal_actions-midgame_250.json	70908	573309993bda2785aa5ef9e235be0ed86ff4e9bcbdce0ed6bb47bba91e0cc61a	doc/performance_experiments/raw/phase2b/phase2b-h5-shared-refactor-2-legal_actions-midgame_250.json.gz	7968	eea0dfee334f1d733b5cf23b35c93671a148d40c91a273452d1a8ce359e9ca63
phase2b	phase2b-h5-shared-refactor-v2-1-legal_actions-midgame_250.json	/tmp/phase2b-h5-shared-refactor-v2-1-legal_actions-midgame_250.json	70898	6c5448bd9f2ee7280b616e8adf66b26b99f746db2870c379abfc7e84c39e62aa	doc/performance_experiments/raw/phase2b/phase2b-h5-shared-refactor-v2-1-legal_actions-midgame_250.json.gz	7957	e8460e603305affa44f2031c98aaaeec52262bd9256491ef07cf90b7ae1678c1
phase2b	phase2b-h5-shared-refactor-v2-2-legal_codes-midgame_250.json	/tmp/phase2b-h5-shared-refactor-v2-2-legal_codes-midgame_250.json	70828	92f35d2a8e22cbe316c8f1070fa08b634aa385909d918c48e70972120f708761	doc/performance_experiments/raw/phase2b/phase2b-h5-shared-refactor-v2-2-legal_codes-midgame_250.json.gz	7960	f563273425cd50dfca32fbb2f349f7463328faefd2466af6e05b0aa9c20af331
phase3a	phase3a_adaptive_forced_pass_20260902.json	/tmp/phase3a_adaptive_forced_pass_20260902.json	224927	8bffb354df0f7ccabe6692017e85dee52304ccfb767772544ec819ff148592d3	doc/performance_experiments/raw/phase3a/phase3a_adaptive_forced_pass_20260902.json.gz	11993	db35c9061893c9793bb4399be13c927020f217538caac736bb8f8e92cbd84252
phase3a	phase3a_adaptive_forced_pass_baseline_wrapper_20260902.json	/tmp/phase3a_adaptive_forced_pass_baseline_wrapper_20260902.json	250139	ea4278dfe65f706f6864776db129ecc6fda5538ec36b83a2ce88323195e656a3	doc/performance_experiments/raw/phase3a/phase3a_adaptive_forced_pass_baseline_wrapper_20260902.json.gz	12651	27dd49aa4ef2d9cdab51e40c4c409c2f8375db16526bece20a55f63c0cd1ac85
phase3a	phase3a_card_classes_targeted_20260902.csv	/tmp/phase3a_card_classes_targeted_20260902.csv	407	ed6a0a9c7a123d166ce001375d80ab80146171488bcb8d9a4ab2abfb827cff18	doc/performance_experiments/raw/phase3a/phase3a_card_classes_targeted_20260902.csv.gz	252	5830465e53326027de83b5423eee9b0c44f73cb728b70532f61b01e0cb29b0d1
phase3a	phase3a_card_classes_targeted_20260902.json	/tmp/phase3a_card_classes_targeted_20260902.json	323302	7353c2a059b43b36eddb73917c2e8e9d62f81845ddaeca305ac0fd799c51b304	doc/performance_experiments/raw/phase3a/phase3a_card_classes_targeted_20260902.json.gz	13269	0de35518bcb3ed8900dcf85ef1b5677cea71ea5df721147455cf264e2196bde4
phase3a	phase3a_combined_forced_pass_20260902.json	/tmp/phase3a_combined_forced_pass_20260902.json	224943	d5d7a93fafff485eb26c16f30638b36bed19537f007db5a7f9ae6f2735933733	doc/performance_experiments/raw/phase3a/phase3a_combined_forced_pass_20260902.json.gz	12000	ad34c011937ce1b954016872a7bafc0cfa97fa946e8f7a5e80c9da1a23ea0eee
phase3a	phase3a_compact_actions_targeted_20260902.csv	/tmp/phase3a_compact_actions_targeted_20260902.csv	599	37f0c19f091300d58d436dafb04c3a4c04ad1eab17063ca855e015948915ff24	doc/performance_experiments/raw/phase3a/phase3a_compact_actions_targeted_20260902.csv.gz	351	8495f986278d9dd8e9faa756a8f4e6e76c2218d75f1f6e4df0349e303ea57eca
phase3a	phase3a_compact_actions_targeted_20260902.json	/tmp/phase3a_compact_actions_targeted_20260902.json	572149	7a835209f17797fa6b9298431441737693151638989b4ff01a491a81d7ebda72	doc/performance_experiments/raw/phase3a/phase3a_compact_actions_targeted_20260902.json.gz	25202	cf95424a864cbc171616a995fa87a463a7d585295ad0a516a261d76cdd16d51e
phase3a	phase3a_compact_reasons_baseline_wrapper_20260902.json	/tmp/phase3a_compact_reasons_baseline_wrapper_20260902.json	250426	ad929db539ac12fb9e62742681106ec3daee7b5c857c02d96ee68572cda136b8	doc/performance_experiments/raw/phase3a/phase3a_compact_reasons_baseline_wrapper_20260902.json.gz	12658	1b7b4195151d33df384359fba2a9497ba1d99b0c5049f1b638a8de636f09226b
phase3a	phase3a_compact_reasons_targeted_20260902.json	/tmp/phase3a_compact_reasons_targeted_20260902.json	225214	74b096d1c86e19b451c8d4b4ebce24f7c6ea79aafcc140f605ec698dd971fc3b	doc/performance_experiments/raw/phase3a/phase3a_compact_reasons_targeted_20260902.json.gz	12019	03d5c73612cc0c64fafd26a3d39869b41a8d63d59f904f78981d8efaf0925b80
phase3a	phase3a_path_stack_targeted_20260902.csv	/tmp/phase3a_path_stack_targeted_20260902.csv	599	62185ced6b306f284b4662478000705e743949c0ec76cc6839537166f79a8cd7	doc/performance_experiments/raw/phase3a/phase3a_path_stack_targeted_20260902.csv.gz	358	9ad8e64759e8a0bdc93dbeeb4c6184836db082ebf2b482db1ceb95e5e4244abb
phase3a	phase3a_path_stack_targeted_20260902.json	/tmp/phase3a_path_stack_targeted_20260902.json	570796	e41c79bd889262c74efb2d5c467ce991c1aadae6a67c61ebc1097495067433b4	doc/performance_experiments/raw/phase3a/phase3a_path_stack_targeted_20260902.json.gz	25133	fdc8f492feb26157a383f54f0da6ab01a97b3e7fee768313f5f3944fc7c88533
phase3a	phase3a_preadaptive_forced_pass_baseline_wrapper_20260902.json	/tmp/phase3a_preadaptive_forced_pass_baseline_wrapper_20260902.json	250155	97eac945e986aff5fae3262b2e4127fd691da7d58fa5863523fff13e4b5782e9	doc/performance_experiments/raw/phase3a/phase3a_preadaptive_forced_pass_baseline_wrapper_20260902.json.gz	12632	3fe6299192f788c7c9440641f86c5584ad87d59fb3c6e83a0361afbc42560ee3
phase3a	phase3a_shared_tree_recheck_20260902.csv	/tmp/phase3a_shared_tree_recheck_20260902.csv	405	7d286d8dac155d23cfe41dce43d4aa649354a4b157d82263b7ed9904970ec3cf	doc/performance_experiments/raw/phase3a/phase3a_shared_tree_recheck_20260902.csv.gz	249	726909af6472241ffe02900ecdc06d051edda06e85f2677a6bd541da8e8be283
phase3a	phase3a_shared_tree_recheck_20260902.json	/tmp/phase3a_shared_tree_recheck_20260902.json	386717	7c2ebf20beb303cbe9a12a5abef3cd51d2515537ce2bcc3323e01892e84a985a	doc/performance_experiments/raw/phase3a/phase3a_shared_tree_recheck_20260902.json.gz	15436	e5ef663b59430930feb37bedf518cf34eea85264c4b02194ec50a73efd58008b
phase3a	phase3a_single_lookup_targeted_20260902.csv	/tmp/phase3a_single_lookup_targeted_20260902.csv	409	ac9b4418b207e1bb782aefe4dec8184cf402bfc2e0380eddb99eb60a9547b2c2	doc/performance_experiments/raw/phase3a/phase3a_single_lookup_targeted_20260902.csv.gz	251	73a0bbb09a9535a30012b163c77eebb0d99c88d00846b09de5d3916be23c34cd
phase3a	phase3a_single_lookup_targeted_20260902.json	/tmp/phase3a_single_lookup_targeted_20260902.json	248548	373ba18a840bc1014feeaba4988cb618156ae578f6b3631b63dd1591f0aeb960	doc/performance_experiments/raw/phase3a/phase3a_single_lookup_targeted_20260902.json.gz	12227	8eb7670d49c6504b70dbf4032ed7c85b9d7d618512b9b779d1c4483af451cb40
phase3a	phase3a_solver_containers_20260902.csv	/tmp/phase3a_solver_containers_20260902.csv	4740	5f25453a719a75d98f2ba7055cff9dd8f1bc95e55bf174bdeb235b06e634ea62	doc/performance_experiments/raw/phase3a/phase3a_solver_containers_20260902.csv.gz	2448	7887fde9b143d254c1b4bd38ff5fc40c10780ba6ee3ade46e672dffbcf0bf5d1
phase3a	phase3a_solver_containers_20260902.json	/tmp/phase3a_solver_containers_20260902.json	5136506	fc9f95bacac2d403a86e1894100936b523965abf6019bdeee3cffaa84cc76925	doc/performance_experiments/raw/phase3a/phase3a_solver_containers_20260902.json.gz	260700	71f758c2a8aef257753aa68243cf154f9b5278fbdc8268316688bd84afa64d5e
phase3a	phase3a_solver_containers_final_20260902.csv	/tmp/phase3a_solver_containers_final_20260902.csv	4741	ef449c55d6bd9631f38fcad4839b3a47dfc210b4c15dedf0a4d6f4509d54f7c9	doc/performance_experiments/raw/phase3a/phase3a_solver_containers_final_20260902.csv.gz	2434	81a3bc0bcbea2b66b203925104b679771b4933ad647f8db3c7cf6f19663ad53e
phase3a	phase3a_solver_containers_final_20260902.json	/tmp/phase3a_solver_containers_final_20260902.json	5136246	3cff09fcd7b6828f1084545f8260fe0cf73809697f08e0b39fb20e35c903000a	doc/performance_experiments/raw/phase3a/phase3a_solver_containers_final_20260902.json.gz	258835	791d239bc3cdc33b6ff34cdf72abbcfff47ab7e67a8e1929444ff6105ceb9f0f
phase0	reference-all.jsonl	/tmp/reference-all.jsonl	19177	305587a32262154fe6f45827c221c96122481e29e949335b21e65b9d45ed5a57	doc/performance_experiments/raw/phase0/reference-all.jsonl.gz	1932	c7e03c77fba95b327234b1a31a47501e1c4b343bb452f3fddc540a93b6895ecb
phase0	reference-final.text	/tmp/reference-final.text	829504	0fb124537f6c70935e6fbb3f3a9a1829851dfb1154bf05ce249c166bcb037d6f	doc/performance_experiments/raw/phase0/reference-final.text.gz	345107	6cf1c8bdd3bc96926b2f982bd7b3515c9864eaba2ba6a4990654714efa4aae86
phase0	reference-final.text.raw	/tmp/reference-final.text.raw	715370	7f7d4f12de84bad205aa5733888b73c97716c0a65800bcf9ed81837e2f4178d2	doc/performance_experiments/raw/phase0/reference-final.text.raw.gz	326323	34a67b45cd025cc777026d3bc88b0bfdd9e94c177440c6701a44ece2a209eb28
phase0	setarch_probe.json	/tmp/setarch_probe.json	993	b16decaa71e7e1509776ca13cbceff87c6fb21d9a5f45733b7c59ad2d98264e5	doc/performance_experiments/raw/phase0/setarch_probe.json.gz	527	16ed7cae95144865e9c7be9a832cb2360c586895f9f5a7a788442331219793ce
phase3b	control_board_copy_paired_final_20260905.json	doc/performance_experiments/raw/phase3b/control_board_copy_paired_final_20260905.json	177727	eee36792fe61219703d8031fb82ea5608e013f0a03d915b7ab18ffbe4993635e	doc/performance_experiments/raw/phase3b/control_board_copy_paired_final_20260905.json.gz	11027	619ef4f4cf47e221fd297b7d3acb1d6f0f6362c875ed25362f5a63ed471c21f3
phase3b	control_solver_tt_paired_final_20260905.json	doc/performance_experiments/raw/phase3b/control_solver_tt_paired_final_20260905.json	194651	aa20f096277440c06f11a4f0ebbadca804e3c87e30685774faa600e16484e45d	doc/performance_experiments/raw/phase3b/control_solver_tt_paired_final_20260905.json.gz	11264	8b43503388a960014c4683b07a51aa2cee468b75e7454b3dc02f86528204ec81
phase3b	control_visible_solver_paired_final_20260905.json	doc/performance_experiments/raw/phase3b/control_visible_solver_paired_final_20260905.json	224517	e60ed8ae1000d7a346ca46f28df4248ed81ad3ac989ea4f52dc8f8bb4fc80260	doc/performance_experiments/raw/phase3b/control_visible_solver_paired_final_20260905.json.gz	11900	ed19f3df6674ce865a538925673109bb6d936228a060fca5c61c863ae97babb2
phase3b	diagnostic_counters_paired_final_20260905.json	doc/performance_experiments/raw/phase3b/diagnostic_counters_paired_final_20260905.json	150293	ca191073dafc7331fdf258c0fe80d3463e6d0fd6f50f759ed1cca8e49c1b4487	doc/performance_experiments/raw/phase3b/diagnostic_counters_paired_final_20260905.json.gz	10911	edc1145533e1393bbc4721d3cb7b145434b8e5995db155d03e656ce6229964b2
phase3b	diagnostic_counters_paired_v2_final_20260905.json	doc/performance_experiments/raw/phase3b/diagnostic_counters_paired_v2_final_20260905.json	152638	3cb907b2f7718b0c356c8e5ab6f038b1ba4e6bfea16131b82014abcb7839c204	doc/performance_experiments/raw/phase3b/diagnostic_counters_paired_v2_final_20260905.json.gz	11194	12181ef67a631384042d24d60bd0ecc1c2f4afda52360b5f9528593d14b72b90
phase3b	exact_five_moves_paired_final_20260905.json	doc/performance_experiments/raw/phase3b/exact_five_moves_paired_final_20260905.json	290952	5e67bf29037aab96f816cf0109198d736e858249cd2a5a143235e1f170082ecb	doc/performance_experiments/raw/phase3b/exact_five_moves_paired_final_20260905.json.gz	12734	8763a9141301e4ba369c9700aee05c6577a466b5bd221d799644a9846bfdabc6
phase3b	exact_five_moves_paired_v2_final_20260905.json	doc/performance_experiments/raw/phase3b/exact_five_moves_paired_v2_final_20260905.json	293035	50fb185296c2cbda73e96c902890c3b7aad8a17a958c6164127720b2a40563d9	doc/performance_experiments/raw/phase3b/exact_five_moves_paired_v2_final_20260905.json.gz	12872	cd1390410aa099fe3c8ae7e9d07fdcb0e00cf4bed9092ca9c48c11c560070f0c
phase3b	exact_hidden_reserve_paired_final_20260905.json	doc/performance_experiments/raw/phase3b/exact_hidden_reserve_paired_final_20260905.json	292305	465765417b59c0708ecfba2b3e56b8a886517a651289cb63c7187c329975158e	doc/performance_experiments/raw/phase3b/exact_hidden_reserve_paired_final_20260905.json.gz	12786	7363ae5eda8215b26365230efec3afe099b80cb34636910a5747c60ee13e19df
phase3b	exact_hidden_reserve_paired_v2_final_20260905.json	doc/performance_experiments/raw/phase3b/exact_hidden_reserve_paired_v2_final_20260905.json	294390	4a45ac97ed8170632c41b22f4b23d86e5513391a1feb9b53c1ae91d9266d9f04	doc/performance_experiments/raw/phase3b/exact_hidden_reserve_paired_v2_final_20260905.json.gz	12977	796618aa9c143711e82045cca0fbc323781e349ab5da0d844b4e17c4e3c5b705
phase3b	exact_persistent_paired_final_20260905.json	doc/performance_experiments/raw/phase3b/exact_persistent_paired_final_20260905.json	300567	7277b866e1f208012a772d6ac42f92bc321a5b9c1232989aa9991e38a830b15a	doc/performance_experiments/raw/phase3b/exact_persistent_paired_final_20260905.json.gz	13037	a0f1b71c062c6cfec4b5b9247530e26306bf69c83b63c411d06193f030c42b0d
phase3b	exact_persistent_paired_v2_final_20260905.json	doc/performance_experiments/raw/phase3b/exact_persistent_paired_v2_final_20260905.json	302672	acb3a09ad68d28ede7c1f5515a8933096b348ca556249f5b0ba519c3c606ff3d	doc/performance_experiments/raw/phase3b/exact_persistent_paired_v2_final_20260905.json.gz	13139	793101239e2709fd6c725b03d4357831d9bc7c67518d2a6f695dfbc6eaa36815
phase3b	fallback_exact_e2e_paired_final_20260905.json	doc/performance_experiments/raw/phase3b/fallback_exact_e2e_paired_final_20260905.json	150364	5a485feb5731a032ddb4acde3764feab7040d5f8612b8f69e54f4c9d86a790db	doc/performance_experiments/raw/phase3b/fallback_exact_e2e_paired_final_20260905.json.gz	10704	cff67bcae30599230b15e252135200067a1d067e8a34208947fe5673076054e9
phase3b	fallback_state_key_paired_final_20260905.json	doc/performance_experiments/raw/phase3b/fallback_state_key_paired_final_20260905.json	131860	6b31f3540d7936cf5fa9c243a9064af97bfa1a22b8ad038766d553d92f74862a	doc/performance_experiments/raw/phase3b/fallback_state_key_paired_final_20260905.json.gz	9229	0ecb08b8d4868b29cd2b827d02f22bf4e8003d54974a405a5d4096a74546b11a
phase3b	oracle_full_verification_final_20260905.json	doc/performance_experiments/raw/phase3b/oracle_full_verification_final_20260905.json	104908	783af21aab783dd38fd39653eab4ee0718acccf6c06e067b08d1a3c62d926a65	doc/performance_experiments/raw/phase3b/oracle_full_verification_final_20260905.json.gz	9951	5424a0c85aa4b699a0ae0dd6fc24ee390c61fa17a4d93ae422c58f3b79d58937
phase3b	oracle_full_verification_v2_final_20260905.json	doc/performance_experiments/raw/phase3b/oracle_full_verification_v2_final_20260905.json	53634	17cc3a829322d74ed0117b00dd3243fcd057740458d8a69b4c47658841b2596e	doc/performance_experiments/raw/phase3b/oracle_full_verification_v2_final_20260905.json.gz	8457	4001502e371552f83a917b26744e96c0a6f02509fabeb74e7e564d5d253b0990
phase3b	proof_dag_oracle_final_20260905.json	doc/performance_experiments/raw/phase3b/proof_dag_oracle_final_20260905.json	52904	03bb57b1a08a912d19f67bdf7d9fa9132bd245aad69ab3487cbc765152767755	doc/performance_experiments/raw/phase3b/proof_dag_oracle_final_20260905.json.gz	8092	59f0708b788262c3bfac025d35dc809ebe86b1b92cada4ed02def02abfe42cd2
phase3b	state_key_paired_final_20260905.json	doc/performance_experiments/raw/phase3b/state_key_paired_final_20260905.json	189035	ccf4bb9d138557338a98ef158ea81d14e61723e70a4689741bae5a64db591bda	doc/performance_experiments/raw/phase3b/state_key_paired_final_20260905.json.gz	10986	d90f7e58cf7d011c3f0102dc75e22d96bdb7238d32983873f3672a5ff872591f
phase3b	state_key_paired_v2_final_20260905.json	doc/performance_experiments/raw/phase3b/state_key_paired_v2_final_20260905.json	191098	13cf819b62e438c0a3ff04594e85caff51d72072f198a3f1d4d3ebfa8ba0154a	doc/performance_experiments/raw/phase3b/state_key_paired_v2_final_20260905.json.gz	11247	9922095670efd768551616c116d912e26caab278e5066dbe28cfeff2dd132d55
