status,path,classification,reason
A,CHANGELOG.md,documentation,"Adoption/rejection history, API docs, review or release preparation"
M,CMakeLists.txt,adopted_code,Retained adoption and reference/fallback paths; F1 source/binary evidence reused
M,README.en.md,documentation,"Adoption/rejection history, API docs, review or release preparation"
M,README.md,documentation,"Adoption/rejection history, API docs, review or release preparation"
M,csplendor/features.py,adopted_code,Retained adoption and reference/fallback paths; F1 source/binary evidence reused
M,doc/api_ref.md,documentation,"Adoption/rejection history, API docs, review or release preparation"
A,doc/csplendor_codex56_engine_optimization_request.md,documentation,"Adoption/rejection history, API docs, review or release preparation"
A,doc/performance_experiments/baseline_20260901.csv,measurement_support,"Evidence/manifest/CSV, isolated driver or verification helper; not production patch"
A,doc/performance_experiments/baseline_20260901.json,measurement_support,"Evidence/manifest/CSV, isolated driver or verification helper; not production patch"
A,doc/performance_experiments/baseline_20260902.md,documentation,"Adoption/rejection history, API docs, review or release preparation"
A,doc/performance_experiments/baseline_slot_crossover_20260902.csv,measurement_support,"Evidence/manifest/CSV, isolated driver or verification helper; not production patch"
A,doc/performance_experiments/baseline_slot_crossover_20260902.json,measurement_support,"Evidence/manifest/CSV, isolated driver or verification helper; not production patch"
A,doc/performance_experiments/characterization_manifest_20260902.json,measurement_support,"Evidence/manifest/CSV, isolated driver or verification helper; not production patch"
A,doc/performance_experiments/differential_20260902.json,measurement_support,"Evidence/manifest/CSV, isolated driver or verification helper; not production patch"
A,doc/performance_experiments/f2_acceptance_probe_20260906.py,measurement_support,"Evidence/manifest/CSV, isolated driver or verification helper; not production patch"
A,doc/performance_experiments/f2_f3_finalize_20260906.py,measurement_support,"Evidence/manifest/CSV, isolated driver or verification helper; not production patch"
A,doc/performance_experiments/f2_f3_manifest_20260906.json,measurement_support,"Evidence/manifest/CSV, isolated driver or verification helper; not production patch"
A,doc/performance_experiments/f2_f3_record_20260906.py,measurement_support,"Evidence/manifest/CSV, isolated driver or verification helper; not production patch"
A,doc/performance_experiments/f2_f3_reproduction_20260906.md,documentation,"Adoption/rejection history, API docs, review or release preparation"
A,doc/performance_experiments/f2_f3_shipping_review_20260906.md,documentation,"Adoption/rejection history, API docs, review or release preparation"
A,doc/performance_experiments/f3_diff_inventory_20260906.csv,measurement_support,"Evidence/manifest/CSV, isolated driver or verification helper; not production patch"
A,doc/performance_experiments/f3_pr_draft_20260906.md,documentation,"Adoption/rejection history, API docs, review or release preparation"
A,doc/performance_experiments/f4_integration_runbook_20260906.md,documentation,"Adoption/rejection history, API docs, review or release preparation"
A,doc/performance_experiments/final_common_adapter/CMakeLists.txt,measurement_support,"Evidence/manifest/CSV, isolated driver or verification helper; not production patch"
A,doc/performance_experiments/final_integration_finalize_20260906.py,measurement_support,"Evidence/manifest/CSV, isolated driver or verification helper; not production patch"
A,doc/performance_experiments/final_integration_plan_20260906.md,documentation,"Adoption/rejection history, API docs, review or release preparation"
A,doc/performance_experiments/final_integration_record_20260906.py,measurement_support,"Evidence/manifest/CSV, isolated driver or verification helper; not production patch"
A,doc/performance_experiments/final_main_vs_candidate_20260906.csv,measurement_support,"Evidence/manifest/CSV, isolated driver or verification helper; not production patch"
A,doc/performance_experiments/final_main_vs_candidate_20260906.md,documentation,"Adoption/rejection history, API docs, review or release preparation"
A,doc/performance_experiments/final_main_vs_candidate_manifest_20260906.json,measurement_support,"Evidence/manifest/CSV, isolated driver or verification helper; not production patch"
A,doc/performance_experiments/finalization_scope_20260906.md,documentation,"Adoption/rejection history, API docs, review or release preparation"
A,doc/performance_experiments/finalization_scope_manifest_20260906.json,measurement_support,"Evidence/manifest/CSV, isolated driver or verification helper; not production patch"
A,doc/performance_experiments/finalization_scope_record_20260906.py,measurement_support,"Evidence/manifest/CSV, isolated driver or verification helper; not production patch"
A,doc/performance_experiments/fixtures_20260902.json,measurement_support,"Evidence/manifest/CSV, isolated driver or verification helper; not production patch"
A,doc/performance_experiments/hotspots_20260902.csv,measurement_support,"Evidence/manifest/CSV, isolated driver or verification helper; not production patch"
A,doc/performance_experiments/instrumentation_20260902.json,measurement_support,"Evidence/manifest/CSV, isolated driver or verification helper; not production patch"
A,doc/performance_experiments/mcts_matrix_20260902.csv,measurement_support,"Evidence/manifest/CSV, isolated driver or verification helper; not production patch"
A,doc/performance_experiments/mcts_retained_20260902.csv,measurement_support,"Evidence/manifest/CSV, isolated driver or verification helper; not production patch"
A,doc/performance_experiments/native_proof_batch_driver/CMakeLists.txt,measurement_support,"Evidence/manifest/CSV, isolated driver or verification helper; not production patch"
A,doc/performance_experiments/phase0_paired_evidence_20260902.json,measurement_support,"Evidence/manifest/CSV, isolated driver or verification helper; not production patch"
A,doc/performance_experiments/phase1a_exact_hash_20260902.md,documentation,"Adoption/rejection history, API docs, review or release preparation"
A,doc/performance_experiments/phase1a_paired_20260902.csv,measurement_support,"Evidence/manifest/CSV, isolated driver or verification helper; not production patch"
A,doc/performance_experiments/phase1a_paired_evidence_20260902.json,measurement_support,"Evidence/manifest/CSV, isolated driver or verification helper; not production patch"
A,doc/performance_experiments/phase1b_observable_hash_20260902.md,documentation,"Adoption/rejection history, API docs, review or release preparation"
A,doc/performance_experiments/phase1b_paired_20260902.csv,measurement_support,"Evidence/manifest/CSV, isolated driver or verification helper; not production patch"
A,doc/performance_experiments/phase1b_paired_evidence_20260902.json,measurement_support,"Evidence/manifest/CSV, isolated driver or verification helper; not production patch"
A,doc/performance_experiments/phase2a_noble_mask_20260902.md,documentation,"Adoption/rejection history, API docs, review or release preparation"
A,doc/performance_experiments/phase2a_noble_mask_paired_20260902.csv,measurement_support,"Evidence/manifest/CSV, isolated driver or verification helper; not production patch"
A,doc/performance_experiments/phase2a_noble_mask_paired_evidence_20260902.json,measurement_support,"Evidence/manifest/CSV, isolated driver or verification helper; not production patch"
A,doc/performance_experiments/phase2a_packed_resources_rejected_20260902.csv,measurement_support,"Evidence/manifest/CSV, isolated driver or verification helper; not production patch"
A,doc/performance_experiments/phase2a_packed_resources_rejected_20260902.md,documentation,"Adoption/rejection history, API docs, review or release preparation"
A,doc/performance_experiments/phase2a_packed_resources_rejected_evidence_20260902.json,measurement_support,"Evidence/manifest/CSV, isolated driver or verification helper; not production patch"
A,doc/performance_experiments/phase2b_packed_code_sink_20260902.csv,measurement_support,"Evidence/manifest/CSV, isolated driver or verification helper; not production patch"
A,doc/performance_experiments/phase2b_packed_code_sink_20260902.md,documentation,"Adoption/rejection history, API docs, review or release preparation"
A,doc/performance_experiments/phase2b_packed_code_sink_evidence_20260902.json,measurement_support,"Evidence/manifest/CSV, isolated driver or verification helper; not production patch"
A,doc/performance_experiments/phase2b_payment_pattern_table_rejected_20260902.csv,measurement_support,"Evidence/manifest/CSV, isolated driver or verification helper; not production patch"
A,doc/performance_experiments/phase2b_payment_pattern_table_rejected_20260902.md,documentation,"Adoption/rejection history, API docs, review or release preparation"
A,doc/performance_experiments/phase2b_payment_pattern_table_rejected_evidence_20260902.json,measurement_support,"Evidence/manifest/CSV, isolated driver or verification helper; not production patch"
A,doc/performance_experiments/phase2b_purchase_count_dp_rejected_20260902.csv,measurement_support,"Evidence/manifest/CSV, isolated driver or verification helper; not production patch"
A,doc/performance_experiments/phase2b_purchase_count_dp_rejected_20260902.md,documentation,"Adoption/rejection history, API docs, review or release preparation"
A,doc/performance_experiments/phase2b_purchase_count_dp_rejected_evidence_20260902.json,measurement_support,"Evidence/manifest/CSV, isolated driver or verification helper; not production patch"
A,doc/performance_experiments/phase2b_return_count_20260902.csv,measurement_support,"Evidence/manifest/CSV, isolated driver or verification helper; not production patch"
A,doc/performance_experiments/phase2b_return_count_20260902.md,documentation,"Adoption/rejection history, API docs, review or release preparation"
A,doc/performance_experiments/phase2b_return_count_evidence_20260902.json,measurement_support,"Evidence/manifest/CSV, isolated driver or verification helper; not production patch"
A,doc/performance_experiments/phase2b_return_pattern_table_20260902.csv,measurement_support,"Evidence/manifest/CSV, isolated driver or verification helper; not production patch"
A,doc/performance_experiments/phase2b_return_pattern_table_20260902.md,documentation,"Adoption/rejection history, API docs, review or release preparation"
A,doc/performance_experiments/phase2b_return_pattern_table_evidence_20260902.json,measurement_support,"Evidence/manifest/CSV, isolated driver or verification helper; not production patch"
A,doc/performance_experiments/phase2b_single_pass_codes_20260902.csv,measurement_support,"Evidence/manifest/CSV, isolated driver or verification helper; not production patch"
A,doc/performance_experiments/phase2b_single_pass_codes_20260902.md,documentation,"Adoption/rejection history, API docs, review or release preparation"
A,doc/performance_experiments/phase2b_single_pass_codes_evidence_20260902.json,measurement_support,"Evidence/manifest/CSV, isolated driver or verification helper; not production patch"
A,doc/performance_experiments/phase3a_solver_containers_20260902.csv,measurement_support,"Evidence/manifest/CSV, isolated driver or verification helper; not production patch"
A,doc/performance_experiments/phase3a_solver_containers_20260902.md,documentation,"Adoption/rejection history, API docs, review or release preparation"
A,doc/performance_experiments/phase3a_solver_containers_diagnostics_20260902.json,measurement_support,"Evidence/manifest/CSV, isolated driver or verification helper; not production patch"
A,doc/performance_experiments/phase3a_solver_containers_evidence_20260902.json,measurement_support,"Evidence/manifest/CSV, isolated driver or verification helper; not production patch"
A,doc/performance_experiments/phase3b_incremental_reveal_state_20260905.csv,measurement_support,"Evidence/manifest/CSV, isolated driver or verification helper; not production patch"
A,doc/performance_experiments/phase3b_incremental_reveal_state_20260905.md,documentation,"Adoption/rejection history, API docs, review or release preparation"
A,doc/performance_experiments/phase3b_incremental_reveal_state_diagnostics_20260905.json,measurement_support,"Evidence/manifest/CSV, isolated driver or verification helper; not production patch"
A,doc/performance_experiments/phase3b_incremental_reveal_state_evidence_20260905.json,measurement_support,"Evidence/manifest/CSV, isolated driver or verification helper; not production patch"
A,doc/performance_experiments/phase3c_solver_tt_compaction_20260905.csv,measurement_support,"Evidence/manifest/CSV, isolated driver or verification helper; not production patch"
A,doc/performance_experiments/phase3c_solver_tt_compaction_20260905.md,documentation,"Adoption/rejection history, API docs, review or release preparation"
A,doc/performance_experiments/phase3c_solver_tt_compaction_diagnostics_20260905.json,measurement_support,"Evidence/manifest/CSV, isolated driver or verification helper; not production patch"
A,doc/performance_experiments/phase3c_solver_tt_compaction_evidence_20260905.json,measurement_support,"Evidence/manifest/CSV, isolated driver or verification helper; not production patch"
A,doc/performance_experiments/phase3d1_evidence_20260905.json,measurement_support,"Evidence/manifest/CSV, isolated driver or verification helper; not production patch"
A,doc/performance_experiments/phase3d1_finalize_20260905.py,measurement_support,"Evidence/manifest/CSV, isolated driver or verification helper; not production patch"
A,doc/performance_experiments/phase3d1_native_batch_20260905.py,measurement_support,"Evidence/manifest/CSV, isolated driver or verification helper; not production patch"
A,doc/performance_experiments/phase3d1_normal_rollback_20260905.md,documentation,"Adoption/rejection history, API docs, review or release preparation"
A,doc/performance_experiments/phase3d1_paired_20260905.csv,measurement_support,"Evidence/manifest/CSV, isolated driver or verification helper; not production patch"
A,doc/performance_experiments/phase3d1_plan_20260905.md,documentation,"Adoption/rejection history, API docs, review or release preparation"
A,doc/performance_experiments/phase3d1_record_20260905.py,measurement_support,"Evidence/manifest/CSV, isolated driver or verification helper; not production patch"
A,doc/performance_experiments/phase3d1_setup_20260905.py,measurement_support,"Evidence/manifest/CSV, isolated driver or verification helper; not production patch"
A,doc/performance_experiments/phase3d1_validate_20260905.py,measurement_support,"Evidence/manifest/CSV, isolated driver or verification helper; not production patch"
A,doc/performance_experiments/phase3d23_evidence_20260905.json,measurement_support,"Evidence/manifest/CSV, isolated driver or verification helper; not production patch"
A,doc/performance_experiments/phase3d23_finalize_20260905.py,measurement_support,"Evidence/manifest/CSV, isolated driver or verification helper; not production patch"
A,doc/performance_experiments/phase3d23_plan_20260905.md,documentation,"Adoption/rejection history, API docs, review or release preparation"
A,doc/performance_experiments/phase3d23_record_20260905.py,measurement_support,"Evidence/manifest/CSV, isolated driver or verification helper; not production patch"
A,doc/performance_experiments/phase3d23_reveal_transactions_20260905.md,documentation,"Adoption/rejection history, API docs, review or release preparation"
A,doc/performance_experiments/phase3d3_purchase_visit_cost_20260905.cpp,measurement_support,"Evidence/manifest/CSV, isolated driver or verification helper; not production patch"
A,doc/performance_experiments/phase3dp1_evidence_20260905.json,measurement_support,"Evidence/manifest/CSV, isolated driver or verification helper; not production patch"
A,doc/performance_experiments/phase3dp1_finalize_20260905.py,measurement_support,"Evidence/manifest/CSV, isolated driver or verification helper; not production patch"
A,doc/performance_experiments/phase3dp1_paired_20260905.csv,measurement_support,"Evidence/manifest/CSV, isolated driver or verification helper; not production patch"
A,doc/performance_experiments/phase3dp1_plan_20260905.md,documentation,"Adoption/rejection history, API docs, review or release preparation"
A,doc/performance_experiments/phase3dp1_proof_batch_20260905.py,measurement_support,"Evidence/manifest/CSV, isolated driver or verification helper; not production patch"
A,doc/performance_experiments/phase3dp1_proof_launcher_20260905.cpp,measurement_support,"Evidence/manifest/CSV, isolated driver or verification helper; not production patch"
A,doc/performance_experiments/phase3dp1_record_20260905.py,measurement_support,"Evidence/manifest/CSV, isolated driver or verification helper; not production patch"
A,doc/performance_experiments/phase3dp1_score_once_20260905.md,documentation,"Adoption/rejection history, API docs, review or release preparation"
A,doc/performance_experiments/phase3dp1_validate_20260905.py,measurement_support,"Evidence/manifest/CSV, isolated driver or verification helper; not production patch"
A,doc/performance_experiments/phase3dp2_buffer_probe_20260905.cpp,measurement_support,"Evidence/manifest/CSV, isolated driver or verification helper; not production patch"
A,doc/performance_experiments/phase3dp2_evidence_20260905.json,measurement_support,"Evidence/manifest/CSV, isolated driver or verification helper; not production patch"
A,doc/performance_experiments/phase3dp2_finalize_20260905.py,measurement_support,"Evidence/manifest/CSV, isolated driver or verification helper; not production patch"
A,doc/performance_experiments/phase3dp2_native_batch_20260905.py,measurement_support,"Evidence/manifest/CSV, isolated driver or verification helper; not production patch"
A,doc/performance_experiments/phase3dp2_native_proof_batch_20260905.cpp,measurement_support,"Evidence/manifest/CSV, isolated driver or verification helper; not production patch"
A,doc/performance_experiments/phase3dp2_paired_20260905.csv,measurement_support,"Evidence/manifest/CSV, isolated driver or verification helper; not production patch"
A,doc/performance_experiments/phase3dp2_plan_20260905.md,documentation,"Adoption/rejection history, API docs, review or release preparation"
A,doc/performance_experiments/phase3dp2_record_20260905.py,measurement_support,"Evidence/manifest/CSV, isolated driver or verification helper; not production patch"
A,doc/performance_experiments/phase3dp2_search_scratch_20260905.md,documentation,"Adoption/rejection history, API docs, review or release preparation"
A,doc/performance_experiments/phase3dp2_setup_20260905.py,measurement_support,"Evidence/manifest/CSV, isolated driver or verification helper; not production patch"
A,doc/performance_experiments/phase3dp2_supplement_20260905.py,measurement_support,"Evidence/manifest/CSV, isolated driver or verification helper; not production patch"
A,doc/performance_experiments/phase3dp2_validate_20260905.py,measurement_support,"Evidence/manifest/CSV, isolated driver or verification helper; not production patch"
A,doc/performance_experiments/phase3e5e5a_action_selection_20260906.md,documentation,"Adoption/rejection history, API docs, review or release preparation"
A,doc/performance_experiments/phase3e5e5a_evidence_20260906.json,measurement_support,"Evidence/manifest/CSV, isolated driver or verification helper; not production patch"
A,doc/performance_experiments/phase3e5e5a_finalize_20260906.py,measurement_support,"Evidence/manifest/CSV, isolated driver or verification helper; not production patch"
A,doc/performance_experiments/phase3e5e5a_plan_20260906.md,documentation,"Adoption/rejection history, API docs, review or release preparation"
A,doc/performance_experiments/phase3e5e5a_record_20260906.py,measurement_support,"Evidence/manifest/CSV, isolated driver or verification helper; not production patch"
A,doc/performance_experiments/phase4b1_prune_session_20260905.cpp,measurement_support,"Evidence/manifest/CSV, isolated driver or verification helper; not production patch"
A,doc/performance_experiments/phase4c_concurrency_20260906.md,documentation,"Adoption/rejection history, API docs, review or release preparation"
A,doc/performance_experiments/phase4c_evidence_20260906.json,measurement_support,"Evidence/manifest/CSV, isolated driver or verification helper; not production patch"
A,doc/performance_experiments/phase4c_finalize_20260906.py,measurement_support,"Evidence/manifest/CSV, isolated driver or verification helper; not production patch"
A,doc/performance_experiments/phase4c_ledger_contract_20260905.md,documentation,"Adoption/rejection history, API docs, review or release preparation"
A,doc/performance_experiments/phase4c_plan_20260905.md,documentation,"Adoption/rejection history, API docs, review or release preparation"
A,doc/performance_experiments/phase4c_record_20260905.py,measurement_support,"Evidence/manifest/CSV, isolated driver or verification helper; not production patch"
A,doc/performance_experiments/phase5br4b1_evidence_20260905.json,measurement_support,"Evidence/manifest/CSV, isolated driver or verification helper; not production patch"
A,doc/performance_experiments/phase5br4b1_finalize_20260905.py,measurement_support,"Evidence/manifest/CSV, isolated driver or verification helper; not production patch"
A,doc/performance_experiments/phase5br4b1_mcts_state_records_20260905.md,documentation,"Adoption/rejection history, API docs, review or release preparation"
A,doc/performance_experiments/phase5br4b1_plan_20260905.md,documentation,"Adoption/rejection history, API docs, review or release preparation"
A,doc/performance_experiments/phase5br4b1_record_20260905.py,measurement_support,"Evidence/manifest/CSV, isolated driver or verification helper; not production patch"
A,doc/performance_experiments/phase5cb_boundary_bench_20260906.py,measurement_support,"Evidence/manifest/CSV, isolated driver or verification helper; not production patch"
A,doc/performance_experiments/phase5cb_boundary_launcher_20260906.cpp,measurement_support,"Evidence/manifest/CSV, isolated driver or verification helper; not production patch"
A,doc/performance_experiments/phase5cb_evidence_20260906.json,measurement_support,"Evidence/manifest/CSV, isolated driver or verification helper; not production patch"
A,doc/performance_experiments/phase5cb_features_20260906.md,documentation,"Adoption/rejection history, API docs, review or release preparation"
A,doc/performance_experiments/phase5cb_finalize_20260906.py,measurement_support,"Evidence/manifest/CSV, isolated driver or verification helper; not production patch"
A,doc/performance_experiments/phase5cb_plan_20260906.md,documentation,"Adoption/rejection history, API docs, review or release preparation"
A,doc/performance_experiments/phase5cb_record_20260906.py,measurement_support,"Evidence/manifest/CSV, isolated driver or verification helper; not production patch"
A,doc/performance_experiments/phase5d_evidence_20260906.json,measurement_support,"Evidence/manifest/CSV, isolated driver or verification helper; not production patch"
A,doc/performance_experiments/phase5d_finalize_20260906.py,measurement_support,"Evidence/manifest/CSV, isolated driver or verification helper; not production patch"
A,doc/performance_experiments/phase5d_plan_20260906.md,documentation,"Adoption/rejection history, API docs, review or release preparation"
A,doc/performance_experiments/phase5d_record_20260906.py,measurement_support,"Evidence/manifest/CSV, isolated driver or verification helper; not production patch"
A,doc/performance_experiments/phase5d_v3_payment_20260906.md,documentation,"Adoption/rejection history, API docs, review or release preparation"
A,doc/performance_experiments/phase6_build_profiles_20260906.md,documentation,"Adoption/rejection history, API docs, review or release preparation"
A,doc/performance_experiments/phase6_common_audit_20260906.md,documentation,"Adoption/rejection history, API docs, review or release preparation"
A,doc/performance_experiments/phase6_evidence_20260906.json,measurement_support,"Evidence/manifest/CSV, isolated driver or verification helper; not production patch"
A,doc/performance_experiments/phase6_finalize_20260906.py,measurement_support,"Evidence/manifest/CSV, isolated driver or verification helper; not production patch"
A,doc/performance_experiments/phase6_pgo_20260906.py,measurement_support,"Evidence/manifest/CSV, isolated driver or verification helper; not production patch"
A,doc/performance_experiments/phase6_plan_20260906.md,documentation,"Adoption/rejection history, API docs, review or release preparation"
A,doc/performance_experiments/phase6_python_probe_20260906.py,measurement_support,"Evidence/manifest/CSV, isolated driver or verification helper; not production patch"
A,doc/performance_experiments/phase6_record_20260906.py,measurement_support,"Evidence/manifest/CSV, isolated driver or verification helper; not production patch"
A,doc/performance_experiments/phase6_validate_20260906.py,measurement_support,"Evidence/manifest/CSV, isolated driver or verification helper; not production patch"
A,doc/performance_experiments/proof_batch_driver/CMakeLists.txt,measurement_support,"Evidence/manifest/CSV, isolated driver or verification helper; not production patch"
A,doc/performance_experiments/purchase_visit_cost_driver/CMakeLists.txt,measurement_support,"Evidence/manifest/CSV, isolated driver or verification helper; not production patch"
A,doc/performance_experiments/raw/README.md,documentation,"Adoption/rejection history, API docs, review or release preparation"
A,doc/performance_experiments/raw/exploratory/csplendor-codex56-counter-off__Testing__Temporary__CTestCostData.txt.gz,measurement_support,"Evidence/manifest/CSV, isolated driver or verification helper; not production patch"
A,doc/performance_experiments/raw/exploratory/csplendor-codex56-counter-off__Testing__Temporary__LastTest.log.gz,measurement_support,"Evidence/manifest/CSV, isolated driver or verification helper; not production patch"
A,doc/performance_experiments/raw/exploratory/csplendor-codex56-counter-on__Testing__Temporary__CTestCostData.txt.gz,measurement_support,"Evidence/manifest/CSV, isolated driver or verification helper; not production patch"
A,doc/performance_experiments/raw/exploratory/csplendor-codex56-counter-on__Testing__Temporary__LastTest.log.gz,measurement_support,"Evidence/manifest/CSV, isolated driver or verification helper; not production patch"
A,doc/performance_experiments/raw/exploratory/csplendor-counter-off-smoke.jsonl.gz,measurement_support,"Evidence/manifest/CSV, isolated driver or verification helper; not production patch"
A,doc/performance_experiments/raw/exploratory/csplendor-counter-on-smoke.jsonl.gz,measurement_support,"Evidence/manifest/CSV, isolated driver or verification helper; not production patch"
A,doc/performance_experiments/raw/exploratory/csplendor-counter-smoke.jsonl.gz,measurement_support,"Evidence/manifest/CSV, isolated driver or verification helper; not production patch"
A,doc/performance_experiments/raw/exploratory/csplendor-manifest-smoke.stdout.gz,measurement_support,"Evidence/manifest/CSV, isolated driver or verification helper; not production patch"
A,doc/performance_experiments/raw/exploratory/csplendor-native-collect-v2.json.gz,measurement_support,"Evidence/manifest/CSV, isolated driver or verification helper; not production patch"
A,doc/performance_experiments/raw/exploratory/csplendor-native-collect.json.gz,measurement_support,"Evidence/manifest/CSV, isolated driver or verification helper; not production patch"
A,doc/performance_experiments/raw/exploratory/csplendor-native-direct.jsonl.gz,measurement_support,"Evidence/manifest/CSV, isolated driver or verification helper; not production patch"
A,doc/performance_experiments/raw/exploratory/csplendor-native-paired.json.gz,measurement_support,"Evidence/manifest/CSV, isolated driver or verification helper; not production patch"
A,doc/performance_experiments/raw/exploratory/csplendor-paired-smoke.json.gz,measurement_support,"Evidence/manifest/CSV, isolated driver or verification helper; not production patch"
A,doc/performance_experiments/raw/exploratory/csplendor-parallel-counter-smoke.jsonl.gz,measurement_support,"Evidence/manifest/CSV, isolated driver or verification helper; not production patch"
A,doc/performance_experiments/raw/exploratory/csplendor-reveal-baseline.json.gz,measurement_support,"Evidence/manifest/CSV, isolated driver or verification helper; not production patch"
A,doc/performance_experiments/raw/exploratory/csplendor-reveal-candidate-hash.json.gz,measurement_support,"Evidence/manifest/CSV, isolated driver or verification helper; not production patch"
A,doc/performance_experiments/raw/exploratory/csplendor-reveal-candidate-reserve.json.gz,measurement_support,"Evidence/manifest/CSV, isolated driver or verification helper; not production patch"
A,doc/performance_experiments/raw/exploratory/csplendor-reveal-candidate-vector-path.json.gz,measurement_support,"Evidence/manifest/CSV, isolated driver or verification helper; not production patch"
A,doc/performance_experiments/raw/exploratory/csplendor-reveal-final-notime.json.gz,measurement_support,"Evidence/manifest/CSV, isolated driver or verification helper; not production patch"
A,doc/performance_experiments/raw/exploratory/csplendor-reveal-fixednodes-timecheck-1.json.gz,measurement_support,"Evidence/manifest/CSV, isolated driver or verification helper; not production patch"
A,doc/performance_experiments/raw/exploratory/csplendor-reveal-fixednodes-timecheck-64.json.gz,measurement_support,"Evidence/manifest/CSV, isolated driver or verification helper; not production patch"
A,doc/performance_experiments/raw/exploratory/csplendor-reveal-interleaved-baseline.json.gz,measurement_support,"Evidence/manifest/CSV, isolated driver or verification helper; not production patch"
A,doc/performance_experiments/raw/exploratory/csplendor-reveal-interleaved-candidate.json.gz,measurement_support,"Evidence/manifest/CSV, isolated driver or verification helper; not production patch"
A,doc/performance_experiments/raw/exploratory/csplendor-reveal-timecheck-256.json.gz,measurement_support,"Evidence/manifest/CSV, isolated driver or verification helper; not production patch"
A,doc/performance_experiments/raw/exploratory/csplendor-reveal-timecheck-64.json.gz,measurement_support,"Evidence/manifest/CSV, isolated driver or verification helper; not production patch"
A,doc/performance_experiments/raw/exploratory/csplendor-reveal-timecheck-every-node.json.gz,measurement_support,"Evidence/manifest/CSV, isolated driver or verification helper; not production patch"
A,doc/performance_experiments/raw/exploratory/csplendor_hotpaths_all.jsonl.gz,measurement_support,"Evidence/manifest/CSV, isolated driver or verification helper; not production patch"
A,doc/performance_experiments/raw/exploratory/csplendor_hotpaths_all_final.jsonl.gz,measurement_support,"Evidence/manifest/CSV, isolated driver or verification helper; not production patch"
A,doc/performance_experiments/raw/f2_f3_20260906/ci_lint.json.gz,measurement_support,"Evidence/manifest/CSV, isolated driver or verification helper; not production patch"
A,doc/performance_experiments/raw/f2_f3_20260906/ci_lint_available_tool.json.gz,measurement_support,"Evidence/manifest/CSV, isolated driver or verification helper; not production patch"
A,doc/performance_experiments/raw/f2_f3_20260906/final_validation.json.gz,measurement_support,"Evidence/manifest/CSV, isolated driver or verification helper; not production patch"
A,doc/performance_experiments/raw/f2_f3_20260906/frontier_transport.json.gz,measurement_support,"Evidence/manifest/CSV, isolated driver or verification helper; not production patch"
A,doc/performance_experiments/raw/f2_f3_20260906/frontier_transport_identity.json.gz,measurement_support,"Evidence/manifest/CSV, isolated driver or verification helper; not production patch"
A,doc/performance_experiments/raw/f2_f3_20260906/gui_bridge_tests.json.gz,measurement_support,"Evidence/manifest/CSV, isolated driver or verification helper; not production patch"
A,doc/performance_experiments/raw/f2_f3_20260906/helper_compile.json.gz,measurement_support,"Evidence/manifest/CSV, isolated driver or verification helper; not production patch"
A,doc/performance_experiments/raw/f2_f3_20260906/main_ci_lint.json.gz,measurement_support,"Evidence/manifest/CSV, isolated driver or verification helper; not production patch"
A,doc/performance_experiments/raw/f2_f3_20260906/real_model.json.gz,measurement_support,"Evidence/manifest/CSV, isolated driver or verification helper; not production patch"
A,doc/performance_experiments/raw/f2_f3_20260906/real_model_v2.json.gz,measurement_support,"Evidence/manifest/CSV, isolated driver or verification helper; not production patch"
A,doc/performance_experiments/raw/f2_f3_20260906/recommended_model.json.gz,measurement_support,"Evidence/manifest/CSV, isolated driver or verification helper; not production patch"
A,doc/performance_experiments/raw/f2_f3_20260906/session_cancel_resume.json.gz,measurement_support,"Evidence/manifest/CSV, isolated driver or verification helper; not production patch"
A,doc/performance_experiments/raw/f2_f3_20260906/start.json.gz,measurement_support,"Evidence/manifest/CSV, isolated driver or verification helper; not production patch"
A,doc/performance_experiments/raw/f2_f3_20260906/venv.json.gz,measurement_support,"Evidence/manifest/CSV, isolated driver or verification helper; not production patch"
A,doc/performance_experiments/raw/final_integration_20260906/audit_common_candidate.json.gz,measurement_support,"Evidence/manifest/CSV, isolated driver or verification helper; not production patch"
A,doc/performance_experiments/raw/final_integration_20260906/audit_common_lto.json.gz,measurement_support,"Evidence/manifest/CSV, isolated driver or verification helper; not production patch"
A,doc/performance_experiments/raw/final_integration_20260906/audit_common_main.json.gz,measurement_support,"Evidence/manifest/CSV, isolated driver or verification helper; not production patch"
A,doc/performance_experiments/raw/final_integration_20260906/build_asan.json.gz,measurement_support,"Evidence/manifest/CSV, isolated driver or verification helper; not production patch"
A,doc/performance_experiments/raw/final_integration_20260906/build_candidate.json.gz,measurement_support,"Evidence/manifest/CSV, isolated driver or verification helper; not production patch"
A,doc/performance_experiments/raw/final_integration_20260906/build_candidate_fixed.json.gz,measurement_support,"Evidence/manifest/CSV, isolated driver or verification helper; not production patch"
A,doc/performance_experiments/raw/final_integration_20260906/build_common_candidate.json.gz,measurement_support,"Evidence/manifest/CSV, isolated driver or verification helper; not production patch"
A,doc/performance_experiments/raw/final_integration_20260906/build_common_lto.json.gz,measurement_support,"Evidence/manifest/CSV, isolated driver or verification helper; not production patch"
A,doc/performance_experiments/raw/final_integration_20260906/build_common_main.json.gz,measurement_support,"Evidence/manifest/CSV, isolated driver or verification helper; not production patch"
A,doc/performance_experiments/raw/final_integration_20260906/build_main.json.gz,measurement_support,"Evidence/manifest/CSV, isolated driver or verification helper; not production patch"
A,doc/performance_experiments/raw/final_integration_20260906/build_reference.json.gz,measurement_support,"Evidence/manifest/CSV, isolated driver or verification helper; not production patch"
A,doc/performance_experiments/raw/final_integration_20260906/code_formal_actions.json.gz,measurement_support,"Evidence/manifest/CSV, isolated driver or verification helper; not production patch"
A,doc/performance_experiments/raw/final_integration_20260906/code_formal_actions_invocation.json.gz,measurement_support,"Evidence/manifest/CSV, isolated driver or verification helper; not production patch"
A,doc/performance_experiments/raw/final_integration_20260906/code_formal_codes.json.gz,measurement_support,"Evidence/manifest/CSV, isolated driver or verification helper; not production patch"
A,doc/performance_experiments/raw/final_integration_20260906/code_formal_codes_invocation.json.gz,measurement_support,"Evidence/manifest/CSV, isolated driver or verification helper; not production patch"
A,doc/performance_experiments/raw/final_integration_20260906/code_formal_count.json.gz,measurement_support,"Evidence/manifest/CSV, isolated driver or verification helper; not production patch"
A,doc/performance_experiments/raw/final_integration_20260906/code_formal_count_invocation.json.gz,measurement_support,"Evidence/manifest/CSV, isolated driver or verification helper; not production patch"
A,doc/performance_experiments/raw/final_integration_20260906/code_formal_features.json.gz,measurement_support,"Evidence/manifest/CSV, isolated driver or verification helper; not production patch"
A,doc/performance_experiments/raw/final_integration_20260906/code_formal_features_invocation.json.gz,measurement_support,"Evidence/manifest/CSV, isolated driver or verification helper; not production patch"
A,doc/performance_experiments/raw/final_integration_20260906/code_formal_legacy.json.gz,measurement_support,"Evidence/manifest/CSV, isolated driver or verification helper; not production patch"
A,doc/performance_experiments/raw/final_integration_20260906/code_formal_legacy_invocation.json.gz,measurement_support,"Evidence/manifest/CSV, isolated driver or verification helper; not production patch"
A,doc/performance_experiments/raw/final_integration_20260906/code_formal_pipeline.json.gz,measurement_support,"Evidence/manifest/CSV, isolated driver or verification helper; not production patch"
A,doc/performance_experiments/raw/final_integration_20260906/code_formal_pipeline_invocation.json.gz,measurement_support,"Evidence/manifest/CSV, isolated driver or verification helper; not production patch"
A,doc/performance_experiments/raw/final_integration_20260906/code_formal_primary.json.gz,measurement_support,"Evidence/manifest/CSV, isolated driver or verification helper; not production patch"
A,doc/performance_experiments/raw/final_integration_20260906/code_formal_primary_invocation.json.gz,measurement_support,"Evidence/manifest/CSV, isolated driver or verification helper; not production patch"
A,doc/performance_experiments/raw/final_integration_20260906/code_formal_random.json.gz,measurement_support,"Evidence/manifest/CSV, isolated driver or verification helper; not production patch"
A,doc/performance_experiments/raw/final_integration_20260906/code_formal_random_invocation.json.gz,measurement_support,"Evidence/manifest/CSV, isolated driver or verification helper; not production patch"
A,doc/performance_experiments/raw/final_integration_20260906/code_formal_root.json.gz,measurement_support,"Evidence/manifest/CSV, isolated driver or verification helper; not production patch"
A,doc/performance_experiments/raw/final_integration_20260906/code_formal_root_invocation.json.gz,measurement_support,"Evidence/manifest/CSV, isolated driver or verification helper; not production patch"
A,doc/performance_experiments/raw/final_integration_20260906/code_formal_serial.json.gz,measurement_support,"Evidence/manifest/CSV, isolated driver or verification helper; not production patch"
A,doc/performance_experiments/raw/final_integration_20260906/code_formal_serial_invocation.json.gz,measurement_support,"Evidence/manifest/CSV, isolated driver or verification helper; not production patch"
A,doc/performance_experiments/raw/final_integration_20260906/code_formal_shallow.json.gz,measurement_support,"Evidence/manifest/CSV, isolated driver or verification helper; not production patch"
A,doc/performance_experiments/raw/final_integration_20260906/code_formal_shallow_invocation.json.gz,measurement_support,"Evidence/manifest/CSV, isolated driver or verification helper; not production patch"
A,doc/performance_experiments/raw/final_integration_20260906/code_formal_shared.json.gz,measurement_support,"Evidence/manifest/CSV, isolated driver or verification helper; not production patch"
A,doc/performance_experiments/raw/final_integration_20260906/code_formal_shared_invocation.json.gz,measurement_support,"Evidence/manifest/CSV, isolated driver or verification helper; not production patch"
A,doc/performance_experiments/raw/final_integration_20260906/code_formal_v3.json.gz,measurement_support,"Evidence/manifest/CSV, isolated driver or verification helper; not production patch"
A,doc/performance_experiments/raw/final_integration_20260906/code_formal_v3_invocation.json.gz,measurement_support,"Evidence/manifest/CSV, isolated driver or verification helper; not production patch"
A,doc/performance_experiments/raw/final_integration_20260906/code_formal_visible.json.gz,measurement_support,"Evidence/manifest/CSV, isolated driver or verification helper; not production patch"
A,doc/performance_experiments/raw/final_integration_20260906/code_formal_visible_invocation.json.gz,measurement_support,"Evidence/manifest/CSV, isolated driver or verification helper; not production patch"
A,doc/performance_experiments/raw/final_integration_20260906/code_formal_warm.json.gz,measurement_support,"Evidence/manifest/CSV, isolated driver or verification helper; not production patch"
A,doc/performance_experiments/raw/final_integration_20260906/code_formal_warm_invocation.json.gz,measurement_support,"Evidence/manifest/CSV, isolated driver or verification helper; not production patch"
A,doc/performance_experiments/raw/final_integration_20260906/code_holdout_features.json.gz,measurement_support,"Evidence/manifest/CSV, isolated driver or verification helper; not production patch"
A,doc/performance_experiments/raw/final_integration_20260906/code_holdout_features_invocation.json.gz,measurement_support,"Evidence/manifest/CSV, isolated driver or verification helper; not production patch"
A,doc/performance_experiments/raw/final_integration_20260906/code_holdout_pipeline.json.gz,measurement_support,"Evidence/manifest/CSV, isolated driver or verification helper; not production patch"
A,doc/performance_experiments/raw/final_integration_20260906/code_holdout_pipeline_invocation.json.gz,measurement_support,"Evidence/manifest/CSV, isolated driver or verification helper; not production patch"
A,doc/performance_experiments/raw/final_integration_20260906/code_holdout_primary.json.gz,measurement_support,"Evidence/manifest/CSV, isolated driver or verification helper; not production patch"
A,doc/performance_experiments/raw/final_integration_20260906/code_holdout_primary_invocation.json.gz,measurement_support,"Evidence/manifest/CSV, isolated driver or verification helper; not production patch"
A,doc/performance_experiments/raw/final_integration_20260906/code_smoke_features.json.gz,measurement_support,"Evidence/manifest/CSV, isolated driver or verification helper; not production patch"
A,doc/performance_experiments/raw/final_integration_20260906/code_smoke_features_invocation.json.gz,measurement_support,"Evidence/manifest/CSV, isolated driver or verification helper; not production patch"
A,doc/performance_experiments/raw/final_integration_20260906/code_smoke_pipeline.json.gz,measurement_support,"Evidence/manifest/CSV, isolated driver or verification helper; not production patch"
A,doc/performance_experiments/raw/final_integration_20260906/code_smoke_pipeline_invocation.json.gz,measurement_support,"Evidence/manifest/CSV, isolated driver or verification helper; not production patch"
A,doc/performance_experiments/raw/final_integration_20260906/code_smoke_primary.json.gz,measurement_support,"Evidence/manifest/CSV, isolated driver or verification helper; not production patch"
A,doc/performance_experiments/raw/final_integration_20260906/code_smoke_primary_invocation.json.gz,measurement_support,"Evidence/manifest/CSV, isolated driver or verification helper; not production patch"
A,doc/performance_experiments/raw/final_integration_20260906/code_smoke_root.json.gz,measurement_support,"Evidence/manifest/CSV, isolated driver or verification helper; not production patch"
A,doc/performance_experiments/raw/final_integration_20260906/code_smoke_root_invocation.json.gz,measurement_support,"Evidence/manifest/CSV, isolated driver or verification helper; not production patch"
A,doc/performance_experiments/raw/final_integration_20260906/code_smoke_serial.json.gz,measurement_support,"Evidence/manifest/CSV, isolated driver or verification helper; not production patch"
A,doc/performance_experiments/raw/final_integration_20260906/code_smoke_serial_invocation.json.gz,measurement_support,"Evidence/manifest/CSV, isolated driver or verification helper; not production patch"
A,doc/performance_experiments/raw/final_integration_20260906/code_smoke_shared.json.gz,measurement_support,"Evidence/manifest/CSV, isolated driver or verification helper; not production patch"
A,doc/performance_experiments/raw/final_integration_20260906/code_smoke_shared_invocation.json.gz,measurement_support,"Evidence/manifest/CSV, isolated driver or verification helper; not production patch"
A,doc/performance_experiments/raw/final_integration_20260906/common_adapter.json.gz,measurement_support,"Evidence/manifest/CSV, isolated driver or verification helper; not production patch"
A,doc/performance_experiments/raw/final_integration_20260906/configure_asan.json.gz,measurement_support,"Evidence/manifest/CSV, isolated driver or verification helper; not production patch"
A,doc/performance_experiments/raw/final_integration_20260906/configure_candidate.json.gz,measurement_support,"Evidence/manifest/CSV, isolated driver or verification helper; not production patch"
A,doc/performance_experiments/raw/final_integration_20260906/configure_common_candidate.json.gz,measurement_support,"Evidence/manifest/CSV, isolated driver or verification helper; not production patch"
A,doc/performance_experiments/raw/final_integration_20260906/configure_common_lto.json.gz,measurement_support,"Evidence/manifest/CSV, isolated driver or verification helper; not production patch"
A,doc/performance_experiments/raw/final_integration_20260906/configure_common_main.json.gz,measurement_support,"Evidence/manifest/CSV, isolated driver or verification helper; not production patch"
A,doc/performance_experiments/raw/final_integration_20260906/configure_main.json.gz,measurement_support,"Evidence/manifest/CSV, isolated driver or verification helper; not production patch"
A,doc/performance_experiments/raw/final_integration_20260906/configure_reference.json.gz,measurement_support,"Evidence/manifest/CSV, isolated driver or verification helper; not production patch"
A,doc/performance_experiments/raw/final_integration_20260906/ctest_asan.json.gz,measurement_support,"Evidence/manifest/CSV, isolated driver or verification helper; not production patch"
A,doc/performance_experiments/raw/final_integration_20260906/ctest_candidate.json.gz,measurement_support,"Evidence/manifest/CSV, isolated driver or verification helper; not production patch"
A,doc/performance_experiments/raw/final_integration_20260906/ctest_main.json.gz,measurement_support,"Evidence/manifest/CSV, isolated driver or verification helper; not production patch"
A,doc/performance_experiments/raw/final_integration_20260906/ctest_reference.json.gz,measurement_support,"Evidence/manifest/CSV, isolated driver or verification helper; not production patch"
A,doc/performance_experiments/raw/final_integration_20260906/deployment_formal_primary.json.gz,measurement_support,"Evidence/manifest/CSV, isolated driver or verification helper; not production patch"
A,doc/performance_experiments/raw/final_integration_20260906/deployment_formal_primary_invocation.json.gz,measurement_support,"Evidence/manifest/CSV, isolated driver or verification helper; not production patch"
A,doc/performance_experiments/raw/final_integration_20260906/final_local_refs.json.gz,measurement_support,"Evidence/manifest/CSV, isolated driver or verification helper; not production patch"
A,doc/performance_experiments/raw/final_integration_20260906/final_remote_refs.json.gz,measurement_support,"Evidence/manifest/CSV, isolated driver or verification helper; not production patch"
A,doc/performance_experiments/raw/final_integration_20260906/fixed_engine_precommit.json.gz,measurement_support,"Evidence/manifest/CSV, isolated driver or verification helper; not production patch"
A,doc/performance_experiments/raw/final_integration_20260906/frozen_candidate.json.gz,measurement_support,"Evidence/manifest/CSV, isolated driver or verification helper; not production patch"
A,doc/performance_experiments/raw/final_integration_20260906/launcher_A.json.gz,measurement_support,"Evidence/manifest/CSV, isolated driver or verification helper; not production patch"
A,doc/performance_experiments/raw/final_integration_20260906/launcher_B.json.gz,measurement_support,"Evidence/manifest/CSV, isolated driver or verification helper; not production patch"
A,doc/performance_experiments/raw/final_integration_20260906/lto_formal_primary.json.gz,measurement_support,"Evidence/manifest/CSV, isolated driver or verification helper; not production patch"
A,doc/performance_experiments/raw/final_integration_20260906/lto_formal_primary_invocation.json.gz,measurement_support,"Evidence/manifest/CSV, isolated driver or verification helper; not production patch"
A,doc/performance_experiments/raw/final_integration_20260906/lto_holdout_primary.json.gz,measurement_support,"Evidence/manifest/CSV, isolated driver or verification helper; not production patch"
A,doc/performance_experiments/raw/final_integration_20260906/lto_holdout_primary_invocation.json.gz,measurement_support,"Evidence/manifest/CSV, isolated driver or verification helper; not production patch"
A,doc/performance_experiments/raw/final_integration_20260906/python_binary_A.json.gz,measurement_support,"Evidence/manifest/CSV, isolated driver or verification helper; not production patch"
A,doc/performance_experiments/raw/final_integration_20260906/python_binary_B.json.gz,measurement_support,"Evidence/manifest/CSV, isolated driver or verification helper; not production patch"
A,doc/performance_experiments/raw/final_integration_20260906/python_build_A.json.gz,measurement_support,"Evidence/manifest/CSV, isolated driver or verification helper; not production patch"
A,doc/performance_experiments/raw/final_integration_20260906/python_build_B.json.gz,measurement_support,"Evidence/manifest/CSV, isolated driver or verification helper; not production patch"
A,doc/performance_experiments/raw/final_integration_20260906/python_compile.json.gz,measurement_support,"Evidence/manifest/CSV, isolated driver or verification helper; not production patch"
A,doc/performance_experiments/raw/final_integration_20260906/python_flags_A.json.gz,measurement_support,"Evidence/manifest/CSV, isolated driver or verification helper; not production patch"
A,doc/performance_experiments/raw/final_integration_20260906/python_flags_B.json.gz,measurement_support,"Evidence/manifest/CSV, isolated driver or verification helper; not production patch"
A,doc/performance_experiments/raw/final_integration_20260906/python_identity_A.json.gz,measurement_support,"Evidence/manifest/CSV, isolated driver or verification helper; not production patch"
A,doc/performance_experiments/raw/final_integration_20260906/python_identity_B.json.gz,measurement_support,"Evidence/manifest/CSV, isolated driver or verification helper; not production patch"
A,doc/performance_experiments/raw/final_integration_20260906/python_performance_A.json.gz,measurement_support,"Evidence/manifest/CSV, isolated driver or verification helper; not production patch"
A,doc/performance_experiments/raw/final_integration_20260906/python_performance_B.json.gz,measurement_support,"Evidence/manifest/CSV, isolated driver or verification helper; not production patch"
A,doc/performance_experiments/raw/final_integration_20260906/python_reference.json.gz,measurement_support,"Evidence/manifest/CSV, isolated driver or verification helper; not production patch"
A,doc/performance_experiments/raw/final_integration_20260906/python_tests_A.json.gz,measurement_support,"Evidence/manifest/CSV, isolated driver or verification helper; not production patch"
A,doc/performance_experiments/raw/final_integration_20260906/python_tests_B.json.gz,measurement_support,"Evidence/manifest/CSV, isolated driver or verification helper; not production patch"
A,doc/performance_experiments/raw/final_integration_20260906/start.json.gz,measurement_support,"Evidence/manifest/CSV, isolated driver or verification helper; not production patch"
A,doc/performance_experiments/raw/final_integration_20260906/venv_A.json.gz,measurement_support,"Evidence/manifest/CSV, isolated driver or verification helper; not production patch"
A,doc/performance_experiments/raw/final_integration_20260906/venv_B.json.gz,measurement_support,"Evidence/manifest/CSV, isolated driver or verification helper; not production patch"
A,doc/performance_experiments/raw/finalization_20260906/scope_inventory.json.gz,measurement_support,"Evidence/manifest/CSV, isolated driver or verification helper; not production patch"
A,doc/performance_experiments/raw/manifest.tsv,measurement_support,"Evidence/manifest/CSV, isolated driver or verification helper; not production patch"
A,doc/performance_experiments/raw/phase0/audit-candidate-text.bin.gz,measurement_support,"Evidence/manifest/CSV, isolated driver or verification helper; not production patch"
A,doc/performance_experiments/raw/phase0/audit-reference-text.bin.gz,measurement_support,"Evidence/manifest/CSV, isolated driver or verification helper; not production patch"
A,doc/performance_experiments/raw/phase0/baseline_slot_crossover_summary_final.json.gz,measurement_support,"Evidence/manifest/CSV, isolated driver or verification helper; not production patch"
A,doc/performance_experiments/raw/phase0/candidate-all.jsonl.gz,measurement_support,"Evidence/manifest/CSV, isolated driver or verification helper; not production patch"
A,doc/performance_experiments/raw/phase0/candidate-final-after-format.text.raw.gz,measurement_support,"Evidence/manifest/CSV, isolated driver or verification helper; not production patch"
A,doc/performance_experiments/raw/phase0/candidate-final.text.gz,measurement_support,"Evidence/manifest/CSV, isolated driver or verification helper; not production patch"
A,doc/performance_experiments/raw/phase0/candidate-final.text.raw.gz,measurement_support,"Evidence/manifest/CSV, isolated driver or verification helper; not production patch"
A,doc/performance_experiments/raw/phase0/characterization_manifest_final.json.gz,measurement_support,"Evidence/manifest/CSV, isolated driver or verification helper; not production patch"
A,doc/performance_experiments/raw/phase0/csplendor-phase0-asan__Testing__Temporary__CTestCostData.txt.gz,measurement_support,"Evidence/manifest/CSV, isolated driver or verification helper; not production patch"
A,doc/performance_experiments/raw/phase0/csplendor-phase0-asan__Testing__Temporary__LastTest.log.gz,measurement_support,"Evidence/manifest/CSV, isolated driver or verification helper; not production patch"
A,doc/performance_experiments/raw/phase0/csplendor-phase0-asan__Testing__Temporary__LastTestsFailed.log.gz,measurement_support,"Evidence/manifest/CSV, isolated driver or verification helper; not production patch"
A,doc/performance_experiments/raw/phase0/csplendor-phase0-compileall.log.gz,measurement_support,"Evidence/manifest/CSV, isolated driver or verification helper; not production patch"
A,doc/performance_experiments/raw/phase0/csplendor-phase0-compileall.time.gz,measurement_support,"Evidence/manifest/CSV, isolated driver or verification helper; not production patch"
A,doc/performance_experiments/raw/phase0/csplendor-phase0-counter-instrumented__Testing__Temporary__CTestCostData.txt.gz,measurement_support,"Evidence/manifest/CSV, isolated driver or verification helper; not production patch"
A,doc/performance_experiments/raw/phase0/csplendor-phase0-counter-instrumented__Testing__Temporary__LastTest.log.gz,measurement_support,"Evidence/manifest/CSV, isolated driver or verification helper; not production patch"
A,doc/performance_experiments/raw/phase0/csplendor-phase0-counter-normal__Testing__Temporary__CTestCostData.txt.gz,measurement_support,"Evidence/manifest/CSV, isolated driver or verification helper; not production patch"
A,doc/performance_experiments/raw/phase0/csplendor-phase0-counter-normal__Testing__Temporary__LastTest.log.gz,measurement_support,"Evidence/manifest/CSV, isolated driver or verification helper; not production patch"
A,doc/performance_experiments/raw/phase0/csplendor-phase0-diff-check.log.gz,measurement_support,"Evidence/manifest/CSV, isolated driver or verification helper; not production patch"
A,doc/performance_experiments/raw/phase0/csplendor-phase0-diff-check.time.gz,measurement_support,"Evidence/manifest/CSV, isolated driver or verification helper; not production patch"
A,doc/performance_experiments/raw/phase0/csplendor-phase0-differential-1000-fixed.time.gz,measurement_support,"Evidence/manifest/CSV, isolated driver or verification helper; not production patch"
A,doc/performance_experiments/raw/phase0/csplendor-phase0-differential-1000-plies12.json.gz,measurement_support,"Evidence/manifest/CSV, isolated driver or verification helper; not production patch"
A,doc/performance_experiments/raw/phase0/csplendor-phase0-differential-1000-plies12.time.gz,measurement_support,"Evidence/manifest/CSV, isolated driver or verification helper; not production patch"
A,doc/performance_experiments/raw/phase0/csplendor-phase0-differential-1000-plies32-fixed.json.gz,measurement_support,"Evidence/manifest/CSV, isolated driver or verification helper; not production patch"
A,doc/performance_experiments/raw/phase0/csplendor-phase0-differential-1000-plies32-fixed.time.gz,measurement_support,"Evidence/manifest/CSV, isolated driver or verification helper; not production patch"
A,doc/performance_experiments/raw/phase0/csplendor-phase0-differential-1000.stderr.gz,measurement_support,"Evidence/manifest/CSV, isolated driver or verification helper; not production patch"
A,doc/performance_experiments/raw/phase0/csplendor-phase0-differential-1000.stdout.gz,measurement_support,"Evidence/manifest/CSV, isolated driver or verification helper; not production patch"
A,doc/performance_experiments/raw/phase0/csplendor-phase0-differential-1000.time.gz,measurement_support,"Evidence/manifest/CSV, isolated driver or verification helper; not production patch"
A,doc/performance_experiments/raw/phase0/csplendor-phase0-differential-final-1000-plies32.json.gz,measurement_support,"Evidence/manifest/CSV, isolated driver or verification helper; not production patch"
A,doc/performance_experiments/raw/phase0/csplendor-phase0-final.json.gz,measurement_support,"Evidence/manifest/CSV, isolated driver or verification helper; not production patch"
A,doc/performance_experiments/raw/phase0/csplendor-phase0-gprof-final-evidence__combined__flat_top20.txt.gz,measurement_support,"Evidence/manifest/CSV, isolated driver or verification helper; not production patch"
A,doc/performance_experiments/raw/phase0/csplendor-phase0-gprof-final-evidence__combined__gmon.sum.gz,measurement_support,"Evidence/manifest/CSV, isolated driver or verification helper; not production patch"
A,doc/performance_experiments/raw/phase0/csplendor-phase0-gprof-final-evidence__combined__gprof.txt.gz,measurement_support,"Evidence/manifest/CSV, isolated driver or verification helper; not production patch"
A,doc/performance_experiments/raw/phase0/csplendor-phase0-gprof-final-evidence__combined__hotspots_top20.csv.gz,measurement_support,"Evidence/manifest/CSV, isolated driver or verification helper; not production patch"
A,doc/performance_experiments/raw/phase0/csplendor-phase0-gprof-final-evidence__exact_reveal__gmon.out.gz,measurement_support,"Evidence/manifest/CSV, isolated driver or verification helper; not production patch"
A,doc/performance_experiments/raw/phase0/csplendor-phase0-gprof-final-evidence__legacy_mcts__gmon.out.gz,measurement_support,"Evidence/manifest/CSV, isolated driver or verification helper; not production patch"
A,doc/performance_experiments/raw/phase0/csplendor-phase0-gprof-final-evidence__manifest.json.gz,measurement_support,"Evidence/manifest/CSV, isolated driver or verification helper; not production patch"
A,doc/performance_experiments/raw/phase0/csplendor-phase0-gprof-final-evidence__parallel_scheduler__gmon.out.gz,measurement_support,"Evidence/manifest/CSV, isolated driver or verification helper; not production patch"
A,doc/performance_experiments/raw/phase0/csplendor-phase0-gprof-final-evidence__rules__gmon.out.gz,measurement_support,"Evidence/manifest/CSV, isolated driver or verification helper; not production patch"
A,doc/performance_experiments/raw/phase0/csplendor-phase0-gprof-final-evidence__shared_tree__gmon.out.gz,measurement_support,"Evidence/manifest/CSV, isolated driver or verification helper; not production patch"
A,doc/performance_experiments/raw/phase0/csplendor-phase0-gprof-final-evidence__solver_state_key__gmon.out.gz,measurement_support,"Evidence/manifest/CSV, isolated driver or verification helper; not production patch"
A,doc/performance_experiments/raw/phase0/csplendor-phase0-gprof-final-evidence__solver_tt__gmon.out.gz,measurement_support,"Evidence/manifest/CSV, isolated driver or verification helper; not production patch"
A,doc/performance_experiments/raw/phase0/csplendor-phase0-gprof-final-evidence__visible_solver__gmon.out.gz,measurement_support,"Evidence/manifest/CSV, isolated driver or verification helper; not production patch"
A,doc/performance_experiments/raw/phase0/csplendor-phase0-instrumented__Testing__Temporary__CTestCostData.txt.gz,measurement_support,"Evidence/manifest/CSV, isolated driver or verification helper; not production patch"
A,doc/performance_experiments/raw/phase0/csplendor-phase0-instrumented__Testing__Temporary__LastTest.log.gz,measurement_support,"Evidence/manifest/CSV, isolated driver or verification helper; not production patch"
A,doc/performance_experiments/raw/phase0/csplendor-phase0-native-tests__Testing__Temporary__CTestCostData.txt.gz,measurement_support,"Evidence/manifest/CSV, isolated driver or verification helper; not production patch"
A,doc/performance_experiments/raw/phase0/csplendor-phase0-native-tests__Testing__Temporary__LastTest.log.gz,measurement_support,"Evidence/manifest/CSV, isolated driver or verification helper; not production patch"
A,doc/performance_experiments/raw/phase0/csplendor-phase0-pycompile.log.gz,measurement_support,"Evidence/manifest/CSV, isolated driver or verification helper; not production patch"
A,doc/performance_experiments/raw/phase0/csplendor-phase0-pycompile.time.gz,measurement_support,"Evidence/manifest/CSV, isolated driver or verification helper; not production patch"
A,doc/performance_experiments/raw/phase0/csplendor-phase0-pytest-all.log.gz,measurement_support,"Evidence/manifest/CSV, isolated driver or verification helper; not production patch"
A,doc/performance_experiments/raw/phase0/csplendor-phase0-pytest-all.time.gz,measurement_support,"Evidence/manifest/CSV, isolated driver or verification helper; not production patch"
A,doc/performance_experiments/raw/phase0/csplendor-phase0-pytest-performance.log.gz,measurement_support,"Evidence/manifest/CSV, isolated driver or verification helper; not production patch"
A,doc/performance_experiments/raw/phase0/csplendor-phase0-pytest-performance.time.gz,measurement_support,"Evidence/manifest/CSV, isolated driver or verification helper; not production patch"
A,doc/performance_experiments/raw/phase0/csplendor-phase0-reference.tar.gz,measurement_support,"Evidence/manifest/CSV, isolated driver or verification helper; not production patch"
A,doc/performance_experiments/raw/phase0/csplendor-phase0-release__Testing__Temporary__CTestCostData.txt.gz,measurement_support,"Evidence/manifest/CSV, isolated driver or verification helper; not production patch"
A,doc/performance_experiments/raw/phase0/csplendor-phase0-release__Testing__Temporary__LastTest.log.gz,measurement_support,"Evidence/manifest/CSV, isolated driver or verification helper; not production patch"
A,doc/performance_experiments/raw/phase0/csplendor-phase0-ruff-check.log.gz,measurement_support,"Evidence/manifest/CSV, isolated driver or verification helper; not production patch"
A,doc/performance_experiments/raw/phase0/csplendor-phase0-ruff-check.time.gz,measurement_support,"Evidence/manifest/CSV, isolated driver or verification helper; not production patch"
A,doc/performance_experiments/raw/phase0/csplendor-phase0-ruff-format.log.gz,measurement_support,"Evidence/manifest/CSV, isolated driver or verification helper; not production patch"
A,doc/performance_experiments/raw/phase0/csplendor-phase0-ruff-format.time.gz,measurement_support,"Evidence/manifest/CSV, isolated driver or verification helper; not production patch"
A,doc/performance_experiments/raw/phase0/csplendor-phase0-ruff-phase0.log.gz,measurement_support,"Evidence/manifest/CSV, isolated driver or verification helper; not production patch"
A,doc/performance_experiments/raw/phase0/csplendor-phase0-ruff-phase0.time.gz,measurement_support,"Evidence/manifest/CSV, isolated driver or verification helper; not production patch"
A,doc/performance_experiments/raw/phase0/csplendor-phase0-slot-smoke.csv.gz,measurement_support,"Evidence/manifest/CSV, isolated driver or verification helper; not production patch"
A,doc/performance_experiments/raw/phase0/csplendor-phase0-slot-smoke.json.gz,measurement_support,"Evidence/manifest/CSV, isolated driver or verification helper; not production patch"
A,doc/performance_experiments/raw/phase0/csplendor-phase0-tsan__Testing__Temporary__CTestCostData.txt.gz,measurement_support,"Evidence/manifest/CSV, isolated driver or verification helper; not production patch"
A,doc/performance_experiments/raw/phase0/csplendor-phase0-tsan__Testing__Temporary__LastTest.log.gz,measurement_support,"Evidence/manifest/CSV, isolated driver or verification helper; not production patch"
A,doc/performance_experiments/raw/phase0/csplendor_phase0_clang_diff.patch.gz,measurement_support,"Evidence/manifest/CSV, isolated driver or verification helper; not production patch"
A,doc/performance_experiments/raw/phase0/csplendor_phase0_clang_diff_final.patch.gz,measurement_support,"Evidence/manifest/CSV, isolated driver or verification helper; not production patch"
A,doc/performance_experiments/raw/phase0/csplendor_phase0_clang_full.out.gz,measurement_support,"Evidence/manifest/CSV, isolated driver or verification helper; not production patch"
A,doc/performance_experiments/raw/phase0/csplendor_phase0_mcts_01_exact_core.csv.gz,measurement_support,"Evidence/manifest/CSV, isolated driver or verification helper; not production patch"
A,doc/performance_experiments/raw/phase0/csplendor_phase0_mcts_02_determinized_core.csv.gz,measurement_support,"Evidence/manifest/CSV, isolated driver or verification helper; not production patch"
A,doc/performance_experiments/raw/phase0/csplendor_phase0_mcts_03_batch1_latency50.csv.gz,measurement_support,"Evidence/manifest/CSV, isolated driver or verification helper; not production patch"
A,doc/performance_experiments/raw/phase0/csplendor_phase0_mcts_04_batch64_latency250_determinized.csv.gz,measurement_support,"Evidence/manifest/CSV, isolated driver or verification helper; not production patch"
A,doc/performance_experiments/raw/phase0/csplendor_phase0_mcts_05_latency1000.csv.gz,measurement_support,"Evidence/manifest/CSV, isolated driver or verification helper; not production patch"
A,doc/performance_experiments/raw/phase0/csplendor_phase0_mcts_06_adjusted_40000_determinized.csv.gz,measurement_support,"Evidence/manifest/CSV, isolated driver or verification helper; not production patch"
A,doc/performance_experiments/raw/phase0/csplendor_phase0_mcts_06_long_65536_determinized.csv.gz,measurement_support,"Evidence/manifest/CSV, isolated driver or verification helper; not production patch"
A,doc/performance_experiments/raw/phase0/csplendor_phase0_mcts_06_long_65536_determinized.stderr.gz,measurement_support,"Evidence/manifest/CSV, isolated driver or verification helper; not production patch"
A,doc/performance_experiments/raw/phase0/csplendor_phase0_mcts_06a_long_coarse_65536_determinized.csv.gz,measurement_support,"Evidence/manifest/CSV, isolated driver or verification helper; not production patch"
A,doc/performance_experiments/raw/phase0/csplendor_phase0_mcts_06b_long_sharded_65536_determinized.csv.gz,measurement_support,"Evidence/manifest/CSV, isolated driver or verification helper; not production patch"
A,doc/performance_experiments/raw/phase0/csplendor_phase0_mcts_06c_long_root_65536_determinized.csv.gz,measurement_support,"Evidence/manifest/CSV, isolated driver or verification helper; not production patch"
A,doc/performance_experiments/raw/phase0/csplendor_phase0_mcts_06d_probe_coarse_65535.csv.gz,measurement_support,"Evidence/manifest/CSV, isolated driver or verification helper; not production patch"
A,doc/performance_experiments/raw/phase0/csplendor_phase0_mcts_06e_probe_coarse_65536_batch1024.csv.gz,measurement_support,"Evidence/manifest/CSV, isolated driver or verification helper; not production patch"
A,doc/performance_experiments/raw/phase0/csplendor_phase0_mcts_06f_probe_coarse_65536_exact.csv.gz,measurement_support,"Evidence/manifest/CSV, isolated driver or verification helper; not production patch"
A,doc/performance_experiments/raw/phase0/harness-review-all-self.json.gz,measurement_support,"Evidence/manifest/CSV, isolated driver or verification helper; not production patch"
A,doc/performance_experiments/raw/phase0/harness-review-all.json.gz,measurement_support,"Evidence/manifest/CSV, isolated driver or verification helper; not production patch"
A,doc/performance_experiments/raw/phase0/harness-review-final-smoke.json.gz,measurement_support,"Evidence/manifest/CSV, isolated driver or verification helper; not production patch"
A,doc/performance_experiments/raw/phase0/harness-review-instrumented.json.gz,measurement_support,"Evidence/manifest/CSV, isolated driver or verification helper; not production patch"
A,doc/performance_experiments/raw/phase0/harness-review-parallel-self-1t.json.gz,measurement_support,"Evidence/manifest/CSV, isolated driver or verification helper; not production patch"
A,doc/performance_experiments/raw/phase0/harness-review-parallel-self.json.gz,measurement_support,"Evidence/manifest/CSV, isolated driver or verification helper; not production patch"
A,doc/performance_experiments/raw/phase0/hot_instr.jsonl.gz,measurement_support,"Evidence/manifest/CSV, isolated driver or verification helper; not production patch"
A,doc/performance_experiments/raw/phase0/hot_instr_norm.jsonl.gz,measurement_support,"Evidence/manifest/CSV, isolated driver or verification helper; not production patch"
A,doc/performance_experiments/raw/phase0/hot_release.jsonl.gz,measurement_support,"Evidence/manifest/CSV, isolated driver or verification helper; not production patch"
A,doc/performance_experiments/raw/phase0/hot_release_norm.jsonl.gz,measurement_support,"Evidence/manifest/CSV, isolated driver or verification helper; not production patch"
A,doc/performance_experiments/raw/phase0/hotpaths_all20.jsonl.gz,measurement_support,"Evidence/manifest/CSV, isolated driver or verification helper; not production patch"
A,doc/performance_experiments/raw/phase0/hotpaths_five.jsonl.gz,measurement_support,"Evidence/manifest/CSV, isolated driver or verification helper; not production patch"
A,doc/performance_experiments/raw/phase0/hotpaths_instrumented.jsonl.gz,measurement_support,"Evidence/manifest/CSV, isolated driver or verification helper; not production patch"
A,doc/performance_experiments/raw/phase0/hotpaths_instrumented_reveal.jsonl.gz,measurement_support,"Evidence/manifest/CSV, isolated driver or verification helper; not production patch"
A,doc/performance_experiments/raw/phase0/hotpaths_midgame.jsonl.gz,measurement_support,"Evidence/manifest/CSV, isolated driver or verification helper; not production patch"
A,doc/performance_experiments/raw/phase0/mcts_matrix_midgame250_01_exact_latency0.csv.gz,measurement_support,"Evidence/manifest/CSV, isolated driver or verification helper; not production patch"
A,doc/performance_experiments/raw/phase0/mcts_matrix_midgame250_02_determinized_latency0.csv.gz,measurement_support,"Evidence/manifest/CSV, isolated driver or verification helper; not production patch"
A,doc/performance_experiments/raw/phase0/mcts_matrix_midgame250_03_exact_batch1_latency50.csv.gz,measurement_support,"Evidence/manifest/CSV, isolated driver or verification helper; not production patch"
A,doc/performance_experiments/raw/phase0/mcts_matrix_midgame250_04_determinized_batch64_latency250.csv.gz,measurement_support,"Evidence/manifest/CSV, isolated driver or verification helper; not production patch"
A,doc/performance_experiments/raw/phase0/mcts_matrix_midgame250_05_exact_threads8_latency1000.csv.gz,measurement_support,"Evidence/manifest/CSV, isolated driver or verification helper; not production patch"
A,doc/performance_experiments/raw/phase0/mcts_matrix_midgame250_06_determinized_40000.csv.gz,measurement_support,"Evidence/manifest/CSV, isolated driver or verification helper; not production patch"
A,doc/performance_experiments/raw/phase0/mcts_matrix_midgame250_combined.csv.gz,measurement_support,"Evidence/manifest/CSV, isolated driver or verification helper; not production patch"
A,doc/performance_experiments/raw/phase0/mcts_matrix_midgame250_fixture_verification.jsonl.gz,measurement_support,"Evidence/manifest/CSV, isolated driver or verification helper; not production patch"
A,doc/performance_experiments/raw/phase0/mcts_retained_final_01_legacy_fresh.jsonl.gz,measurement_support,"Evidence/manifest/CSV, isolated driver or verification helper; not production patch"
A,doc/performance_experiments/raw/phase0/mcts_retained_final_02_legacy_retained.jsonl.gz,measurement_support,"Evidence/manifest/CSV, isolated driver or verification helper; not production patch"
A,doc/performance_experiments/raw/phase0/mcts_retained_final_03_reveal_heavy_fresh.jsonl.gz,measurement_support,"Evidence/manifest/CSV, isolated driver or verification helper; not production patch"
A,doc/performance_experiments/raw/phase0/mcts_retained_final_04_reveal_heavy_retained.jsonl.gz,measurement_support,"Evidence/manifest/CSV, isolated driver or verification helper; not production patch"
A,doc/performance_experiments/raw/phase0/mcts_retained_final_05_hidden_reserve_fresh.jsonl.gz,measurement_support,"Evidence/manifest/CSV, isolated driver or verification helper; not production patch"
A,doc/performance_experiments/raw/phase0/mcts_retained_final_06_hidden_reserve_retained.jsonl.gz,measurement_support,"Evidence/manifest/CSV, isolated driver or verification helper; not production patch"
A,doc/performance_experiments/raw/phase0/mcts_retained_final_all.jsonl.gz,measurement_support,"Evidence/manifest/CSV, isolated driver or verification helper; not production patch"
A,doc/performance_experiments/raw/phase0/mcts_retained_final_combined.csv.gz,measurement_support,"Evidence/manifest/CSV, isolated driver or verification helper; not production patch"
A,doc/performance_experiments/raw/phase0/native_probe_current.json.gz,measurement_support,"Evidence/manifest/CSV, isolated driver or verification helper; not production patch"
A,doc/performance_experiments/raw/phase0/parallel_scheduler_instrumented.jsonl.gz,measurement_support,"Evidence/manifest/CSV, isolated driver or verification helper; not production patch"
A,doc/performance_experiments/raw/phase0/phase0-candidate.text.gz,measurement_support,"Evidence/manifest/CSV, isolated driver or verification helper; not production patch"
A,doc/performance_experiments/raw/phase0/phase0-driver-smoke.csv.gz,measurement_support,"Evidence/manifest/CSV, isolated driver or verification helper; not production patch"
A,doc/performance_experiments/raw/phase0/phase0-driver-smoke.json.gz,measurement_support,"Evidence/manifest/CSV, isolated driver or verification helper; not production patch"
A,doc/performance_experiments/raw/phase0/phase0-gprof-combined__gmon.sum.gz,measurement_support,"Evidence/manifest/CSV, isolated driver or verification helper; not production patch"
A,doc/performance_experiments/raw/phase0/phase0-gprof-mcts-legacy__gmon.out.gz,measurement_support,"Evidence/manifest/CSV, isolated driver or verification helper; not production patch"
A,doc/performance_experiments/raw/phase0/phase0-gprof-mcts-scheduler__gmon.out.gz,measurement_support,"Evidence/manifest/CSV, isolated driver or verification helper; not production patch"
A,doc/performance_experiments/raw/phase0/phase0-gprof-mcts-shared__gmon.out.gz,measurement_support,"Evidence/manifest/CSV, isolated driver or verification helper; not production patch"
A,doc/performance_experiments/raw/phase0/phase0-gprof-rules__gmon.out.gz,measurement_support,"Evidence/manifest/CSV, isolated driver or verification helper; not production patch"
A,doc/performance_experiments/raw/phase0/phase0-gprof-solver-exact__gmon.out.gz,measurement_support,"Evidence/manifest/CSV, isolated driver or verification helper; not production patch"
A,doc/performance_experiments/raw/phase0/phase0-gprof-solver-key__gmon.out.gz,measurement_support,"Evidence/manifest/CSV, isolated driver or verification helper; not production patch"
A,doc/performance_experiments/raw/phase0/phase0-gprof-solver-tt__gmon.out.gz,measurement_support,"Evidence/manifest/CSV, isolated driver or verification helper; not production patch"
A,doc/performance_experiments/raw/phase0/phase0-gprof-solver-visible__gmon.out.gz,measurement_support,"Evidence/manifest/CSV, isolated driver or verification helper; not production patch"
A,doc/performance_experiments/raw/phase0/phase0-layout-reference.json.gz,measurement_support,"Evidence/manifest/CSV, isolated driver or verification helper; not production patch"
A,doc/performance_experiments/raw/phase0/phase0-paired-smoke.json.gz,measurement_support,"Evidence/manifest/CSV, isolated driver or verification helper; not production patch"
A,doc/performance_experiments/raw/phase0/phase0-reference.text.gz,measurement_support,"Evidence/manifest/CSV, isolated driver or verification helper; not production patch"
A,doc/performance_experiments/raw/phase0/phase0-smoke.json.gz,measurement_support,"Evidence/manifest/CSV, isolated driver or verification helper; not production patch"
A,doc/performance_experiments/raw/phase0/phase0_baseline_20260901.csv.gz,measurement_support,"Evidence/manifest/CSV, isolated driver or verification helper; not production patch"
A,doc/performance_experiments/raw/phase0/phase0_baseline_20260901.json.gz,measurement_support,"Evidence/manifest/CSV, isolated driver or verification helper; not production patch"
A,doc/performance_experiments/raw/phase0/phase0_baseline_slot_20260902.csv.gz,measurement_support,"Evidence/manifest/CSV, isolated driver or verification helper; not production patch"
A,doc/performance_experiments/raw/phase0/phase0_baseline_slot_20260902.json.gz,measurement_support,"Evidence/manifest/CSV, isolated driver or verification helper; not production patch"
A,doc/performance_experiments/raw/phase0/phase0_baseline_slot_final_20260902.csv.gz,measurement_support,"Evidence/manifest/CSV, isolated driver or verification helper; not production patch"
A,doc/performance_experiments/raw/phase0/phase0_baseline_slot_final_20260902.json.gz,measurement_support,"Evidence/manifest/CSV, isolated driver or verification helper; not production patch"
A,doc/performance_experiments/raw/phase0/phase0_compact_evidence_test.json.gz,measurement_support,"Evidence/manifest/CSV, isolated driver or verification helper; not production patch"
A,doc/performance_experiments/raw/phase0/phase0_native_probe_20260902.json.gz,measurement_support,"Evidence/manifest/CSV, isolated driver or verification helper; not production patch"
A,doc/performance_experiments/raw/phase0/phase0_paired_evidence_regenerated.json.gz,measurement_support,"Evidence/manifest/CSV, isolated driver or verification helper; not production patch"
A,doc/performance_experiments/raw/phase0/phase0_shared_identical_audit_20260902.csv.gz,measurement_support,"Evidence/manifest/CSV, isolated driver or verification helper; not production patch"
A,doc/performance_experiments/raw/phase0/phase0_shared_identical_audit_20260902.json.gz,measurement_support,"Evidence/manifest/CSV, isolated driver or verification helper; not production patch"
A,doc/performance_experiments/raw/phase0/phase0_shared_repeat.csv.gz,measurement_support,"Evidence/manifest/CSV, isolated driver or verification helper; not production patch"
A,doc/performance_experiments/raw/phase0/phase0_shared_repeat.json.gz,measurement_support,"Evidence/manifest/CSV, isolated driver or verification helper; not production patch"
A,doc/performance_experiments/raw/phase0/phase0_shared_slot_audit_20260902.csv.gz,measurement_support,"Evidence/manifest/CSV, isolated driver or verification helper; not production patch"
A,doc/performance_experiments/raw/phase0/phase0_shared_slot_audit_20260902.json.gz,measurement_support,"Evidence/manifest/CSV, isolated driver or verification helper; not production patch"
A,doc/performance_experiments/raw/phase0/phase0_shared_slot_audit_30_20260902.csv.gz,measurement_support,"Evidence/manifest/CSV, isolated driver or verification helper; not production patch"
A,doc/performance_experiments/raw/phase0/phase0_shared_slot_audit_30_20260902.json.gz,measurement_support,"Evidence/manifest/CSV, isolated driver or verification helper; not production patch"
A,doc/performance_experiments/raw/phase0/phase0_shared_swapped.csv.gz,measurement_support,"Evidence/manifest/CSV, isolated driver or verification helper; not production patch"
A,doc/performance_experiments/raw/phase0/phase0_shared_swapped.json.gz,measurement_support,"Evidence/manifest/CSV, isolated driver or verification helper; not production patch"
A,doc/performance_experiments/raw/phase0/reference-all.jsonl.gz,measurement_support,"Evidence/manifest/CSV, isolated driver or verification helper; not production patch"
A,doc/performance_experiments/raw/phase0/reference-final.text.gz,measurement_support,"Evidence/manifest/CSV, isolated driver or verification helper; not production patch"
A,doc/performance_experiments/raw/phase0/reference-final.text.raw.gz,measurement_support,"Evidence/manifest/CSV, isolated driver or verification helper; not production patch"
A,doc/performance_experiments/raw/phase0/setarch_probe.json.gz,measurement_support,"Evidence/manifest/CSV, isolated driver or verification helper; not production patch"
A,doc/performance_experiments/raw/phase1a/csplendor-phase1a-asan-final__Testing__Temporary__CTestCostData.txt.gz,measurement_support,"Evidence/manifest/CSV, isolated driver or verification helper; not production patch"
A,doc/performance_experiments/raw/phase1a/csplendor-phase1a-asan-final__Testing__Temporary__LastTest.log.gz,measurement_support,"Evidence/manifest/CSV, isolated driver or verification helper; not production patch"
A,doc/performance_experiments/raw/phase1a/csplendor-phase1a-dev__Testing__Temporary__CTestCostData.txt.gz,measurement_support,"Evidence/manifest/CSV, isolated driver or verification helper; not production patch"
A,doc/performance_experiments/raw/phase1a/csplendor-phase1a-dev__Testing__Temporary__LastTest.log.gz,measurement_support,"Evidence/manifest/CSV, isolated driver or verification helper; not production patch"
A,doc/performance_experiments/raw/phase1a/csplendor-phase1a-hash-normal__Testing__Temporary__CTestCostData.txt.gz,measurement_support,"Evidence/manifest/CSV, isolated driver or verification helper; not production patch"
A,doc/performance_experiments/raw/phase1a/csplendor-phase1a-hash-normal__Testing__Temporary__LastTest.log.gz,measurement_support,"Evidence/manifest/CSV, isolated driver or verification helper; not production patch"
A,doc/performance_experiments/raw/phase1a/csplendor-phase1a-hash-verify__Testing__Temporary__CTestCostData.txt.gz,measurement_support,"Evidence/manifest/CSV, isolated driver or verification helper; not production patch"
A,doc/performance_experiments/raw/phase1a/csplendor-phase1a-hash-verify__Testing__Temporary__LastTest.log.gz,measurement_support,"Evidence/manifest/CSV, isolated driver or verification helper; not production patch"
A,doc/performance_experiments/raw/phase1a/csplendor-phase1a-instrument-final__Testing__Temporary__CTestCostData.txt.gz,measurement_support,"Evidence/manifest/CSV, isolated driver or verification helper; not production patch"
A,doc/performance_experiments/raw/phase1a/csplendor-phase1a-instrument-final__Testing__Temporary__LastTest.log.gz,measurement_support,"Evidence/manifest/CSV, isolated driver or verification helper; not production patch"
A,doc/performance_experiments/raw/phase1a/csplendor-phase1a-off-audit__Testing__Temporary__CTestCostData.txt.gz,measurement_support,"Evidence/manifest/CSV, isolated driver or verification helper; not production patch"
A,doc/performance_experiments/raw/phase1a/csplendor-phase1a-off-audit__Testing__Temporary__LastTest.log.gz,measurement_support,"Evidence/manifest/CSV, isolated driver or verification helper; not production patch"
A,doc/performance_experiments/raw/phase1a/csplendor-phase1a-release-off-on-differential-1000.json.gz,measurement_support,"Evidence/manifest/CSV, isolated driver or verification helper; not production patch"
A,doc/performance_experiments/raw/phase1a/csplendor-phase1a-release-off__Testing__Temporary__CTestCostData.txt.gz,measurement_support,"Evidence/manifest/CSV, isolated driver or verification helper; not production patch"
A,doc/performance_experiments/raw/phase1a/csplendor-phase1a-release-off__Testing__Temporary__LastTest.log.gz,measurement_support,"Evidence/manifest/CSV, isolated driver or verification helper; not production patch"
A,doc/performance_experiments/raw/phase1a/csplendor-phase1a-release-on__Testing__Temporary__CTestCostData.txt.gz,measurement_support,"Evidence/manifest/CSV, isolated driver or verification helper; not production patch"
A,doc/performance_experiments/raw/phase1a/csplendor-phase1a-release-on__Testing__Temporary__LastTest.log.gz,measurement_support,"Evidence/manifest/CSV, isolated driver or verification helper; not production patch"
A,doc/performance_experiments/raw/phase1a/csplendor-phase1a-tsan-final__Testing__Temporary__CTestCostData.txt.gz,measurement_support,"Evidence/manifest/CSV, isolated driver or verification helper; not production patch"
A,doc/performance_experiments/raw/phase1a/csplendor-phase1a-tsan-final__Testing__Temporary__LastTest.log.gz,measurement_support,"Evidence/manifest/CSV, isolated driver or verification helper; not production patch"
A,doc/performance_experiments/raw/phase1a/csplendor-phase1a-verify-audit__Testing__Temporary__CTestCostData.txt.gz,measurement_support,"Evidence/manifest/CSV, isolated driver or verification helper; not production patch"
A,doc/performance_experiments/raw/phase1a/csplendor-phase1a-verify-audit__Testing__Temporary__LastTest.log.gz,measurement_support,"Evidence/manifest/CSV, isolated driver or verification helper; not production patch"
A,doc/performance_experiments/raw/phase1a/csplendor-phase1a-vs-phase1b-off-exact-audit.json.gz,measurement_support,"Evidence/manifest/CSV, isolated driver or verification helper; not production patch"
A,doc/performance_experiments/raw/phase1a/phase1a-layout-off.json.gz,measurement_support,"Evidence/manifest/CSV, isolated driver or verification helper; not production patch"
A,doc/performance_experiments/raw/phase1a/phase1a-layout-on.json.gz,measurement_support,"Evidence/manifest/CSV, isolated driver or verification helper; not production patch"
A,doc/performance_experiments/raw/phase1a/phase1a-rss-off-1.json.gz,measurement_support,"Evidence/manifest/CSV, isolated driver or verification helper; not production patch"
A,doc/performance_experiments/raw/phase1a/phase1a-rss-off-10.json.gz,measurement_support,"Evidence/manifest/CSV, isolated driver or verification helper; not production patch"
A,doc/performance_experiments/raw/phase1a/phase1a-rss-off-11.json.gz,measurement_support,"Evidence/manifest/CSV, isolated driver or verification helper; not production patch"
A,doc/performance_experiments/raw/phase1a/phase1a-rss-off-2.json.gz,measurement_support,"Evidence/manifest/CSV, isolated driver or verification helper; not production patch"
A,doc/performance_experiments/raw/phase1a/phase1a-rss-off-3.json.gz,measurement_support,"Evidence/manifest/CSV, isolated driver or verification helper; not production patch"
A,doc/performance_experiments/raw/phase1a/phase1a-rss-off-4.json.gz,measurement_support,"Evidence/manifest/CSV, isolated driver or verification helper; not production patch"
A,doc/performance_experiments/raw/phase1a/phase1a-rss-off-5.json.gz,measurement_support,"Evidence/manifest/CSV, isolated driver or verification helper; not production patch"
A,doc/performance_experiments/raw/phase1a/phase1a-rss-off-6.json.gz,measurement_support,"Evidence/manifest/CSV, isolated driver or verification helper; not production patch"
A,doc/performance_experiments/raw/phase1a/phase1a-rss-off-7.json.gz,measurement_support,"Evidence/manifest/CSV, isolated driver or verification helper; not production patch"
A,doc/performance_experiments/raw/phase1a/phase1a-rss-off-8.json.gz,measurement_support,"Evidence/manifest/CSV, isolated driver or verification helper; not production patch"
A,doc/performance_experiments/raw/phase1a/phase1a-rss-off-9.json.gz,measurement_support,"Evidence/manifest/CSV, isolated driver or verification helper; not production patch"
A,doc/performance_experiments/raw/phase1a/phase1a-rss-on-1.json.gz,measurement_support,"Evidence/manifest/CSV, isolated driver or verification helper; not production patch"
A,doc/performance_experiments/raw/phase1a/phase1a-rss-on-10.json.gz,measurement_support,"Evidence/manifest/CSV, isolated driver or verification helper; not production patch"
A,doc/performance_experiments/raw/phase1a/phase1a-rss-on-11.json.gz,measurement_support,"Evidence/manifest/CSV, isolated driver or verification helper; not production patch"
A,doc/performance_experiments/raw/phase1a/phase1a-rss-on-2.json.gz,measurement_support,"Evidence/manifest/CSV, isolated driver or verification helper; not production patch"
A,doc/performance_experiments/raw/phase1a/phase1a-rss-on-3.json.gz,measurement_support,"Evidence/manifest/CSV, isolated driver or verification helper; not production patch"
A,doc/performance_experiments/raw/phase1a/phase1a-rss-on-4.json.gz,measurement_support,"Evidence/manifest/CSV, isolated driver or verification helper; not production patch"
A,doc/performance_experiments/raw/phase1a/phase1a-rss-on-5.json.gz,measurement_support,"Evidence/manifest/CSV, isolated driver or verification helper; not production patch"
A,doc/performance_experiments/raw/phase1a/phase1a-rss-on-6.json.gz,measurement_support,"Evidence/manifest/CSV, isolated driver or verification helper; not production patch"
A,doc/performance_experiments/raw/phase1a/phase1a-rss-on-7.json.gz,measurement_support,"Evidence/manifest/CSV, isolated driver or verification helper; not production patch"
A,doc/performance_experiments/raw/phase1a/phase1a-rss-on-8.json.gz,measurement_support,"Evidence/manifest/CSV, isolated driver or verification helper; not production patch"
A,doc/performance_experiments/raw/phase1a/phase1a-rss-on-9.json.gz,measurement_support,"Evidence/manifest/CSV, isolated driver or verification helper; not production patch"
A,doc/performance_experiments/raw/phase1a/phase1a-time-opt-off-1.txt.gz,measurement_support,"Evidence/manifest/CSV, isolated driver or verification helper; not production patch"
A,doc/performance_experiments/raw/phase1a/phase1a-time-opt-off-2.txt.gz,measurement_support,"Evidence/manifest/CSV, isolated driver or verification helper; not production patch"
A,doc/performance_experiments/raw/phase1a/phase1a-time-opt-off-3.txt.gz,measurement_support,"Evidence/manifest/CSV, isolated driver or verification helper; not production patch"
A,doc/performance_experiments/raw/phase1a/phase1a-time-opt-off-4.txt.gz,measurement_support,"Evidence/manifest/CSV, isolated driver or verification helper; not production patch"
A,doc/performance_experiments/raw/phase1a/phase1a-time-opt-off-5.txt.gz,measurement_support,"Evidence/manifest/CSV, isolated driver or verification helper; not production patch"
A,doc/performance_experiments/raw/phase1a/phase1a-time-opt-off-6.txt.gz,measurement_support,"Evidence/manifest/CSV, isolated driver or verification helper; not production patch"
A,doc/performance_experiments/raw/phase1a/phase1a-time-opt-off-7.txt.gz,measurement_support,"Evidence/manifest/CSV, isolated driver or verification helper; not production patch"
A,doc/performance_experiments/raw/phase1a/phase1a-time-opt-on-1.txt.gz,measurement_support,"Evidence/manifest/CSV, isolated driver or verification helper; not production patch"
A,doc/performance_experiments/raw/phase1a/phase1a-time-opt-on-2.txt.gz,measurement_support,"Evidence/manifest/CSV, isolated driver or verification helper; not production patch"
A,doc/performance_experiments/raw/phase1a/phase1a-time-opt-on-3.txt.gz,measurement_support,"Evidence/manifest/CSV, isolated driver or verification helper; not production patch"
A,doc/performance_experiments/raw/phase1a/phase1a-time-opt-on-4.txt.gz,measurement_support,"Evidence/manifest/CSV, isolated driver or verification helper; not production patch"
A,doc/performance_experiments/raw/phase1a/phase1a-time-opt-on-5.txt.gz,measurement_support,"Evidence/manifest/CSV, isolated driver or verification helper; not production patch"
A,doc/performance_experiments/raw/phase1a/phase1a-time-opt-on-6.txt.gz,measurement_support,"Evidence/manifest/CSV, isolated driver or verification helper; not production patch"
A,doc/performance_experiments/raw/phase1a/phase1a-time-opt-on-7.txt.gz,measurement_support,"Evidence/manifest/CSV, isolated driver or verification helper; not production patch"
A,doc/performance_experiments/raw/phase1a/phase1a-time-par-off-1.txt.gz,measurement_support,"Evidence/manifest/CSV, isolated driver or verification helper; not production patch"
A,doc/performance_experiments/raw/phase1a/phase1a-time-par-off-2.txt.gz,measurement_support,"Evidence/manifest/CSV, isolated driver or verification helper; not production patch"
A,doc/performance_experiments/raw/phase1a/phase1a-time-par-off-3.txt.gz,measurement_support,"Evidence/manifest/CSV, isolated driver or verification helper; not production patch"
A,doc/performance_experiments/raw/phase1a/phase1a-time-par-off-4.txt.gz,measurement_support,"Evidence/manifest/CSV, isolated driver or verification helper; not production patch"
A,doc/performance_experiments/raw/phase1a/phase1a-time-par-off-5.txt.gz,measurement_support,"Evidence/manifest/CSV, isolated driver or verification helper; not production patch"
A,doc/performance_experiments/raw/phase1a/phase1a-time-par-off-6.txt.gz,measurement_support,"Evidence/manifest/CSV, isolated driver or verification helper; not production patch"
A,doc/performance_experiments/raw/phase1a/phase1a-time-par-off-7.txt.gz,measurement_support,"Evidence/manifest/CSV, isolated driver or verification helper; not production patch"
A,doc/performance_experiments/raw/phase1a/phase1a-time-par-on-1.txt.gz,measurement_support,"Evidence/manifest/CSV, isolated driver or verification helper; not production patch"
A,doc/performance_experiments/raw/phase1a/phase1a-time-par-on-2.txt.gz,measurement_support,"Evidence/manifest/CSV, isolated driver or verification helper; not production patch"
A,doc/performance_experiments/raw/phase1a/phase1a-time-par-on-3.txt.gz,measurement_support,"Evidence/manifest/CSV, isolated driver or verification helper; not production patch"
A,doc/performance_experiments/raw/phase1a/phase1a-time-par-on-4.txt.gz,measurement_support,"Evidence/manifest/CSV, isolated driver or verification helper; not production patch"
A,doc/performance_experiments/raw/phase1a/phase1a-time-par-on-5.txt.gz,measurement_support,"Evidence/manifest/CSV, isolated driver or verification helper; not production patch"
A,doc/performance_experiments/raw/phase1a/phase1a-time-par-on-6.txt.gz,measurement_support,"Evidence/manifest/CSV, isolated driver or verification helper; not production patch"
A,doc/performance_experiments/raw/phase1a/phase1a-time-par-on-7.txt.gz,measurement_support,"Evidence/manifest/CSV, isolated driver or verification helper; not production patch"
A,doc/performance_experiments/raw/phase1a/phase1a_apply_exact_pointer_quick.json.gz,measurement_support,"Evidence/manifest/CSV, isolated driver or verification helper; not production patch"
A,doc/performance_experiments/raw/phase1a/phase1a_apply_exact_quick_paired.json.gz,measurement_support,"Evidence/manifest/CSV, isolated driver or verification helper; not production patch"
A,doc/performance_experiments/raw/phase1a/phase1a_determinized_legacy_20260902.json.gz,measurement_support,"Evidence/manifest/CSV, isolated driver or verification helper; not production patch"
A,doc/performance_experiments/raw/phase1a/phase1a_determinized_legacy_final_20260902.json.gz,measurement_support,"Evidence/manifest/CSV, isolated driver or verification helper; not production patch"
A,doc/performance_experiments/raw/phase1a/phase1a_differential_pre.json.gz,measurement_support,"Evidence/manifest/CSV, isolated driver or verification helper; not production patch"
A,doc/performance_experiments/raw/phase1a/phase1a_legacy_pointer_quick.json.gz,measurement_support,"Evidence/manifest/CSV, isolated driver or verification helper; not production patch"
A,doc/performance_experiments/raw/phase1a/phase1a_legacy_quick_paired.json.gz,measurement_support,"Evidence/manifest/CSV, isolated driver or verification helper; not production patch"
A,doc/performance_experiments/raw/phase1a/phase1a_legal_guards_20260902.csv.gz,measurement_support,"Evidence/manifest/CSV, isolated driver or verification helper; not production patch"
A,doc/performance_experiments/raw/phase1a/phase1a_legal_guards_20260902.json.gz,measurement_support,"Evidence/manifest/CSV, isolated driver or verification helper; not production patch"
A,doc/performance_experiments/raw/phase1a/phase1a_legal_guards_final_20260902.csv.gz,measurement_support,"Evidence/manifest/CSV, isolated driver or verification helper; not production patch"
A,doc/performance_experiments/raw/phase1a/phase1a_legal_guards_final_20260902.json.gz,measurement_support,"Evidence/manifest/CSV, isolated driver or verification helper; not production patch"
A,doc/performance_experiments/raw/phase1a/phase1a_mutation_path_audit.md.gz,measurement_support,"Evidence/manifest/CSV, isolated driver or verification helper; not production patch"
A,doc/performance_experiments/raw/phase1a/phase1a_primary_guards_20260902.csv.gz,measurement_support,"Evidence/manifest/CSV, isolated driver or verification helper; not production patch"
A,doc/performance_experiments/raw/phase1a/phase1a_primary_guards_20260902.json.gz,measurement_support,"Evidence/manifest/CSV, isolated driver or verification helper; not production patch"
A,doc/performance_experiments/raw/phase1a/phase1a_primary_guards_final_20260902.csv.gz,measurement_support,"Evidence/manifest/CSV, isolated driver or verification helper; not production patch"
A,doc/performance_experiments/raw/phase1a/phase1a_primary_guards_final_20260902.json.gz,measurement_support,"Evidence/manifest/CSV, isolated driver or verification helper; not production patch"
A,doc/performance_experiments/raw/phase1a/phase1a_random_quick_paired.json.gz,measurement_support,"Evidence/manifest/CSV, isolated driver or verification helper; not production patch"
A,doc/performance_experiments/raw/phase1a/phase1a_root4_20260902.json.gz,measurement_support,"Evidence/manifest/CSV, isolated driver or verification helper; not production patch"
A,doc/performance_experiments/raw/phase1a/phase1a_root4_final_20260902.json.gz,measurement_support,"Evidence/manifest/CSV, isolated driver or verification helper; not production patch"
A,doc/performance_experiments/raw/phase1a/phase1a_root8_20260902.json.gz,measurement_support,"Evidence/manifest/CSV, isolated driver or verification helper; not production patch"
A,doc/performance_experiments/raw/phase1a/phase1a_root8_final_20260902.json.gz,measurement_support,"Evidence/manifest/CSV, isolated driver or verification helper; not production patch"
A,doc/performance_experiments/raw/phase1a/phase1a_sharded1_20260902.json.gz,measurement_support,"Evidence/manifest/CSV, isolated driver or verification helper; not production patch"
A,doc/performance_experiments/raw/phase1a/phase1a_sharded1_final_20260902.json.gz,measurement_support,"Evidence/manifest/CSV, isolated driver or verification helper; not production patch"
A,doc/performance_experiments/raw/phase1a/phase1a_sharded4_20260902.json.gz,measurement_support,"Evidence/manifest/CSV, isolated driver or verification helper; not production patch"
A,doc/performance_experiments/raw/phase1a/phase1a_sharded4_final_20260902.json.gz,measurement_support,"Evidence/manifest/CSV, isolated driver or verification helper; not production patch"
A,doc/performance_experiments/raw/phase1a/phase1a_sharded8_20260902.json.gz,measurement_support,"Evidence/manifest/CSV, isolated driver or verification helper; not production patch"
A,doc/performance_experiments/raw/phase1a/phase1a_sharded8_final_20260902.json.gz,measurement_support,"Evidence/manifest/CSV, isolated driver or verification helper; not production patch"
A,doc/performance_experiments/raw/phase1a/phase1a_verify_editor_fallback.json.gz,measurement_support,"Evidence/manifest/CSV, isolated driver or verification helper; not production patch"
A,doc/performance_experiments/raw/phase1a/phase1a_verify_final_round.json.gz,measurement_support,"Evidence/manifest/CSV, isolated driver or verification helper; not production patch"
A,doc/performance_experiments/raw/phase1a/phase1a_verify_five_moves.json.gz,measurement_support,"Evidence/manifest/CSV, isolated driver or verification helper; not production patch"
A,doc/performance_experiments/raw/phase1a/phase1a_verify_forced_pass.json.gz,measurement_support,"Evidence/manifest/CSV, isolated driver or verification helper; not production patch"
A,doc/performance_experiments/raw/phase1a/phase1a_verify_gold_payment.json.gz,measurement_support,"Evidence/manifest/CSV, isolated driver or verification helper; not production patch"
A,doc/performance_experiments/raw/phase1a/phase1a_verify_hidden_reserve.json.gz,measurement_support,"Evidence/manifest/CSV, isolated driver or verification helper; not production patch"
A,doc/performance_experiments/raw/phase1a/phase1a_verify_initial.json.gz,measurement_support,"Evidence/manifest/CSV, isolated driver or verification helper; not production patch"
A,doc/performance_experiments/raw/phase1a/phase1a_verify_midgame_250.json.gz,measurement_support,"Evidence/manifest/CSV, isolated driver or verification helper; not production patch"
A,doc/performance_experiments/raw/phase1a/phase1a_verify_multi_noble.json.gz,measurement_support,"Evidence/manifest/CSV, isolated driver or verification helper; not production patch"
A,doc/performance_experiments/raw/phase1a/phase1a_verify_random.json.gz,measurement_support,"Evidence/manifest/CSV, isolated driver or verification helper; not production patch"
A,doc/performance_experiments/raw/phase1a/phase1a_verify_reserve_limit.json.gz,measurement_support,"Evidence/manifest/CSV, isolated driver or verification helper; not production patch"
A,doc/performance_experiments/raw/phase1a/phase1a_verify_reveal_heavy.json.gz,measurement_support,"Evidence/manifest/CSV, isolated driver or verification helper; not production patch"
A,doc/performance_experiments/raw/phase1a/phase1a_verify_token_return.json.gz,measurement_support,"Evidence/manifest/CSV, isolated driver or verification helper; not production patch"
A,doc/performance_experiments/raw/phase1b/csplendor-phase1b-asan__Testing__Temporary__CTestCostData.txt.gz,measurement_support,"Evidence/manifest/CSV, isolated driver or verification helper; not production patch"
A,doc/performance_experiments/raw/phase1b/csplendor-phase1b-asan__Testing__Temporary__LastTest.log.gz,measurement_support,"Evidence/manifest/CSV, isolated driver or verification helper; not production patch"
A,doc/performance_experiments/raw/phase1b/csplendor-phase1b-asan__Testing__Temporary__LastTestsFailed.log.gz,measurement_support,"Evidence/manifest/CSV, isolated driver or verification helper; not production patch"
A,doc/performance_experiments/raw/phase1b/csplendor-phase1b-check-off__Testing__Temporary__CTestCostData.txt.gz,measurement_support,"Evidence/manifest/CSV, isolated driver or verification helper; not production patch"
A,doc/performance_experiments/raw/phase1b/csplendor-phase1b-check-off__Testing__Temporary__LastTest.log.gz,measurement_support,"Evidence/manifest/CSV, isolated driver or verification helper; not production patch"
A,doc/performance_experiments/raw/phase1b/csplendor-phase1b-check__Testing__Temporary__CTestCostData.txt.gz,measurement_support,"Evidence/manifest/CSV, isolated driver or verification helper; not production patch"
A,doc/performance_experiments/raw/phase1b/csplendor-phase1b-check__Testing__Temporary__LastTest.log.gz,measurement_support,"Evidence/manifest/CSV, isolated driver or verification helper; not production patch"
A,doc/performance_experiments/raw/phase1b/csplendor-phase1b-config-audit-off__Testing__Temporary__CTestCostData.txt.gz,measurement_support,"Evidence/manifest/CSV, isolated driver or verification helper; not production patch"
A,doc/performance_experiments/raw/phase1b/csplendor-phase1b-config-audit-off__Testing__Temporary__LastTest.log.gz,measurement_support,"Evidence/manifest/CSV, isolated driver or verification helper; not production patch"
A,doc/performance_experiments/raw/phase1b/csplendor-phase1b-config-audit-on__Testing__Temporary__CTestCostData.txt.gz,measurement_support,"Evidence/manifest/CSV, isolated driver or verification helper; not production patch"
A,doc/performance_experiments/raw/phase1b/csplendor-phase1b-config-audit-on__Testing__Temporary__LastTest.log.gz,measurement_support,"Evidence/manifest/CSV, isolated driver or verification helper; not production patch"
A,doc/performance_experiments/raw/phase1b/csplendor-phase1b-final-clean__Testing__Temporary__CTestCostData.txt.gz,measurement_support,"Evidence/manifest/CSV, isolated driver or verification helper; not production patch"
A,doc/performance_experiments/raw/phase1b/csplendor-phase1b-final-clean__Testing__Temporary__LastTest.log.gz,measurement_support,"Evidence/manifest/CSV, isolated driver or verification helper; not production patch"
A,doc/performance_experiments/raw/phase1b/csplendor-phase1b-instrumented-off__Testing__Temporary__CTestCostData.txt.gz,measurement_support,"Evidence/manifest/CSV, isolated driver or verification helper; not production patch"
A,doc/performance_experiments/raw/phase1b/csplendor-phase1b-instrumented-off__Testing__Temporary__LastTest.log.gz,measurement_support,"Evidence/manifest/CSV, isolated driver or verification helper; not production patch"
A,doc/performance_experiments/raw/phase1b/csplendor-phase1b-instrumented-on__Testing__Temporary__CTestCostData.txt.gz,measurement_support,"Evidence/manifest/CSV, isolated driver or verification helper; not production patch"
A,doc/performance_experiments/raw/phase1b/csplendor-phase1b-instrumented-on__Testing__Temporary__LastTest.log.gz,measurement_support,"Evidence/manifest/CSV, isolated driver or verification helper; not production patch"
A,doc/performance_experiments/raw/phase1b/csplendor-phase1b-off.text.gz,measurement_support,"Evidence/manifest/CSV, isolated driver or verification helper; not production patch"
A,doc/performance_experiments/raw/phase1b/csplendor-phase1b-on.text.gz,measurement_support,"Evidence/manifest/CSV, isolated driver or verification helper; not production patch"
A,doc/performance_experiments/raw/phase1b/csplendor-phase1b-release-off__Testing__Temporary__CTestCostData.txt.gz,measurement_support,"Evidence/manifest/CSV, isolated driver or verification helper; not production patch"
A,doc/performance_experiments/raw/phase1b/csplendor-phase1b-release-off__Testing__Temporary__LastTest.log.gz,measurement_support,"Evidence/manifest/CSV, isolated driver or verification helper; not production patch"
A,doc/performance_experiments/raw/phase1b/csplendor-phase1b-release-on__Testing__Temporary__CTestCostData.txt.gz,measurement_support,"Evidence/manifest/CSV, isolated driver or verification helper; not production patch"
A,doc/performance_experiments/raw/phase1b/csplendor-phase1b-release-on__Testing__Temporary__LastTest.log.gz,measurement_support,"Evidence/manifest/CSV, isolated driver or verification helper; not production patch"
A,doc/performance_experiments/raw/phase1b/csplendor-phase1b-verify-on__Testing__Temporary__CTestCostData.txt.gz,measurement_support,"Evidence/manifest/CSV, isolated driver or verification helper; not production patch"
A,doc/performance_experiments/raw/phase1b/csplendor-phase1b-verify-on__Testing__Temporary__LastTest.log.gz,measurement_support,"Evidence/manifest/CSV, isolated driver or verification helper; not production patch"
A,doc/performance_experiments/raw/phase1b/phase1b-differential-1000.json.gz,measurement_support,"Evidence/manifest/CSV, isolated driver or verification helper; not production patch"
A,doc/performance_experiments/raw/phase1b/phase1b-formal-apply-exact.json.gz,measurement_support,"Evidence/manifest/CSV, isolated driver or verification helper; not production patch"
A,doc/performance_experiments/raw/phase1b/phase1b-formal-apply-observable.json.gz,measurement_support,"Evidence/manifest/CSV, isolated driver or verification helper; not production patch"
A,doc/performance_experiments/raw/phase1b/phase1b-formal-board-copy.json.gz,measurement_support,"Evidence/manifest/CSV, isolated driver or verification helper; not production patch"
A,doc/performance_experiments/raw/phase1b/phase1b-formal-det-legacy-hidden.json.gz,measurement_support,"Evidence/manifest/CSV, isolated driver or verification helper; not production patch"
A,doc/performance_experiments/raw/phase1b/phase1b-formal-det-legacy-midgame.json.gz,measurement_support,"Evidence/manifest/CSV, isolated driver or verification helper; not production patch"
A,doc/performance_experiments/raw/phase1b/phase1b-formal-det-root4-midgame.json.gz,measurement_support,"Evidence/manifest/CSV, isolated driver or verification helper; not production patch"
A,doc/performance_experiments/raw/phase1b/phase1b-formal-det-shared1-midgame.json.gz,measurement_support,"Evidence/manifest/CSV, isolated driver or verification helper; not production patch"
A,doc/performance_experiments/raw/phase1b/phase1b-formal-exact-legacy.json.gz,measurement_support,"Evidence/manifest/CSV, isolated driver or verification helper; not production patch"
A,doc/performance_experiments/raw/phase1b/phase1b-formal-guards.csv.gz,measurement_support,"Evidence/manifest/CSV, isolated driver or verification helper; not production patch"
A,doc/performance_experiments/raw/phase1b/phase1b-formal-guards.json.gz,measurement_support,"Evidence/manifest/CSV, isolated driver or verification helper; not production patch"
A,doc/performance_experiments/raw/phase1b/phase1b-formal-observable-micro.json.gz,measurement_support,"Evidence/manifest/CSV, isolated driver or verification helper; not production patch"
A,doc/performance_experiments/raw/phase1b/phase1b-formal-phase1a-vs-on-exact-legacy.json.gz,measurement_support,"Evidence/manifest/CSV, isolated driver or verification helper; not production patch"
A,doc/performance_experiments/raw/phase1b/phase1b-harness-smoke.json.gz,measurement_support,"Evidence/manifest/CSV, isolated driver or verification helper; not production patch"
A,doc/performance_experiments/raw/phase1b/phase1b-instrumented-mechanism.json.gz,measurement_support,"Evidence/manifest/CSV, isolated driver or verification helper; not production patch"
A,doc/performance_experiments/raw/phase1b/phase1b-screen-apply-exact.json.gz,measurement_support,"Evidence/manifest/CSV, isolated driver or verification helper; not production patch"
A,doc/performance_experiments/raw/phase1b/phase1b-screen-det-legacy-five.json.gz,measurement_support,"Evidence/manifest/CSV, isolated driver or verification helper; not production patch"
A,doc/performance_experiments/raw/phase1b/phase1b-screen-det-legacy-hidden.json.gz,measurement_support,"Evidence/manifest/CSV, isolated driver or verification helper; not production patch"
A,doc/performance_experiments/raw/phase1b/phase1b-screen-det-legacy-midgame.json.gz,measurement_support,"Evidence/manifest/CSV, isolated driver or verification helper; not production patch"
A,doc/performance_experiments/raw/phase1b/phase1b-screen-det-shared1-midgame.json.gz,measurement_support,"Evidence/manifest/CSV, isolated driver or verification helper; not production patch"
A,doc/performance_experiments/raw/phase1b/phase1b-screen-exact-legacy.json.gz,measurement_support,"Evidence/manifest/CSV, isolated driver or verification helper; not production patch"
A,doc/performance_experiments/raw/phase1b/phase1b_primary_guards_20260902.csv.gz,measurement_support,"Evidence/manifest/CSV, isolated driver or verification helper; not production patch"
A,doc/performance_experiments/raw/phase1b/phase1b_primary_guards_20260902.json.gz,measurement_support,"Evidence/manifest/CSV, isolated driver or verification helper; not production patch"
A,doc/performance_experiments/raw/phase1b/phase1b_primary_guards_final_20260902.csv.gz,measurement_support,"Evidence/manifest/CSV, isolated driver or verification helper; not production patch"
A,doc/performance_experiments/raw/phase1b/phase1b_primary_guards_final_20260902.json.gz,measurement_support,"Evidence/manifest/CSV, isolated driver or verification helper; not production patch"
A,doc/performance_experiments/raw/phase1b/phase1b_quick_det_legacy.json.gz,measurement_support,"Evidence/manifest/CSV, isolated driver or verification helper; not production patch"
A,doc/performance_experiments/raw/phase1b/phase1b_quick_det_legacy_mid.json.gz,measurement_support,"Evidence/manifest/CSV, isolated driver or verification helper; not production patch"
A,doc/performance_experiments/raw/phase1b/phase1b_quick_det_root4.json.gz,measurement_support,"Evidence/manifest/CSV, isolated driver or verification helper; not production patch"
A,doc/performance_experiments/raw/phase1b/phase1b_quick_det_shared.json.gz,measurement_support,"Evidence/manifest/CSV, isolated driver or verification helper; not production patch"
A,doc/performance_experiments/raw/phase1b/phase1b_quick_exact_legacy.json.gz,measurement_support,"Evidence/manifest/CSV, isolated driver or verification helper; not production patch"
A,doc/performance_experiments/raw/phase2a/csplendor-phase2a1-asan__Testing__Temporary__CTestCostData.txt.gz,measurement_support,"Evidence/manifest/CSV, isolated driver or verification helper; not production patch"
A,doc/performance_experiments/raw/phase2a/csplendor-phase2a1-asan__Testing__Temporary__LastTest.log.gz,measurement_support,"Evidence/manifest/CSV, isolated driver or verification helper; not production patch"
A,doc/performance_experiments/raw/phase2a/csplendor-phase2a1-off__Testing__Temporary__CTestCostData.txt.gz,measurement_support,"Evidence/manifest/CSV, isolated driver or verification helper; not production patch"
A,doc/performance_experiments/raw/phase2a/csplendor-phase2a1-off__Testing__Temporary__LastTest.log.gz,measurement_support,"Evidence/manifest/CSV, isolated driver or verification helper; not production patch"
A,doc/performance_experiments/raw/phase2a/csplendor-phase2a1-on__Testing__Temporary__CTestCostData.txt.gz,measurement_support,"Evidence/manifest/CSV, isolated driver or verification helper; not production patch"
A,doc/performance_experiments/raw/phase2a/csplendor-phase2a1-on__Testing__Temporary__LastTest.log.gz,measurement_support,"Evidence/manifest/CSV, isolated driver or verification helper; not production patch"
A,doc/performance_experiments/raw/phase2a/csplendor-phase2a1-tsan__Testing__Temporary__CTestCostData.txt.gz,measurement_support,"Evidence/manifest/CSV, isolated driver or verification helper; not production patch"
A,doc/performance_experiments/raw/phase2a/csplendor-phase2a1-tsan__Testing__Temporary__LastTest.log.gz,measurement_support,"Evidence/manifest/CSV, isolated driver or verification helper; not production patch"
A,doc/performance_experiments/raw/phase2a/csplendor-phase2a2-off__Testing__Temporary__CTestCostData.txt.gz,measurement_support,"Evidence/manifest/CSV, isolated driver or verification helper; not production patch"
A,doc/performance_experiments/raw/phase2a/csplendor-phase2a2-off__Testing__Temporary__LastTest.log.gz,measurement_support,"Evidence/manifest/CSV, isolated driver or verification helper; not production patch"
A,doc/performance_experiments/raw/phase2a/csplendor-phase2a2-on__Testing__Temporary__CTestCostData.txt.gz,measurement_support,"Evidence/manifest/CSV, isolated driver or verification helper; not production patch"
A,doc/performance_experiments/raw/phase2a/csplendor-phase2a2-on__Testing__Temporary__LastTest.log.gz,measurement_support,"Evidence/manifest/CSV, isolated driver or verification helper; not production patch"
A,doc/performance_experiments/raw/phase2a/phase2a1-differential-1000-20260902.json.gz,measurement_support,"Evidence/manifest/CSV, isolated driver or verification helper; not production patch"
A,doc/performance_experiments/raw/phase2a/phase2a1-differential-final-1000-20260902.json.gz,measurement_support,"Evidence/manifest/CSV, isolated driver or verification helper; not production patch"
A,doc/performance_experiments/raw/phase2a/phase2a1-final-off.text.gz,measurement_support,"Evidence/manifest/CSV, isolated driver or verification helper; not production patch"
A,doc/performance_experiments/raw/phase2a/phase2a1-final-on.text.gz,measurement_support,"Evidence/manifest/CSV, isolated driver or verification helper; not production patch"
A,doc/performance_experiments/raw/phase2a/phase2a1-formal-20260902.csv.gz,measurement_support,"Evidence/manifest/CSV, isolated driver or verification helper; not production patch"
A,doc/performance_experiments/raw/phase2a/phase2a1-formal-20260902.json.gz,measurement_support,"Evidence/manifest/CSV, isolated driver or verification helper; not production patch"
A,doc/performance_experiments/raw/phase2a/phase2a1-formal-v2-20260902.csv.gz,measurement_support,"Evidence/manifest/CSV, isolated driver or verification helper; not production patch"
A,doc/performance_experiments/raw/phase2a/phase2a1-formal-v2-20260902.json.gz,measurement_support,"Evidence/manifest/CSV, isolated driver or verification helper; not production patch"
A,doc/performance_experiments/raw/phase2a/phase2a1-formal-v3-20260902.csv.gz,measurement_support,"Evidence/manifest/CSV, isolated driver or verification helper; not production patch"
A,doc/performance_experiments/raw/phase2a/phase2a1-formal-v3-20260902.json.gz,measurement_support,"Evidence/manifest/CSV, isolated driver or verification helper; not production patch"
A,doc/performance_experiments/raw/phase2a/phase2a1-off.text.gz,measurement_support,"Evidence/manifest/CSV, isolated driver or verification helper; not production patch"
A,doc/performance_experiments/raw/phase2a/phase2a1-on.text.gz,measurement_support,"Evidence/manifest/CSV, isolated driver or verification helper; not production patch"
A,doc/performance_experiments/raw/phase2a/phase2a2-formal-mask-20260902.csv.gz,measurement_support,"Evidence/manifest/CSV, isolated driver or verification helper; not production patch"
A,doc/performance_experiments/raw/phase2a/phase2a2-formal-mask-20260902.json.gz,measurement_support,"Evidence/manifest/CSV, isolated driver or verification helper; not production patch"
A,doc/performance_experiments/raw/phase2a/phase2a2-off.text.gz,measurement_support,"Evidence/manifest/CSV, isolated driver or verification helper; not production patch"
A,doc/performance_experiments/raw/phase2a/phase2a2-on.text.gz,measurement_support,"Evidence/manifest/CSV, isolated driver or verification helper; not production patch"
A,doc/performance_experiments/raw/phase2a/phase2a2-smoke-pending-20260902.csv.gz,measurement_support,"Evidence/manifest/CSV, isolated driver or verification helper; not production patch"
A,doc/performance_experiments/raw/phase2a/phase2a2-smoke-pending-20260902.json.gz,measurement_support,"Evidence/manifest/CSV, isolated driver or verification helper; not production patch"
A,doc/performance_experiments/raw/phase2a/phase2a2-smoke-singlepath-20260902.csv.gz,measurement_support,"Evidence/manifest/CSV, isolated driver or verification helper; not production patch"
A,doc/performance_experiments/raw/phase2a/phase2a2-smoke-singlepath-20260902.json.gz,measurement_support,"Evidence/manifest/CSV, isolated driver or verification helper; not production patch"
A,doc/performance_experiments/raw/phase2a/phase2a2-smoke-xor-20260902.csv.gz,measurement_support,"Evidence/manifest/CSV, isolated driver or verification helper; not production patch"
A,doc/performance_experiments/raw/phase2a/phase2a2-smoke-xor-20260902.json.gz,measurement_support,"Evidence/manifest/CSV, isolated driver or verification helper; not production patch"
A,doc/performance_experiments/raw/phase2b/csplendor-phase2b-h1-asan__Testing__Temporary__CTestCostData.txt.gz,measurement_support,"Evidence/manifest/CSV, isolated driver or verification helper; not production patch"
A,doc/performance_experiments/raw/phase2b/csplendor-phase2b-h1-asan__Testing__Temporary__LastTest.log.gz,measurement_support,"Evidence/manifest/CSV, isolated driver or verification helper; not production patch"
A,doc/performance_experiments/raw/phase2b/csplendor-phase2b-h1-off__Testing__Temporary__CTestCostData.txt.gz,measurement_support,"Evidence/manifest/CSV, isolated driver or verification helper; not production patch"
A,doc/performance_experiments/raw/phase2b/csplendor-phase2b-h1-off__Testing__Temporary__LastTest.log.gz,measurement_support,"Evidence/manifest/CSV, isolated driver or verification helper; not production patch"
A,doc/performance_experiments/raw/phase2b/csplendor-phase2b-h1-on__Testing__Temporary__CTestCostData.txt.gz,measurement_support,"Evidence/manifest/CSV, isolated driver or verification helper; not production patch"
A,doc/performance_experiments/raw/phase2b/csplendor-phase2b-h1-on__Testing__Temporary__LastTest.log.gz,measurement_support,"Evidence/manifest/CSV, isolated driver or verification helper; not production patch"
A,doc/performance_experiments/raw/phase2b/csplendor-phase2b-h1-tsan__Testing__Temporary__CTestCostData.txt.gz,measurement_support,"Evidence/manifest/CSV, isolated driver or verification helper; not production patch"
A,doc/performance_experiments/raw/phase2b/csplendor-phase2b-h1-tsan__Testing__Temporary__LastTest.log.gz,measurement_support,"Evidence/manifest/CSV, isolated driver or verification helper; not production patch"
A,doc/performance_experiments/raw/phase2b/csplendor-phase2b-h2-asan__Testing__Temporary__CTestCostData.txt.gz,measurement_support,"Evidence/manifest/CSV, isolated driver or verification helper; not production patch"
A,doc/performance_experiments/raw/phase2b/csplendor-phase2b-h2-asan__Testing__Temporary__LastTest.log.gz,measurement_support,"Evidence/manifest/CSV, isolated driver or verification helper; not production patch"
A,doc/performance_experiments/raw/phase2b/csplendor-phase2b-h2-off__Testing__Temporary__CTestCostData.txt.gz,measurement_support,"Evidence/manifest/CSV, isolated driver or verification helper; not production patch"
A,doc/performance_experiments/raw/phase2b/csplendor-phase2b-h2-off__Testing__Temporary__LastTest.log.gz,measurement_support,"Evidence/manifest/CSV, isolated driver or verification helper; not production patch"
A,doc/performance_experiments/raw/phase2b/csplendor-phase2b-h2-on__Testing__Temporary__CTestCostData.txt.gz,measurement_support,"Evidence/manifest/CSV, isolated driver or verification helper; not production patch"
A,doc/performance_experiments/raw/phase2b/csplendor-phase2b-h2-on__Testing__Temporary__LastTest.log.gz,measurement_support,"Evidence/manifest/CSV, isolated driver or verification helper; not production patch"
A,doc/performance_experiments/raw/phase2b/csplendor-phase2b-h2-tsan__Testing__Temporary__CTestCostData.txt.gz,measurement_support,"Evidence/manifest/CSV, isolated driver or verification helper; not production patch"
A,doc/performance_experiments/raw/phase2b/csplendor-phase2b-h2-tsan__Testing__Temporary__LastTest.log.gz,measurement_support,"Evidence/manifest/CSV, isolated driver or verification helper; not production patch"
A,doc/performance_experiments/raw/phase2b/csplendor-phase2b-h3-off__Testing__Temporary__CTestCostData.txt.gz,measurement_support,"Evidence/manifest/CSV, isolated driver or verification helper; not production patch"
A,doc/performance_experiments/raw/phase2b/csplendor-phase2b-h3-off__Testing__Temporary__LastTest.log.gz,measurement_support,"Evidence/manifest/CSV, isolated driver or verification helper; not production patch"
A,doc/performance_experiments/raw/phase2b/csplendor-phase2b-h3-on__Testing__Temporary__CTestCostData.txt.gz,measurement_support,"Evidence/manifest/CSV, isolated driver or verification helper; not production patch"
A,doc/performance_experiments/raw/phase2b/csplendor-phase2b-h3-on__Testing__Temporary__LastTest.log.gz,measurement_support,"Evidence/manifest/CSV, isolated driver or verification helper; not production patch"
A,doc/performance_experiments/raw/phase2b/csplendor-phase2b-h4-payment-off__Testing__Temporary__CTestCostData.txt.gz,measurement_support,"Evidence/manifest/CSV, isolated driver or verification helper; not production patch"
A,doc/performance_experiments/raw/phase2b/csplendor-phase2b-h4-payment-off__Testing__Temporary__LastTest.log.gz,measurement_support,"Evidence/manifest/CSV, isolated driver or verification helper; not production patch"
A,doc/performance_experiments/raw/phase2b/csplendor-phase2b-h4-payment-on__Testing__Temporary__CTestCostData.txt.gz,measurement_support,"Evidence/manifest/CSV, isolated driver or verification helper; not production patch"
A,doc/performance_experiments/raw/phase2b/csplendor-phase2b-h4-payment-on__Testing__Temporary__LastTest.log.gz,measurement_support,"Evidence/manifest/CSV, isolated driver or verification helper; not production patch"
A,doc/performance_experiments/raw/phase2b/csplendor-phase2b-h4-return-asan__Testing__Temporary__CTestCostData.txt.gz,measurement_support,"Evidence/manifest/CSV, isolated driver or verification helper; not production patch"
A,doc/performance_experiments/raw/phase2b/csplendor-phase2b-h4-return-asan__Testing__Temporary__LastTest.log.gz,measurement_support,"Evidence/manifest/CSV, isolated driver or verification helper; not production patch"
A,doc/performance_experiments/raw/phase2b/csplendor-phase2b-h4-return-off__Testing__Temporary__CTestCostData.txt.gz,measurement_support,"Evidence/manifest/CSV, isolated driver or verification helper; not production patch"
A,doc/performance_experiments/raw/phase2b/csplendor-phase2b-h4-return-off__Testing__Temporary__LastTest.log.gz,measurement_support,"Evidence/manifest/CSV, isolated driver or verification helper; not production patch"
A,doc/performance_experiments/raw/phase2b/csplendor-phase2b-h4-return-on__Testing__Temporary__CTestCostData.txt.gz,measurement_support,"Evidence/manifest/CSV, isolated driver or verification helper; not production patch"
A,doc/performance_experiments/raw/phase2b/csplendor-phase2b-h4-return-on__Testing__Temporary__LastTest.log.gz,measurement_support,"Evidence/manifest/CSV, isolated driver or verification helper; not production patch"
A,doc/performance_experiments/raw/phase2b/csplendor-phase2b-h4-return-tsan__Testing__Temporary__CTestCostData.txt.gz,measurement_support,"Evidence/manifest/CSV, isolated driver or verification helper; not production patch"
A,doc/performance_experiments/raw/phase2b/csplendor-phase2b-h4-return-tsan__Testing__Temporary__LastTest.log.gz,measurement_support,"Evidence/manifest/CSV, isolated driver or verification helper; not production patch"
A,doc/performance_experiments/raw/phase2b/csplendor-phase2b-h5-asan__Testing__Temporary__CTestCostData.txt.gz,measurement_support,"Evidence/manifest/CSV, isolated driver or verification helper; not production patch"
A,doc/performance_experiments/raw/phase2b/csplendor-phase2b-h5-asan__Testing__Temporary__LastTest.log.gz,measurement_support,"Evidence/manifest/CSV, isolated driver or verification helper; not production patch"
A,doc/performance_experiments/raw/phase2b/csplendor-phase2b-h5-packed-off__Testing__Temporary__CTestCostData.txt.gz,measurement_support,"Evidence/manifest/CSV, isolated driver or verification helper; not production patch"
A,doc/performance_experiments/raw/phase2b/csplendor-phase2b-h5-packed-off__Testing__Temporary__LastTest.log.gz,measurement_support,"Evidence/manifest/CSV, isolated driver or verification helper; not production patch"
A,doc/performance_experiments/raw/phase2b/csplendor-phase2b-h5-packed-on__Testing__Temporary__CTestCostData.txt.gz,measurement_support,"Evidence/manifest/CSV, isolated driver or verification helper; not production patch"
A,doc/performance_experiments/raw/phase2b/csplendor-phase2b-h5-packed-on__Testing__Temporary__LastTest.log.gz,measurement_support,"Evidence/manifest/CSV, isolated driver or verification helper; not production patch"
A,doc/performance_experiments/raw/phase2b/csplendor-phase2b-h5-tsan__Testing__Temporary__CTestCostData.txt.gz,measurement_support,"Evidence/manifest/CSV, isolated driver or verification helper; not production patch"
A,doc/performance_experiments/raw/phase2b/csplendor-phase2b-h5-tsan__Testing__Temporary__LastTest.log.gz,measurement_support,"Evidence/manifest/CSV, isolated driver or verification helper; not production patch"
A,doc/performance_experiments/raw/phase2b/phase2b-h1-b-editor_fallback.json.gz,measurement_support,"Evidence/manifest/CSV, isolated driver or verification helper; not production patch"
A,doc/performance_experiments/raw/phase2b/phase2b-h1-b-five_moves.json.gz,measurement_support,"Evidence/manifest/CSV, isolated driver or verification helper; not production patch"
A,doc/performance_experiments/raw/phase2b/phase2b-h1-b-gold_payment.json.gz,measurement_support,"Evidence/manifest/CSV, isolated driver or verification helper; not production patch"
A,doc/performance_experiments/raw/phase2b/phase2b-h1-b-initial.json.gz,measurement_support,"Evidence/manifest/CSV, isolated driver or verification helper; not production patch"
A,doc/performance_experiments/raw/phase2b/phase2b-h1-b-midgame_250.json.gz,measurement_support,"Evidence/manifest/CSV, isolated driver or verification helper; not production patch"
A,doc/performance_experiments/raw/phase2b/phase2b-h1-b-token_return.json.gz,measurement_support,"Evidence/manifest/CSV, isolated driver or verification helper; not production patch"
A,doc/performance_experiments/raw/phase2b/phase2b-h1-c-editor_fallback.json.gz,measurement_support,"Evidence/manifest/CSV, isolated driver or verification helper; not production patch"
A,doc/performance_experiments/raw/phase2b/phase2b-h1-c-five_moves.json.gz,measurement_support,"Evidence/manifest/CSV, isolated driver or verification helper; not production patch"
A,doc/performance_experiments/raw/phase2b/phase2b-h1-c-gold_payment.json.gz,measurement_support,"Evidence/manifest/CSV, isolated driver or verification helper; not production patch"
A,doc/performance_experiments/raw/phase2b/phase2b-h1-c-initial.json.gz,measurement_support,"Evidence/manifest/CSV, isolated driver or verification helper; not production patch"
A,doc/performance_experiments/raw/phase2b/phase2b-h1-c-midgame_250.json.gz,measurement_support,"Evidence/manifest/CSV, isolated driver or verification helper; not production patch"
A,doc/performance_experiments/raw/phase2b/phase2b-h1-c-token_return.json.gz,measurement_support,"Evidence/manifest/CSV, isolated driver or verification helper; not production patch"
A,doc/performance_experiments/raw/phase2b/phase2b-h1-d-editor_fallback.json.gz,measurement_support,"Evidence/manifest/CSV, isolated driver or verification helper; not production patch"
A,doc/performance_experiments/raw/phase2b/phase2b-h1-d-five_moves.json.gz,measurement_support,"Evidence/manifest/CSV, isolated driver or verification helper; not production patch"
A,doc/performance_experiments/raw/phase2b/phase2b-h1-d-gold_payment.json.gz,measurement_support,"Evidence/manifest/CSV, isolated driver or verification helper; not production patch"
A,doc/performance_experiments/raw/phase2b/phase2b-h1-d-initial.json.gz,measurement_support,"Evidence/manifest/CSV, isolated driver or verification helper; not production patch"
A,doc/performance_experiments/raw/phase2b/phase2b-h1-d-midgame_250.json.gz,measurement_support,"Evidence/manifest/CSV, isolated driver or verification helper; not production patch"
A,doc/performance_experiments/raw/phase2b/phase2b-h1-d-token_return.json.gz,measurement_support,"Evidence/manifest/CSV, isolated driver or verification helper; not production patch"
A,doc/performance_experiments/raw/phase2b/phase2b-h1-exact-reveal-semantic-20260902.csv.gz,measurement_support,"Evidence/manifest/CSV, isolated driver or verification helper; not production patch"
A,doc/performance_experiments/raw/phase2b/phase2b-h1-exact-reveal-semantic-20260902.json.gz,measurement_support,"Evidence/manifest/CSV, isolated driver or verification helper; not production patch"
A,doc/performance_experiments/raw/phase2b/phase2b-h1-formal-editor_fallback-20260902.json.gz,measurement_support,"Evidence/manifest/CSV, isolated driver or verification helper; not production patch"
A,doc/performance_experiments/raw/phase2b/phase2b-h1-formal-five_moves-20260902.json.gz,measurement_support,"Evidence/manifest/CSV, isolated driver or verification helper; not production patch"
A,doc/performance_experiments/raw/phase2b/phase2b-h1-formal-gold_payment-20260902.json.gz,measurement_support,"Evidence/manifest/CSV, isolated driver or verification helper; not production patch"
A,doc/performance_experiments/raw/phase2b/phase2b-h1-formal-gold_payment_simple-20260902.json.gz,measurement_support,"Evidence/manifest/CSV, isolated driver or verification helper; not production patch"
A,doc/performance_experiments/raw/phase2b/phase2b-h1-formal-initial-20260902.json.gz,measurement_support,"Evidence/manifest/CSV, isolated driver or verification helper; not production patch"
A,doc/performance_experiments/raw/phase2b/phase2b-h1-formal-standard-20260902.csv.gz,measurement_support,"Evidence/manifest/CSV, isolated driver or verification helper; not production patch"
A,doc/performance_experiments/raw/phase2b/phase2b-h1-formal-standard-20260902.json.gz,measurement_support,"Evidence/manifest/CSV, isolated driver or verification helper; not production patch"
A,doc/performance_experiments/raw/phase2b/phase2b-h1-formal-token_return-20260902.json.gz,measurement_support,"Evidence/manifest/CSV, isolated driver or verification helper; not production patch"
A,doc/performance_experiments/raw/phase2b/phase2b-h1-python-a1.json.gz,measurement_support,"Evidence/manifest/CSV, isolated driver or verification helper; not production patch"
A,doc/performance_experiments/raw/phase2b/phase2b-h1-python-a2.json.gz,measurement_support,"Evidence/manifest/CSV, isolated driver or verification helper; not production patch"
A,doc/performance_experiments/raw/phase2b/phase2b-h1-python-b1.json.gz,measurement_support,"Evidence/manifest/CSV, isolated driver or verification helper; not production patch"
A,doc/performance_experiments/raw/phase2b/phase2b-h1-python-b2.json.gz,measurement_support,"Evidence/manifest/CSV, isolated driver or verification helper; not production patch"
A,doc/performance_experiments/raw/phase2b/phase2b-h1-python-robust-a1.json.gz,measurement_support,"Evidence/manifest/CSV, isolated driver or verification helper; not production patch"
A,doc/performance_experiments/raw/phase2b/phase2b-h1-python-robust-a2.json.gz,measurement_support,"Evidence/manifest/CSV, isolated driver or verification helper; not production patch"
A,doc/performance_experiments/raw/phase2b/phase2b-h1-python-robust-a3.json.gz,measurement_support,"Evidence/manifest/CSV, isolated driver or verification helper; not production patch"
A,doc/performance_experiments/raw/phase2b/phase2b-h1-python-robust-a3.stdout.gz,measurement_support,"Evidence/manifest/CSV, isolated driver or verification helper; not production patch"
A,doc/performance_experiments/raw/phase2b/phase2b-h1-python-robust-a4.json.gz,measurement_support,"Evidence/manifest/CSV, isolated driver or verification helper; not production patch"
A,doc/performance_experiments/raw/phase2b/phase2b-h1-python-robust-a4.stdout.gz,measurement_support,"Evidence/manifest/CSV, isolated driver or verification helper; not production patch"
A,doc/performance_experiments/raw/phase2b/phase2b-h1-python-robust-b1.json.gz,measurement_support,"Evidence/manifest/CSV, isolated driver or verification helper; not production patch"
A,doc/performance_experiments/raw/phase2b/phase2b-h1-python-robust-b2.json.gz,measurement_support,"Evidence/manifest/CSV, isolated driver or verification helper; not production patch"
A,doc/performance_experiments/raw/phase2b/phase2b-h1-python-robust-b3.json.gz,measurement_support,"Evidence/manifest/CSV, isolated driver or verification helper; not production patch"
A,doc/performance_experiments/raw/phase2b/phase2b-h1-python-robust-b3.stdout.gz,measurement_support,"Evidence/manifest/CSV, isolated driver or verification helper; not production patch"
A,doc/performance_experiments/raw/phase2b/phase2b-h1-python-robust-b4.json.gz,measurement_support,"Evidence/manifest/CSV, isolated driver or verification helper; not production patch"
A,doc/performance_experiments/raw/phase2b/phase2b-h1-python-robust-b4.stdout.gz,measurement_support,"Evidence/manifest/CSV, isolated driver or verification helper; not production patch"
A,doc/performance_experiments/raw/phase2b/phase2b-h2-codeident-smoke-apply_observable_hash.json.gz,measurement_support,"Evidence/manifest/CSV, isolated driver or verification helper; not production patch"
A,doc/performance_experiments/raw/phase2b/phase2b-h2-codeident-smoke-apply_only.json.gz,measurement_support,"Evidence/manifest/CSV, isolated driver or verification helper; not production patch"
A,doc/performance_experiments/raw/phase2b/phase2b-h2-codeident-smoke-legal_count.json.gz,measurement_support,"Evidence/manifest/CSV, isolated driver or verification helper; not production patch"
A,doc/performance_experiments/raw/phase2b/phase2b-h2-codeident-smoke-solver_state_key.json.gz,measurement_support,"Evidence/manifest/CSV, isolated driver or verification helper; not production patch"
A,doc/performance_experiments/raw/phase2b/phase2b-h2-formal-codeident-20260902.csv.gz,measurement_support,"Evidence/manifest/CSV, isolated driver or verification helper; not production patch"
A,doc/performance_experiments/raw/phase2b/phase2b-h2-formal-codeident-20260902.json.gz,measurement_support,"Evidence/manifest/CSV, isolated driver or verification helper; not production patch"
A,doc/performance_experiments/raw/phase2b/phase2b-h2-formal-extra-board_copy_restore-midgame_250-20260902.json.gz,measurement_support,"Evidence/manifest/CSV, isolated driver or verification helper; not production patch"
A,doc/performance_experiments/raw/phase2b/phase2b-h2-formal-extra-determinization_clone-hidden_reserve-20260902.json.gz,measurement_support,"Evidence/manifest/CSV, isolated driver or verification helper; not production patch"
A,doc/performance_experiments/raw/phase2b/phase2b-h2-formal-extra-legal_count-editor_fallback-20260902.json.gz,measurement_support,"Evidence/manifest/CSV, isolated driver or verification helper; not production patch"
A,doc/performance_experiments/raw/phase2b/phase2b-h2-formal-extra-legal_count-initial-20260902.json.gz,measurement_support,"Evidence/manifest/CSV, isolated driver or verification helper; not production patch"
A,doc/performance_experiments/raw/phase2b/phase2b-h2-formal-extra-legal_count-token_return-20260902.json.gz,measurement_support,"Evidence/manifest/CSV, isolated driver or verification helper; not production patch"
A,doc/performance_experiments/raw/phase2b/phase2b-h2-formal-standard-20260902.csv.gz,measurement_support,"Evidence/manifest/CSV, isolated driver or verification helper; not production patch"
A,doc/performance_experiments/raw/phase2b/phase2b-h2-formal-standard-20260902.json.gz,measurement_support,"Evidence/manifest/CSV, isolated driver or verification helper; not production patch"
A,doc/performance_experiments/raw/phase2b/phase2b-h2-off.text.gz,measurement_support,"Evidence/manifest/CSV, isolated driver or verification helper; not production patch"
A,doc/performance_experiments/raw/phase2b/phase2b-h2-on.text.gz,measurement_support,"Evidence/manifest/CSV, isolated driver or verification helper; not production patch"
A,doc/performance_experiments/raw/phase2b/phase2b-h2-python-a1.json.gz,measurement_support,"Evidence/manifest/CSV, isolated driver or verification helper; not production patch"
A,doc/performance_experiments/raw/phase2b/phase2b-h2-python-a1.stdout.gz,measurement_support,"Evidence/manifest/CSV, isolated driver or verification helper; not production patch"
A,doc/performance_experiments/raw/phase2b/phase2b-h2-python-a2.json.gz,measurement_support,"Evidence/manifest/CSV, isolated driver or verification helper; not production patch"
A,doc/performance_experiments/raw/phase2b/phase2b-h2-python-a2.stdout.gz,measurement_support,"Evidence/manifest/CSV, isolated driver or verification helper; not production patch"
A,doc/performance_experiments/raw/phase2b/phase2b-h2-python-a3.json.gz,measurement_support,"Evidence/manifest/CSV, isolated driver or verification helper; not production patch"
A,doc/performance_experiments/raw/phase2b/phase2b-h2-python-a3.stdout.gz,measurement_support,"Evidence/manifest/CSV, isolated driver or verification helper; not production patch"
A,doc/performance_experiments/raw/phase2b/phase2b-h2-python-a4.json.gz,measurement_support,"Evidence/manifest/CSV, isolated driver or verification helper; not production patch"
A,doc/performance_experiments/raw/phase2b/phase2b-h2-python-a4.stdout.gz,measurement_support,"Evidence/manifest/CSV, isolated driver or verification helper; not production patch"
A,doc/performance_experiments/raw/phase2b/phase2b-h2-python-b1.json.gz,measurement_support,"Evidence/manifest/CSV, isolated driver or verification helper; not production patch"
A,doc/performance_experiments/raw/phase2b/phase2b-h2-python-b1.stdout.gz,measurement_support,"Evidence/manifest/CSV, isolated driver or verification helper; not production patch"
A,doc/performance_experiments/raw/phase2b/phase2b-h2-python-b2.json.gz,measurement_support,"Evidence/manifest/CSV, isolated driver or verification helper; not production patch"
A,doc/performance_experiments/raw/phase2b/phase2b-h2-python-b2.stdout.gz,measurement_support,"Evidence/manifest/CSV, isolated driver or verification helper; not production patch"
A,doc/performance_experiments/raw/phase2b/phase2b-h2-python-b3.json.gz,measurement_support,"Evidence/manifest/CSV, isolated driver or verification helper; not production patch"
A,doc/performance_experiments/raw/phase2b/phase2b-h2-python-b3.stdout.gz,measurement_support,"Evidence/manifest/CSV, isolated driver or verification helper; not production patch"
A,doc/performance_experiments/raw/phase2b/phase2b-h2-python-b4.json.gz,measurement_support,"Evidence/manifest/CSV, isolated driver or verification helper; not production patch"
A,doc/performance_experiments/raw/phase2b/phase2b-h2-python-b4.stdout.gz,measurement_support,"Evidence/manifest/CSV, isolated driver or verification helper; not production patch"
A,doc/performance_experiments/raw/phase2b/phase2b-h2-smoke-editor_fallback.json.gz,measurement_support,"Evidence/manifest/CSV, isolated driver or verification helper; not production patch"
A,doc/performance_experiments/raw/phase2b/phase2b-h2-smoke-midgame_250.json.gz,measurement_support,"Evidence/manifest/CSV, isolated driver or verification helper; not production patch"
A,doc/performance_experiments/raw/phase2b/phase2b-h2-smoke-token_return.json.gz,measurement_support,"Evidence/manifest/CSV, isolated driver or verification helper; not production patch"
A,doc/performance_experiments/raw/phase2b/phase2b-h3-formal-rejected-1-legal_count-midgame_250-full-20260902.json.gz,measurement_support,"Evidence/manifest/CSV, isolated driver or verification helper; not production patch"
A,doc/performance_experiments/raw/phase2b/phase2b-h3-formal-rejected-2-legal_count-gold_payment-full-20260902.json.gz,measurement_support,"Evidence/manifest/CSV, isolated driver or verification helper; not production patch"
A,doc/performance_experiments/raw/phase2b/phase2b-h3-formal-rejected-3-legal_count-gold_payment-simple-20260902.json.gz,measurement_support,"Evidence/manifest/CSV, isolated driver or verification helper; not production patch"
A,doc/performance_experiments/raw/phase2b/phase2b-h3-formal-rejected-4-random_selfplay_apply-initial-full-20260902.json.gz,measurement_support,"Evidence/manifest/CSV, isolated driver or verification helper; not production patch"
A,doc/performance_experiments/raw/phase2b/phase2b-h3-formal-rejected-wrapper-20260902.json.gz,measurement_support,"Evidence/manifest/CSV, isolated driver or verification helper; not production patch"
A,doc/performance_experiments/raw/phase2b/phase2b-h3-off.text.gz,measurement_support,"Evidence/manifest/CSV, isolated driver or verification helper; not production patch"
A,doc/performance_experiments/raw/phase2b/phase2b-h3-on.text.gz,measurement_support,"Evidence/manifest/CSV, isolated driver or verification helper; not production patch"
A,doc/performance_experiments/raw/phase2b/phase2b-h3-smoke-1-legal_count-midgame_250-full.json.gz,measurement_support,"Evidence/manifest/CSV, isolated driver or verification helper; not production patch"
A,doc/performance_experiments/raw/phase2b/phase2b-h3-smoke-2-legal_count-gold_payment-full.json.gz,measurement_support,"Evidence/manifest/CSV, isolated driver or verification helper; not production patch"
A,doc/performance_experiments/raw/phase2b/phase2b-h3-smoke-3-legal_count-gold_payment-simple.json.gz,measurement_support,"Evidence/manifest/CSV, isolated driver or verification helper; not production patch"
A,doc/performance_experiments/raw/phase2b/phase2b-h3-smoke-4-legal_count-initial-full.json.gz,measurement_support,"Evidence/manifest/CSV, isolated driver or verification helper; not production patch"
A,doc/performance_experiments/raw/phase2b/phase2b-h3-smoke-5-legal_actions-midgame_250-full.json.gz,measurement_support,"Evidence/manifest/CSV, isolated driver or verification helper; not production patch"
A,doc/performance_experiments/raw/phase2b/phase2b-h3-smoke-6-random_selfplay_apply-initial-full.json.gz,measurement_support,"Evidence/manifest/CSV, isolated driver or verification helper; not production patch"
A,doc/performance_experiments/raw/phase2b/phase2b-h3-smoke-v2-1-legal_count-midgame_250-full.json.gz,measurement_support,"Evidence/manifest/CSV, isolated driver or verification helper; not production patch"
A,doc/performance_experiments/raw/phase2b/phase2b-h3-smoke-v2-2-legal_count-gold_payment-full.json.gz,measurement_support,"Evidence/manifest/CSV, isolated driver or verification helper; not production patch"
A,doc/performance_experiments/raw/phase2b/phase2b-h3-smoke-v2-3-legal_count-gold_payment-simple.json.gz,measurement_support,"Evidence/manifest/CSV, isolated driver or verification helper; not production patch"
A,doc/performance_experiments/raw/phase2b/phase2b-h3-smoke-v2-4-legal_count-initial-full.json.gz,measurement_support,"Evidence/manifest/CSV, isolated driver or verification helper; not production patch"
A,doc/performance_experiments/raw/phase2b/phase2b-h3-smoke-v2-5-legal_actions-midgame_250-full.json.gz,measurement_support,"Evidence/manifest/CSV, isolated driver or verification helper; not production patch"
A,doc/performance_experiments/raw/phase2b/phase2b-h3-smoke-v2-6-random_selfplay_apply-initial-full.json.gz,measurement_support,"Evidence/manifest/CSV, isolated driver or verification helper; not production patch"
A,doc/performance_experiments/raw/phase2b/phase2b-h4-payment-formal-rejected-1-legal_codes-gold_payment-20260902.json.gz,measurement_support,"Evidence/manifest/CSV, isolated driver or verification helper; not production patch"
A,doc/performance_experiments/raw/phase2b/phase2b-h4-payment-formal-rejected-2-legal_count-gold_payment-20260902.json.gz,measurement_support,"Evidence/manifest/CSV, isolated driver or verification helper; not production patch"
A,doc/performance_experiments/raw/phase2b/phase2b-h4-payment-formal-rejected-3-legal_codes-midgame_250-20260902.json.gz,measurement_support,"Evidence/manifest/CSV, isolated driver or verification helper; not production patch"
A,doc/performance_experiments/raw/phase2b/phase2b-h4-payment-formal-rejected-4-random_selfplay-20260902.json.gz,measurement_support,"Evidence/manifest/CSV, isolated driver or verification helper; not production patch"
A,doc/performance_experiments/raw/phase2b/phase2b-h4-payment-formal-rejected-wrapper-20260902.json.gz,measurement_support,"Evidence/manifest/CSV, isolated driver or verification helper; not production patch"
A,doc/performance_experiments/raw/phase2b/phase2b-h4-payment-off.text.gz,measurement_support,"Evidence/manifest/CSV, isolated driver or verification helper; not production patch"
A,doc/performance_experiments/raw/phase2b/phase2b-h4-payment-on.text.gz,measurement_support,"Evidence/manifest/CSV, isolated driver or verification helper; not production patch"
A,doc/performance_experiments/raw/phase2b/phase2b-h4-payment-smoke-1-legal_codes-gold_payment.json.gz,measurement_support,"Evidence/manifest/CSV, isolated driver or verification helper; not production patch"
A,doc/performance_experiments/raw/phase2b/phase2b-h4-payment-smoke-2-legal_actions-gold_payment.json.gz,measurement_support,"Evidence/manifest/CSV, isolated driver or verification helper; not production patch"
A,doc/performance_experiments/raw/phase2b/phase2b-h4-payment-smoke-3-legal_count-gold_payment.json.gz,measurement_support,"Evidence/manifest/CSV, isolated driver or verification helper; not production patch"
A,doc/performance_experiments/raw/phase2b/phase2b-h4-payment-smoke-4-legal_codes-midgame_250.json.gz,measurement_support,"Evidence/manifest/CSV, isolated driver or verification helper; not production patch"
A,doc/performance_experiments/raw/phase2b/phase2b-h4-payment-smoke-5-random_selfplay.json.gz,measurement_support,"Evidence/manifest/CSV, isolated driver or verification helper; not production patch"
A,doc/performance_experiments/raw/phase2b/phase2b-h4-return-extra-1-legal_codes-token_return-20260902.json.gz,measurement_support,"Evidence/manifest/CSV, isolated driver or verification helper; not production patch"
A,doc/performance_experiments/raw/phase2b/phase2b-h4-return-extra-2-legal_actions-token_return-20260902.json.gz,measurement_support,"Evidence/manifest/CSV, isolated driver or verification helper; not production patch"
A,doc/performance_experiments/raw/phase2b/phase2b-h4-return-extra-3-legal_codes-editor_fallback-20260902.json.gz,measurement_support,"Evidence/manifest/CSV, isolated driver or verification helper; not production patch"
A,doc/performance_experiments/raw/phase2b/phase2b-h4-return-extra-4-legal_codes-five_moves-20260902.json.gz,measurement_support,"Evidence/manifest/CSV, isolated driver or verification helper; not production patch"
A,doc/performance_experiments/raw/phase2b/phase2b-h4-return-formal-20260902.csv.gz,measurement_support,"Evidence/manifest/CSV, isolated driver or verification helper; not production patch"
A,doc/performance_experiments/raw/phase2b/phase2b-h4-return-formal-20260902.json.gz,measurement_support,"Evidence/manifest/CSV, isolated driver or verification helper; not production patch"
A,doc/performance_experiments/raw/phase2b/phase2b-h4-return-off.text.gz,measurement_support,"Evidence/manifest/CSV, isolated driver or verification helper; not production patch"
A,doc/performance_experiments/raw/phase2b/phase2b-h4-return-on.text.gz,measurement_support,"Evidence/manifest/CSV, isolated driver or verification helper; not production patch"
A,doc/performance_experiments/raw/phase2b/phase2b-h4-return-python-a1.json.gz,measurement_support,"Evidence/manifest/CSV, isolated driver or verification helper; not production patch"
A,doc/performance_experiments/raw/phase2b/phase2b-h4-return-python-a1.stdout.gz,measurement_support,"Evidence/manifest/CSV, isolated driver or verification helper; not production patch"
A,doc/performance_experiments/raw/phase2b/phase2b-h4-return-python-a2.json.gz,measurement_support,"Evidence/manifest/CSV, isolated driver or verification helper; not production patch"
A,doc/performance_experiments/raw/phase2b/phase2b-h4-return-python-a2.stdout.gz,measurement_support,"Evidence/manifest/CSV, isolated driver or verification helper; not production patch"
A,doc/performance_experiments/raw/phase2b/phase2b-h4-return-python-a3.json.gz,measurement_support,"Evidence/manifest/CSV, isolated driver or verification helper; not production patch"
A,doc/performance_experiments/raw/phase2b/phase2b-h4-return-python-a3.stdout.gz,measurement_support,"Evidence/manifest/CSV, isolated driver or verification helper; not production patch"
A,doc/performance_experiments/raw/phase2b/phase2b-h4-return-python-a4.json.gz,measurement_support,"Evidence/manifest/CSV, isolated driver or verification helper; not production patch"
A,doc/performance_experiments/raw/phase2b/phase2b-h4-return-python-a4.stdout.gz,measurement_support,"Evidence/manifest/CSV, isolated driver or verification helper; not production patch"
A,doc/performance_experiments/raw/phase2b/phase2b-h4-return-python-b1.json.gz,measurement_support,"Evidence/manifest/CSV, isolated driver or verification helper; not production patch"
A,doc/performance_experiments/raw/phase2b/phase2b-h4-return-python-b1.stdout.gz,measurement_support,"Evidence/manifest/CSV, isolated driver or verification helper; not production patch"
A,doc/performance_experiments/raw/phase2b/phase2b-h4-return-python-b2.json.gz,measurement_support,"Evidence/manifest/CSV, isolated driver or verification helper; not production patch"
A,doc/performance_experiments/raw/phase2b/phase2b-h4-return-python-b2.stdout.gz,measurement_support,"Evidence/manifest/CSV, isolated driver or verification helper; not production patch"
A,doc/performance_experiments/raw/phase2b/phase2b-h4-return-python-b3.json.gz,measurement_support,"Evidence/manifest/CSV, isolated driver or verification helper; not production patch"
A,doc/performance_experiments/raw/phase2b/phase2b-h4-return-python-b3.stdout.gz,measurement_support,"Evidence/manifest/CSV, isolated driver or verification helper; not production patch"
A,doc/performance_experiments/raw/phase2b/phase2b-h4-return-python-b4.json.gz,measurement_support,"Evidence/manifest/CSV, isolated driver or verification helper; not production patch"
A,doc/performance_experiments/raw/phase2b/phase2b-h4-return-python-b4.stdout.gz,measurement_support,"Evidence/manifest/CSV, isolated driver or verification helper; not production patch"
A,doc/performance_experiments/raw/phase2b/phase2b-h4-return-smoke-1-legal_codes-token_return.json.gz,measurement_support,"Evidence/manifest/CSV, isolated driver or verification helper; not production patch"
A,doc/performance_experiments/raw/phase2b/phase2b-h4-return-smoke-2-legal_actions-token_return.json.gz,measurement_support,"Evidence/manifest/CSV, isolated driver or verification helper; not production patch"
A,doc/performance_experiments/raw/phase2b/phase2b-h4-return-smoke-3-legal_codes-midgame_250.json.gz,measurement_support,"Evidence/manifest/CSV, isolated driver or verification helper; not production patch"
A,doc/performance_experiments/raw/phase2b/phase2b-h4-return-smoke-4-legal_actions-midgame_250.json.gz,measurement_support,"Evidence/manifest/CSV, isolated driver or verification helper; not production patch"
A,doc/performance_experiments/raw/phase2b/phase2b-h4-return-smoke-5-random_selfplay_apply-initial.json.gz,measurement_support,"Evidence/manifest/CSV, isolated driver or verification helper; not production patch"
A,doc/performance_experiments/raw/phase2b/phase2b-h5-packed-adaptive-1-legal_codes-five_moves-20260902.json.gz,measurement_support,"Evidence/manifest/CSV, isolated driver or verification helper; not production patch"
A,doc/performance_experiments/raw/phase2b/phase2b-h5-packed-adaptive-2-legal_codes-midgame_250-20260902.json.gz,measurement_support,"Evidence/manifest/CSV, isolated driver or verification helper; not production patch"
A,doc/performance_experiments/raw/phase2b/phase2b-h5-packed-extra-1-legal_codes-token_return-20260902.json.gz,measurement_support,"Evidence/manifest/CSV, isolated driver or verification helper; not production patch"
A,doc/performance_experiments/raw/phase2b/phase2b-h5-packed-extra-2-legal_codes-five_moves-20260902.json.gz,measurement_support,"Evidence/manifest/CSV, isolated driver or verification helper; not production patch"
A,doc/performance_experiments/raw/phase2b/phase2b-h5-packed-extra-3-legal_codes-gold_payment-20260902.json.gz,measurement_support,"Evidence/manifest/CSV, isolated driver or verification helper; not production patch"
A,doc/performance_experiments/raw/phase2b/phase2b-h5-packed-extra-4-legal_codes-editor_fallback-20260902.json.gz,measurement_support,"Evidence/manifest/CSV, isolated driver or verification helper; not production patch"
A,doc/performance_experiments/raw/phase2b/phase2b-h5-packed-final-boundaries-wrapper-20260902.json.gz,measurement_support,"Evidence/manifest/CSV, isolated driver or verification helper; not production patch"
A,doc/performance_experiments/raw/phase2b/phase2b-h5-packed-final-extra-1-legal_codes-token_return-20260902.json.gz,measurement_support,"Evidence/manifest/CSV, isolated driver or verification helper; not production patch"
A,doc/performance_experiments/raw/phase2b/phase2b-h5-packed-final-extra-2-legal_codes-gold_payment-20260902.json.gz,measurement_support,"Evidence/manifest/CSV, isolated driver or verification helper; not production patch"
A,doc/performance_experiments/raw/phase2b/phase2b-h5-packed-final-extra-3-legal_codes-editor_fallback-20260902.json.gz,measurement_support,"Evidence/manifest/CSV, isolated driver or verification helper; not production patch"
A,doc/performance_experiments/raw/phase2b/phase2b-h5-packed-final-off.text.gz,measurement_support,"Evidence/manifest/CSV, isolated driver or verification helper; not production patch"
A,doc/performance_experiments/raw/phase2b/phase2b-h5-packed-final-on.text.gz,measurement_support,"Evidence/manifest/CSV, isolated driver or verification helper; not production patch"
A,doc/performance_experiments/raw/phase2b/phase2b-h5-packed-formal-20260902.csv.gz,measurement_support,"Evidence/manifest/CSV, isolated driver or verification helper; not production patch"
A,doc/performance_experiments/raw/phase2b/phase2b-h5-packed-formal-20260902.json.gz,measurement_support,"Evidence/manifest/CSV, isolated driver or verification helper; not production patch"
A,doc/performance_experiments/raw/phase2b/phase2b-h5-packed-formal-final-20260902.csv.gz,measurement_support,"Evidence/manifest/CSV, isolated driver or verification helper; not production patch"
A,doc/performance_experiments/raw/phase2b/phase2b-h5-packed-formal-final-20260902.json.gz,measurement_support,"Evidence/manifest/CSV, isolated driver or verification helper; not production patch"
A,doc/performance_experiments/raw/phase2b/phase2b-h5-packed-off.text.gz,measurement_support,"Evidence/manifest/CSV, isolated driver or verification helper; not production patch"
A,doc/performance_experiments/raw/phase2b/phase2b-h5-packed-on.text.gz,measurement_support,"Evidence/manifest/CSV, isolated driver or verification helper; not production patch"
A,doc/performance_experiments/raw/phase2b/phase2b-h5-packed-smoke-1-legal_codes-midgame_250.json.gz,measurement_support,"Evidence/manifest/CSV, isolated driver or verification helper; not production patch"
A,doc/performance_experiments/raw/phase2b/phase2b-h5-packed-smoke-2-legal_codes-token_return.json.gz,measurement_support,"Evidence/manifest/CSV, isolated driver or verification helper; not production patch"
A,doc/performance_experiments/raw/phase2b/phase2b-h5-packed-smoke-3-legal_codes-five_moves.json.gz,measurement_support,"Evidence/manifest/CSV, isolated driver or verification helper; not production patch"
A,doc/performance_experiments/raw/phase2b/phase2b-h5-packed-smoke-4-legal_codes-gold_payment.json.gz,measurement_support,"Evidence/manifest/CSV, isolated driver or verification helper; not production patch"
A,doc/performance_experiments/raw/phase2b/phase2b-h5-packed-smoke-v2-1-legal_codes-midgame_250.json.gz,measurement_support,"Evidence/manifest/CSV, isolated driver or verification helper; not production patch"
A,doc/performance_experiments/raw/phase2b/phase2b-h5-python-A.json.gz,measurement_support,"Evidence/manifest/CSV, isolated driver or verification helper; not production patch"
A,doc/performance_experiments/raw/phase2b/phase2b-h5-python-A1.json.gz,measurement_support,"Evidence/manifest/CSV, isolated driver or verification helper; not production patch"
A,doc/performance_experiments/raw/phase2b/phase2b-h5-python-A1.stdout.gz,measurement_support,"Evidence/manifest/CSV, isolated driver or verification helper; not production patch"
A,doc/performance_experiments/raw/phase2b/phase2b-h5-python-A2.json.gz,measurement_support,"Evidence/manifest/CSV, isolated driver or verification helper; not production patch"
A,doc/performance_experiments/raw/phase2b/phase2b-h5-python-A2.stdout.gz,measurement_support,"Evidence/manifest/CSV, isolated driver or verification helper; not production patch"
A,doc/performance_experiments/raw/phase2b/phase2b-h5-python-A3.json.gz,measurement_support,"Evidence/manifest/CSV, isolated driver or verification helper; not production patch"
A,doc/performance_experiments/raw/phase2b/phase2b-h5-python-A3.stdout.gz,measurement_support,"Evidence/manifest/CSV, isolated driver or verification helper; not production patch"
A,doc/performance_experiments/raw/phase2b/phase2b-h5-python-A4.json.gz,measurement_support,"Evidence/manifest/CSV, isolated driver or verification helper; not production patch"
A,doc/performance_experiments/raw/phase2b/phase2b-h5-python-A4.stdout.gz,measurement_support,"Evidence/manifest/CSV, isolated driver or verification helper; not production patch"
A,doc/performance_experiments/raw/phase2b/phase2b-h5-python-B.json.gz,measurement_support,"Evidence/manifest/CSV, isolated driver or verification helper; not production patch"
A,doc/performance_experiments/raw/phase2b/phase2b-h5-python-B1.json.gz,measurement_support,"Evidence/manifest/CSV, isolated driver or verification helper; not production patch"
A,doc/performance_experiments/raw/phase2b/phase2b-h5-python-B1.stdout.gz,measurement_support,"Evidence/manifest/CSV, isolated driver or verification helper; not production patch"
A,doc/performance_experiments/raw/phase2b/phase2b-h5-python-B2.json.gz,measurement_support,"Evidence/manifest/CSV, isolated driver or verification helper; not production patch"
A,doc/performance_experiments/raw/phase2b/phase2b-h5-python-B2.stdout.gz,measurement_support,"Evidence/manifest/CSV, isolated driver or verification helper; not production patch"
A,doc/performance_experiments/raw/phase2b/phase2b-h5-python-B3.json.gz,measurement_support,"Evidence/manifest/CSV, isolated driver or verification helper; not production patch"
A,doc/performance_experiments/raw/phase2b/phase2b-h5-python-B3.stdout.gz,measurement_support,"Evidence/manifest/CSV, isolated driver or verification helper; not production patch"
A,doc/performance_experiments/raw/phase2b/phase2b-h5-python-B4.json.gz,measurement_support,"Evidence/manifest/CSV, isolated driver or verification helper; not production patch"
A,doc/performance_experiments/raw/phase2b/phase2b-h5-python-B4.stdout.gz,measurement_support,"Evidence/manifest/CSV, isolated driver or verification helper; not production patch"
A,doc/performance_experiments/raw/phase2b/phase2b-h5-python-compare.json.gz,measurement_support,"Evidence/manifest/CSV, isolated driver or verification helper; not production patch"
A,doc/performance_experiments/raw/phase2b/phase2b-h5-shared-refactor-1-legal_codes-midgame_250.json.gz,measurement_support,"Evidence/manifest/CSV, isolated driver or verification helper; not production patch"
A,doc/performance_experiments/raw/phase2b/phase2b-h5-shared-refactor-2-legal_actions-midgame_250.json.gz,measurement_support,"Evidence/manifest/CSV, isolated driver or verification helper; not production patch"
A,doc/performance_experiments/raw/phase2b/phase2b-h5-shared-refactor-v2-1-legal_actions-midgame_250.json.gz,measurement_support,"Evidence/manifest/CSV, isolated driver or verification helper; not production patch"
A,doc/performance_experiments/raw/phase2b/phase2b-h5-shared-refactor-v2-2-legal_codes-midgame_250.json.gz,measurement_support,"Evidence/manifest/CSV, isolated driver or verification helper; not production patch"
A,doc/performance_experiments/raw/phase3a/csplendor-phase3a-all-off__Testing__Temporary__CTestCostData.txt.gz,measurement_support,"Evidence/manifest/CSV, isolated driver or verification helper; not production patch"
A,doc/performance_experiments/raw/phase3a/csplendor-phase3a-all-off__Testing__Temporary__LastTest.log.gz,measurement_support,"Evidence/manifest/CSV, isolated driver or verification helper; not production patch"
A,doc/performance_experiments/raw/phase3a/csplendor-phase3a-all-on__Testing__Temporary__CTestCostData.txt.gz,measurement_support,"Evidence/manifest/CSV, isolated driver or verification helper; not production patch"
A,doc/performance_experiments/raw/phase3a/csplendor-phase3a-all-on__Testing__Temporary__LastTest.log.gz,measurement_support,"Evidence/manifest/CSV, isolated driver or verification helper; not production patch"
A,doc/performance_experiments/raw/phase3a/csplendor-phase3a-asan__Testing__Temporary__CTestCostData.txt.gz,measurement_support,"Evidence/manifest/CSV, isolated driver or verification helper; not production patch"
A,doc/performance_experiments/raw/phase3a/csplendor-phase3a-asan__Testing__Temporary__LastTest.log.gz,measurement_support,"Evidence/manifest/CSV, isolated driver or verification helper; not production patch"
A,doc/performance_experiments/raw/phase3a/csplendor-phase3a-asan__Testing__Temporary__LastTestsFailed.log.gz,measurement_support,"Evidence/manifest/CSV, isolated driver or verification helper; not production patch"
A,doc/performance_experiments/raw/phase3a/csplendor-phase3a-card-off__Testing__Temporary__CTestCostData.txt.gz,measurement_support,"Evidence/manifest/CSV, isolated driver or verification helper; not production patch"
A,doc/performance_experiments/raw/phase3a/csplendor-phase3a-card-off__Testing__Temporary__LastTest.log.gz,measurement_support,"Evidence/manifest/CSV, isolated driver or verification helper; not production patch"
A,doc/performance_experiments/raw/phase3a/csplendor-phase3a-card-on__Testing__Temporary__CTestCostData.txt.gz,measurement_support,"Evidence/manifest/CSV, isolated driver or verification helper; not production patch"
A,doc/performance_experiments/raw/phase3a/csplendor-phase3a-card-on__Testing__Temporary__LastTest.log.gz,measurement_support,"Evidence/manifest/CSV, isolated driver or verification helper; not production patch"
A,doc/performance_experiments/raw/phase3a/csplendor-phase3a-compact-off__Testing__Temporary__CTestCostData.txt.gz,measurement_support,"Evidence/manifest/CSV, isolated driver or verification helper; not production patch"
A,doc/performance_experiments/raw/phase3a/csplendor-phase3a-compact-off__Testing__Temporary__LastTest.log.gz,measurement_support,"Evidence/manifest/CSV, isolated driver or verification helper; not production patch"
A,doc/performance_experiments/raw/phase3a/csplendor-phase3a-compact-on__Testing__Temporary__CTestCostData.txt.gz,measurement_support,"Evidence/manifest/CSV, isolated driver or verification helper; not production patch"
A,doc/performance_experiments/raw/phase3a/csplendor-phase3a-compact-on__Testing__Temporary__LastTest.log.gz,measurement_support,"Evidence/manifest/CSV, isolated driver or verification helper; not production patch"
A,doc/performance_experiments/raw/phase3a/csplendor-phase3a-path-off__Testing__Temporary__CTestCostData.txt.gz,measurement_support,"Evidence/manifest/CSV, isolated driver or verification helper; not production patch"
A,doc/performance_experiments/raw/phase3a/csplendor-phase3a-path-off__Testing__Temporary__LastTest.log.gz,measurement_support,"Evidence/manifest/CSV, isolated driver or verification helper; not production patch"
A,doc/performance_experiments/raw/phase3a/csplendor-phase3a-path-off__Testing__Temporary__LastTestsFailed.log.gz,measurement_support,"Evidence/manifest/CSV, isolated driver or verification helper; not production patch"
A,doc/performance_experiments/raw/phase3a/csplendor-phase3a-path-on__Testing__Temporary__CTestCostData.txt.gz,measurement_support,"Evidence/manifest/CSV, isolated driver or verification helper; not production patch"
A,doc/performance_experiments/raw/phase3a/csplendor-phase3a-path-on__Testing__Temporary__LastTest.log.gz,measurement_support,"Evidence/manifest/CSV, isolated driver or verification helper; not production patch"
A,doc/performance_experiments/raw/phase3a/csplendor-phase3a-reason-off__Testing__Temporary__CTestCostData.txt.gz,measurement_support,"Evidence/manifest/CSV, isolated driver or verification helper; not production patch"
A,doc/performance_experiments/raw/phase3a/csplendor-phase3a-reason-off__Testing__Temporary__LastTest.log.gz,measurement_support,"Evidence/manifest/CSV, isolated driver or verification helper; not production patch"
A,doc/performance_experiments/raw/phase3a/csplendor-phase3a-reason-on__Testing__Temporary__CTestCostData.txt.gz,measurement_support,"Evidence/manifest/CSV, isolated driver or verification helper; not production patch"
A,doc/performance_experiments/raw/phase3a/csplendor-phase3a-reason-on__Testing__Temporary__LastTest.log.gz,measurement_support,"Evidence/manifest/CSV, isolated driver or verification helper; not production patch"
A,doc/performance_experiments/raw/phase3a/csplendor-phase3a-tsan__Testing__Temporary__CTestCostData.txt.gz,measurement_support,"Evidence/manifest/CSV, isolated driver or verification helper; not production patch"
A,doc/performance_experiments/raw/phase3a/csplendor-phase3a-tsan__Testing__Temporary__LastTest.log.gz,measurement_support,"Evidence/manifest/CSV, isolated driver or verification helper; not production patch"
A,doc/performance_experiments/raw/phase3a/phase3a_adaptive_forced_pass_20260902.json.gz,measurement_support,"Evidence/manifest/CSV, isolated driver or verification helper; not production patch"
A,doc/performance_experiments/raw/phase3a/phase3a_adaptive_forced_pass_baseline_wrapper_20260902.json.gz,measurement_support,"Evidence/manifest/CSV, isolated driver or verification helper; not production patch"
A,doc/performance_experiments/raw/phase3a/phase3a_card_classes_targeted_20260902.csv.gz,measurement_support,"Evidence/manifest/CSV, isolated driver or verification helper; not production patch"
A,doc/performance_experiments/raw/phase3a/phase3a_card_classes_targeted_20260902.json.gz,measurement_support,"Evidence/manifest/CSV, isolated driver or verification helper; not production patch"
A,doc/performance_experiments/raw/phase3a/phase3a_combined_forced_pass_20260902.json.gz,measurement_support,"Evidence/manifest/CSV, isolated driver or verification helper; not production patch"
A,doc/performance_experiments/raw/phase3a/phase3a_compact_actions_targeted_20260902.csv.gz,measurement_support,"Evidence/manifest/CSV, isolated driver or verification helper; not production patch"
A,doc/performance_experiments/raw/phase3a/phase3a_compact_actions_targeted_20260902.json.gz,measurement_support,"Evidence/manifest/CSV, isolated driver or verification helper; not production patch"
A,doc/performance_experiments/raw/phase3a/phase3a_compact_reasons_baseline_wrapper_20260902.json.gz,measurement_support,"Evidence/manifest/CSV, isolated driver or verification helper; not production patch"
A,doc/performance_experiments/raw/phase3a/phase3a_compact_reasons_targeted_20260902.json.gz,measurement_support,"Evidence/manifest/CSV, isolated driver or verification helper; not production patch"
A,doc/performance_experiments/raw/phase3a/phase3a_path_stack_targeted_20260902.csv.gz,measurement_support,"Evidence/manifest/CSV, isolated driver or verification helper; not production patch"
A,doc/performance_experiments/raw/phase3a/phase3a_path_stack_targeted_20260902.json.gz,measurement_support,"Evidence/manifest/CSV, isolated driver or verification helper; not production patch"
A,doc/performance_experiments/raw/phase3a/phase3a_preadaptive_forced_pass_baseline_wrapper_20260902.json.gz,measurement_support,"Evidence/manifest/CSV, isolated driver or verification helper; not production patch"
A,doc/performance_experiments/raw/phase3a/phase3a_shared_tree_recheck_20260902.csv.gz,measurement_support,"Evidence/manifest/CSV, isolated driver or verification helper; not production patch"
A,doc/performance_experiments/raw/phase3a/phase3a_shared_tree_recheck_20260902.json.gz,measurement_support,"Evidence/manifest/CSV, isolated driver or verification helper; not production patch"
A,doc/performance_experiments/raw/phase3a/phase3a_single_lookup_targeted_20260902.csv.gz,measurement_support,"Evidence/manifest/CSV, isolated driver or verification helper; not production patch"
A,doc/performance_experiments/raw/phase3a/phase3a_single_lookup_targeted_20260902.json.gz,measurement_support,"Evidence/manifest/CSV, isolated driver or verification helper; not production patch"
A,doc/performance_experiments/raw/phase3a/phase3a_solver_containers_20260902.csv.gz,measurement_support,"Evidence/manifest/CSV, isolated driver or verification helper; not production patch"
A,doc/performance_experiments/raw/phase3a/phase3a_solver_containers_20260902.json.gz,measurement_support,"Evidence/manifest/CSV, isolated driver or verification helper; not production patch"
A,doc/performance_experiments/raw/phase3a/phase3a_solver_containers_final_20260902.csv.gz,measurement_support,"Evidence/manifest/CSV, isolated driver or verification helper; not production patch"
A,doc/performance_experiments/raw/phase3a/phase3a_solver_containers_final_20260902.json.gz,measurement_support,"Evidence/manifest/CSV, isolated driver or verification helper; not production patch"
A,doc/performance_experiments/raw/phase3b/control_board_copy_paired_final_20260905.json.gz,measurement_support,"Evidence/manifest/CSV, isolated driver or verification helper; not production patch"
A,doc/performance_experiments/raw/phase3b/control_solver_tt_paired_final_20260905.json.gz,measurement_support,"Evidence/manifest/CSV, isolated driver or verification helper; not production patch"
A,doc/performance_experiments/raw/phase3b/control_visible_solver_paired_final_20260905.json.gz,measurement_support,"Evidence/manifest/CSV, isolated driver or verification helper; not production patch"
A,doc/performance_experiments/raw/phase3b/diagnostic_counters_paired_final_20260905.json.gz,measurement_support,"Evidence/manifest/CSV, isolated driver or verification helper; not production patch"
A,doc/performance_experiments/raw/phase3b/diagnostic_counters_paired_v2_final_20260905.json.gz,measurement_support,"Evidence/manifest/CSV, isolated driver or verification helper; not production patch"
A,doc/performance_experiments/raw/phase3b/exact_five_moves_paired_final_20260905.json.gz,measurement_support,"Evidence/manifest/CSV, isolated driver or verification helper; not production patch"
A,doc/performance_experiments/raw/phase3b/exact_five_moves_paired_v2_final_20260905.json.gz,measurement_support,"Evidence/manifest/CSV, isolated driver or verification helper; not production patch"
A,doc/performance_experiments/raw/phase3b/exact_hidden_reserve_paired_final_20260905.json.gz,measurement_support,"Evidence/manifest/CSV, isolated driver or verification helper; not production patch"
A,doc/performance_experiments/raw/phase3b/exact_hidden_reserve_paired_v2_final_20260905.json.gz,measurement_support,"Evidence/manifest/CSV, isolated driver or verification helper; not production patch"
A,doc/performance_experiments/raw/phase3b/exact_persistent_paired_final_20260905.json.gz,measurement_support,"Evidence/manifest/CSV, isolated driver or verification helper; not production patch"
A,doc/performance_experiments/raw/phase3b/exact_persistent_paired_v2_final_20260905.json.gz,measurement_support,"Evidence/manifest/CSV, isolated driver or verification helper; not production patch"
A,doc/performance_experiments/raw/phase3b/fallback_exact_e2e_paired_final_20260905.json.gz,measurement_support,"Evidence/manifest/CSV, isolated driver or verification helper; not production patch"
A,doc/performance_experiments/raw/phase3b/fallback_state_key_paired_final_20260905.json.gz,measurement_support,"Evidence/manifest/CSV, isolated driver or verification helper; not production patch"
A,doc/performance_experiments/raw/phase3b/oracle_full_verification_final_20260905.json.gz,measurement_support,"Evidence/manifest/CSV, isolated driver or verification helper; not production patch"
A,doc/performance_experiments/raw/phase3b/oracle_full_verification_v2_final_20260905.json.gz,measurement_support,"Evidence/manifest/CSV, isolated driver or verification helper; not production patch"
A,doc/performance_experiments/raw/phase3b/proof_dag_oracle_final_20260905.json.gz,measurement_support,"Evidence/manifest/CSV, isolated driver or verification helper; not production patch"
A,doc/performance_experiments/raw/phase3b/state_key_paired_final_20260905.json.gz,measurement_support,"Evidence/manifest/CSV, isolated driver or verification helper; not production patch"
A,doc/performance_experiments/raw/phase3b/state_key_paired_v2_final_20260905.json.gz,measurement_support,"Evidence/manifest/CSV, isolated driver or verification helper; not production patch"
A,doc/performance_experiments/raw/phase3c/stage1_asan_ubsan_ctest_20260905.log.gz,measurement_support,"Evidence/manifest/CSV, isolated driver or verification helper; not production patch"
A,doc/performance_experiments/raw/phase3c/stage1_build_source_provenance_20260905.json.gz,measurement_support,"Evidence/manifest/CSV, isolated driver or verification helper; not production patch"
A,doc/performance_experiments/raw/phase3c/stage1_exact_five_moves_paired_20260905.json.gz,measurement_support,"Evidence/manifest/CSV, isolated driver or verification helper; not production patch"
A,doc/performance_experiments/raw/phase3c/stage1_exact_hidden_reserve_paired_20260905.json.gz,measurement_support,"Evidence/manifest/CSV, isolated driver or verification helper; not production patch"
A,doc/performance_experiments/raw/phase3c/stage1_exact_persistent_paired_20260905.json.gz,measurement_support,"Evidence/manifest/CSV, isolated driver or verification helper; not production patch"
A,doc/performance_experiments/raw/phase3c/stage1_gprof_exact_hidden_20260905.gmon.out.gz,measurement_support,"Evidence/manifest/CSV, isolated driver or verification helper; not production patch"
A,doc/performance_experiments/raw/phase3c/stage1_gprof_exact_hidden_20260905.txt.gz,measurement_support,"Evidence/manifest/CSV, isolated driver or verification helper; not production patch"
A,doc/performance_experiments/raw/phase3c/stage1_gprof_run_exact_hidden_20260905.json.gz,measurement_support,"Evidence/manifest/CSV, isolated driver or verification helper; not production patch"
A,doc/performance_experiments/raw/phase3c/stage1_layout_off_20260905.json.gz,measurement_support,"Evidence/manifest/CSV, isolated driver or verification helper; not production patch"
A,doc/performance_experiments/raw/phase3c/stage1_layout_on_20260905.json.gz,measurement_support,"Evidence/manifest/CSV, isolated driver or verification helper; not production patch"
A,doc/performance_experiments/raw/phase3c/stage1_mate_5_7_proof_pytest_20260905.log.gz,measurement_support,"Evidence/manifest/CSV, isolated driver or verification helper; not production patch"
A,doc/performance_experiments/raw/phase3c/stage1_off_ctest_20260905.log.gz,measurement_support,"Evidence/manifest/CSV, isolated driver or verification helper; not production patch"
A,doc/performance_experiments/raw/phase3c/stage1_on_ctest_20260905.log.gz,measurement_support,"Evidence/manifest/CSV, isolated driver or verification helper; not production patch"
A,doc/performance_experiments/raw/phase3c/stage1_perf_unavailable_20260905.log.gz,measurement_support,"Evidence/manifest/CSV, isolated driver or verification helper; not production patch"
A,doc/performance_experiments/raw/phase3c/stage1_proof_dag_reveal_heavy_20260905.json.gz,measurement_support,"Evidence/manifest/CSV, isolated driver or verification helper; not production patch"
A,doc/performance_experiments/raw/phase3c/stage1_python_performance_pytest_20260905.log.gz,measurement_support,"Evidence/manifest/CSV, isolated driver or verification helper; not production patch"
A,doc/performance_experiments/raw/phase3c/stage1_python_pycompile_20260905.log.gz,measurement_support,"Evidence/manifest/CSV, isolated driver or verification helper; not production patch"
A,doc/performance_experiments/raw/phase3c/stage1_python_pytest_20260905.log.gz,measurement_support,"Evidence/manifest/CSV, isolated driver or verification helper; not production patch"
A,doc/performance_experiments/raw/phase3c/stage1_reprofile_exact_hidden_instrumented_20260905.json.gz,measurement_support,"Evidence/manifest/CSV, isolated driver or verification helper; not production patch"
A,doc/performance_experiments/raw/phase3c/stage1_solver_state_key_paired_20260905.json.gz,measurement_support,"Evidence/manifest/CSV, isolated driver or verification helper; not production patch"
A,doc/performance_experiments/raw/phase3c/stage1_solver_tt_paired_20260905.json.gz,measurement_support,"Evidence/manifest/CSV, isolated driver or verification helper; not production patch"
A,doc/performance_experiments/raw/phase3c/stage1_visible_five_moves_paired_20260905.json.gz,measurement_support,"Evidence/manifest/CSV, isolated driver or verification helper; not production patch"
A,doc/performance_experiments/raw/phase3c/stage1_visible_forced_pass_paired_20260905.json.gz,measurement_support,"Evidence/manifest/CSV, isolated driver or verification helper; not production patch"
A,doc/performance_experiments/raw/phase3d1/asan_native_full.json.gz,measurement_support,"Evidence/manifest/CSV, isolated driver or verification helper; not production patch"
A,doc/performance_experiments/raw/phase3d1/benchmark_tool_tests.json.gz,measurement_support,"Evidence/manifest/CSV, isolated driver or verification helper; not production patch"
A,doc/performance_experiments/raw/phase3d1/build_asan_all.json.gz,measurement_support,"Evidence/manifest/CSV, isolated driver or verification helper; not production patch"
A,doc/performance_experiments/raw/phase3d1/build_deploy_all.json.gz,measurement_support,"Evidence/manifest/CSV, isolated driver or verification helper; not production patch"
A,doc/performance_experiments/raw/phase3d1/build_deploy_all_v2.json.gz,measurement_support,"Evidence/manifest/CSV, isolated driver or verification helper; not production patch"
A,doc/performance_experiments/raw/phase3d1/build_diagnostic.json.gz,measurement_support,"Evidence/manifest/CSV, isolated driver or verification helper; not production patch"
A,doc/performance_experiments/raw/phase3d1/build_mechanism_diagnostic.json.gz,measurement_support,"Evidence/manifest/CSV, isolated driver or verification helper; not production patch"
A,doc/performance_experiments/raw/phase3d1/build_mechanism_reference-diagnostic.json.gz,measurement_support,"Evidence/manifest/CSV, isolated driver or verification helper; not production patch"
A,doc/performance_experiments/raw/phase3d1/build_native_proof_A.json.gz,measurement_support,"Evidence/manifest/CSV, isolated driver or verification helper; not production patch"
A,doc/performance_experiments/raw/phase3d1/build_native_proof_B.json.gz,measurement_support,"Evidence/manifest/CSV, isolated driver or verification helper; not production patch"
A,doc/performance_experiments/raw/phase3d1/build_reference-diagnostic.json.gz,measurement_support,"Evidence/manifest/CSV, isolated driver or verification helper; not production patch"
A,doc/performance_experiments/raw/phase3d1/build_release.json.gz,measurement_support,"Evidence/manifest/CSV, isolated driver or verification helper; not production patch"
A,doc/performance_experiments/raw/phase3d1/build_verify.json.gz,measurement_support,"Evidence/manifest/CSV, isolated driver or verification helper; not production patch"
A,doc/performance_experiments/raw/phase3d1/build_verify_python.json.gz,measurement_support,"Evidence/manifest/CSV, isolated driver or verification helper; not production patch"
A,doc/performance_experiments/raw/phase3d1/build_verify_unit_v2.json.gz,measurement_support,"Evidence/manifest/CSV, isolated driver or verification helper; not production patch"
A,doc/performance_experiments/raw/phase3d1/candidate_fault_header.h.gz,measurement_support,"Evidence/manifest/CSV, isolated driver or verification helper; not production patch"
A,doc/performance_experiments/raw/phase3d1/candidate_new_header.h.gz,measurement_support,"Evidence/manifest/CSV, isolated driver or verification helper; not production patch"
A,doc/performance_experiments/raw/phase3d1/candidate_tracked_patch.diff.gz,measurement_support,"Evidence/manifest/CSV, isolated driver or verification helper; not production patch"
A,doc/performance_experiments/raw/phase3d1/candidate_v2/benchmark_tool_tests.json.gz,measurement_support,"Evidence/manifest/CSV, isolated driver or verification helper; not production patch"
A,doc/performance_experiments/raw/phase3d1/candidate_v2/build_diagnostic.json.gz,measurement_support,"Evidence/manifest/CSV, isolated driver or verification helper; not production patch"
A,doc/performance_experiments/raw/phase3d1/candidate_v2/build_native_proof_A.json.gz,measurement_support,"Evidence/manifest/CSV, isolated driver or verification helper; not production patch"
A,doc/performance_experiments/raw/phase3d1/candidate_v2/build_native_proof_B.json.gz,measurement_support,"Evidence/manifest/CSV, isolated driver or verification helper; not production patch"
A,doc/performance_experiments/raw/phase3d1/candidate_v2/build_reference-diagnostic.json.gz,measurement_support,"Evidence/manifest/CSV, isolated driver or verification helper; not production patch"
A,doc/performance_experiments/raw/phase3d1/candidate_v2/build_release.json.gz,measurement_support,"Evidence/manifest/CSV, isolated driver or verification helper; not production patch"
A,doc/performance_experiments/raw/phase3d1/candidate_v2/build_verify.json.gz,measurement_support,"Evidence/manifest/CSV, isolated driver or verification helper; not production patch"
A,doc/performance_experiments/raw/phase3d1/candidate_v2/configure_diagnostic.json.gz,measurement_support,"Evidence/manifest/CSV, isolated driver or verification helper; not production patch"
A,doc/performance_experiments/raw/phase3d1/candidate_v2/configure_native_proof_A.json.gz,measurement_support,"Evidence/manifest/CSV, isolated driver or verification helper; not production patch"
A,doc/performance_experiments/raw/phase3d1/candidate_v2/configure_native_proof_B.json.gz,measurement_support,"Evidence/manifest/CSV, isolated driver or verification helper; not production patch"
A,doc/performance_experiments/raw/phase3d1/candidate_v2/configure_reference-diagnostic.json.gz,measurement_support,"Evidence/manifest/CSV, isolated driver or verification helper; not production patch"
A,doc/performance_experiments/raw/phase3d1/candidate_v2/configure_release.json.gz,measurement_support,"Evidence/manifest/CSV, isolated driver or verification helper; not production patch"
A,doc/performance_experiments/raw/phase3d1/candidate_v2/configure_verify.json.gz,measurement_support,"Evidence/manifest/CSV, isolated driver or verification helper; not production patch"
A,doc/performance_experiments/raw/phase3d1/candidate_v2/formal_cycle.json.gz,measurement_support,"Evidence/manifest/CSV, isolated driver or verification helper; not production patch"
A,doc/performance_experiments/raw/phase3d1/candidate_v2/formal_cycle_invocation.json.gz,measurement_support,"Evidence/manifest/CSV, isolated driver or verification helper; not production patch"
A,doc/performance_experiments/raw/phase3d1/candidate_v2/formal_deep.json.gz,measurement_support,"Evidence/manifest/CSV, isolated driver or verification helper; not production patch"
A,doc/performance_experiments/raw/phase3d1/candidate_v2/formal_deep_invocation.json.gz,measurement_support,"Evidence/manifest/CSV, isolated driver or verification helper; not production patch"
A,doc/performance_experiments/raw/phase3d1/candidate_v2/formal_defender.json.gz,measurement_support,"Evidence/manifest/CSV, isolated driver or verification helper; not production patch"
A,doc/performance_experiments/raw/phase3d1/candidate_v2/formal_defender_invocation.json.gz,measurement_support,"Evidence/manifest/CSV, isolated driver or verification helper; not production patch"
A,doc/performance_experiments/raw/phase3d1/candidate_v2/formal_editor.json.gz,measurement_support,"Evidence/manifest/CSV, isolated driver or verification helper; not production patch"
A,doc/performance_experiments/raw/phase3d1/candidate_v2/formal_editor_invocation.json.gz,measurement_support,"Evidence/manifest/CSV, isolated driver or verification helper; not production patch"
A,doc/performance_experiments/raw/phase3d1/candidate_v2/formal_proof_off.json.gz,measurement_support,"Evidence/manifest/CSV, isolated driver or verification helper; not production patch"
A,doc/performance_experiments/raw/phase3d1/candidate_v2/formal_proof_off_invocation.json.gz,measurement_support,"Evidence/manifest/CSV, isolated driver or verification helper; not production patch"
A,doc/performance_experiments/raw/phase3d1/candidate_v2/formal_proof_on.json.gz,measurement_support,"Evidence/manifest/CSV, isolated driver or verification helper; not production patch"
A,doc/performance_experiments/raw/phase3d1/candidate_v2/formal_proof_on_invocation.json.gz,measurement_support,"Evidence/manifest/CSV, isolated driver or verification helper; not production patch"
A,doc/performance_experiments/raw/phase3d1/candidate_v2/formal_shallow.json.gz,measurement_support,"Evidence/manifest/CSV, isolated driver or verification helper; not production patch"
A,doc/performance_experiments/raw/phase3d1/candidate_v2/formal_shallow_invocation.json.gz,measurement_support,"Evidence/manifest/CSV, isolated driver or verification helper; not production patch"
A,doc/performance_experiments/raw/phase3d1/candidate_v2/formal_visible.json.gz,measurement_support,"Evidence/manifest/CSV, isolated driver or verification helper; not production patch"
A,doc/performance_experiments/raw/phase3d1/candidate_v2/formal_visible_invocation.json.gz,measurement_support,"Evidence/manifest/CSV, isolated driver or verification helper; not production patch"
A,doc/performance_experiments/raw/phase3d1/candidate_v2/formal_warm.json.gz,measurement_support,"Evidence/manifest/CSV, isolated driver or verification helper; not production patch"
A,doc/performance_experiments/raw/phase3d1/candidate_v2/formal_warm_invocation.json.gz,measurement_support,"Evidence/manifest/CSV, isolated driver or verification helper; not production patch"
A,doc/performance_experiments/raw/phase3d1/candidate_v2/holdout_deep.json.gz,measurement_support,"Evidence/manifest/CSV, isolated driver or verification helper; not production patch"
A,doc/performance_experiments/raw/phase3d1/candidate_v2/holdout_deep_invocation.json.gz,measurement_support,"Evidence/manifest/CSV, isolated driver or verification helper; not production patch"
A,doc/performance_experiments/raw/phase3d1/candidate_v2/holdout_proof_off.json.gz,measurement_support,"Evidence/manifest/CSV, isolated driver or verification helper; not production patch"
A,doc/performance_experiments/raw/phase3d1/candidate_v2/holdout_proof_off_invocation.json.gz,measurement_support,"Evidence/manifest/CSV, isolated driver or verification helper; not production patch"
A,doc/performance_experiments/raw/phase3d1/candidate_v2/holdout_proof_on.json.gz,measurement_support,"Evidence/manifest/CSV, isolated driver or verification helper; not production patch"
A,doc/performance_experiments/raw/phase3d1/candidate_v2/holdout_proof_on_invocation.json.gz,measurement_support,"Evidence/manifest/CSV, isolated driver or verification helper; not production patch"
A,doc/performance_experiments/raw/phase3d1/candidate_v2/holdout_visible.json.gz,measurement_support,"Evidence/manifest/CSV, isolated driver or verification helper; not production patch"
A,doc/performance_experiments/raw/phase3d1/candidate_v2/holdout_visible_invocation.json.gz,measurement_support,"Evidence/manifest/CSV, isolated driver or verification helper; not production patch"
A,doc/performance_experiments/raw/phase3d1/candidate_v2/native_holdout_proof_batch_off.json.gz,measurement_support,"Evidence/manifest/CSV, isolated driver or verification helper; not production patch"
A,doc/performance_experiments/raw/phase3d1/candidate_v2/native_holdout_proof_batch_off_invocation.json.gz,measurement_support,"Evidence/manifest/CSV, isolated driver or verification helper; not production patch"
A,doc/performance_experiments/raw/phase3d1/candidate_v2/native_holdout_proof_batch_on.json.gz,measurement_support,"Evidence/manifest/CSV, isolated driver or verification helper; not production patch"
A,doc/performance_experiments/raw/phase3d1/candidate_v2/native_holdout_proof_batch_on_invocation.json.gz,measurement_support,"Evidence/manifest/CSV, isolated driver or verification helper; not production patch"
A,doc/performance_experiments/raw/phase3d1/candidate_v2/native_proof_batch_off.json.gz,measurement_support,"Evidence/manifest/CSV, isolated driver or verification helper; not production patch"
A,doc/performance_experiments/raw/phase3d1/candidate_v2/native_proof_batch_off_invocation.json.gz,measurement_support,"Evidence/manifest/CSV, isolated driver or verification helper; not production patch"
A,doc/performance_experiments/raw/phase3d1/candidate_v2/native_proof_batch_on.json.gz,measurement_support,"Evidence/manifest/CSV, isolated driver or verification helper; not production patch"
A,doc/performance_experiments/raw/phase3d1/candidate_v2/native_proof_batch_on_invocation.json.gz,measurement_support,"Evidence/manifest/CSV, isolated driver or verification helper; not production patch"
A,doc/performance_experiments/raw/phase3d1/candidate_v2/rollback_unit_diagnostic.json.gz,measurement_support,"Evidence/manifest/CSV, isolated driver or verification helper; not production patch"
A,doc/performance_experiments/raw/phase3d1/candidate_v2/rollback_unit_reference-diagnostic.json.gz,measurement_support,"Evidence/manifest/CSV, isolated driver or verification helper; not production patch"
A,doc/performance_experiments/raw/phase3d1/candidate_v2/rollback_unit_release.json.gz,measurement_support,"Evidence/manifest/CSV, isolated driver or verification helper; not production patch"
A,doc/performance_experiments/raw/phase3d1/candidate_v2/rollback_unit_verify.json.gz,measurement_support,"Evidence/manifest/CSV, isolated driver or verification helper; not production patch"
A,doc/performance_experiments/raw/phase3d1/candidate_v2/unit_diagnostic.json.gz,measurement_support,"Evidence/manifest/CSV, isolated driver or verification helper; not production patch"
A,doc/performance_experiments/raw/phase3d1/candidate_v2/unit_reference-diagnostic.json.gz,measurement_support,"Evidence/manifest/CSV, isolated driver or verification helper; not production patch"
A,doc/performance_experiments/raw/phase3d1/candidate_v2/unit_release.json.gz,measurement_support,"Evidence/manifest/CSV, isolated driver or verification helper; not production patch"
A,doc/performance_experiments/raw/phase3d1/candidate_v2/unit_verify.json.gz,measurement_support,"Evidence/manifest/CSV, isolated driver or verification helper; not production patch"
A,doc/performance_experiments/raw/phase3d1/candidate_v3/asan_native_full.json.gz,measurement_support,"Evidence/manifest/CSV, isolated driver or verification helper; not production patch"
A,doc/performance_experiments/raw/phase3d1/candidate_v3/benchmark_tool_tests.json.gz,measurement_support,"Evidence/manifest/CSV, isolated driver or verification helper; not production patch"
A,doc/performance_experiments/raw/phase3d1/candidate_v3/build_asan_all.json.gz,measurement_support,"Evidence/manifest/CSV, isolated driver or verification helper; not production patch"
A,doc/performance_experiments/raw/phase3d1/candidate_v3/build_deploy_all.json.gz,measurement_support,"Evidence/manifest/CSV, isolated driver or verification helper; not production patch"
A,doc/performance_experiments/raw/phase3d1/candidate_v3/build_diagnostic.json.gz,measurement_support,"Evidence/manifest/CSV, isolated driver or verification helper; not production patch"
A,doc/performance_experiments/raw/phase3d1/candidate_v3/build_mechanism_diagnostic.json.gz,measurement_support,"Evidence/manifest/CSV, isolated driver or verification helper; not production patch"
A,doc/performance_experiments/raw/phase3d1/candidate_v3/build_mechanism_reference-diagnostic.json.gz,measurement_support,"Evidence/manifest/CSV, isolated driver or verification helper; not production patch"
A,doc/performance_experiments/raw/phase3d1/candidate_v3/build_native_proof_A.json.gz,measurement_support,"Evidence/manifest/CSV, isolated driver or verification helper; not production patch"
A,doc/performance_experiments/raw/phase3d1/candidate_v3/build_native_proof_B.json.gz,measurement_support,"Evidence/manifest/CSV, isolated driver or verification helper; not production patch"
A,doc/performance_experiments/raw/phase3d1/candidate_v3/build_reference-diagnostic.json.gz,measurement_support,"Evidence/manifest/CSV, isolated driver or verification helper; not production patch"
A,doc/performance_experiments/raw/phase3d1/candidate_v3/build_release.json.gz,measurement_support,"Evidence/manifest/CSV, isolated driver or verification helper; not production patch"
A,doc/performance_experiments/raw/phase3d1/candidate_v3/build_verify.json.gz,measurement_support,"Evidence/manifest/CSV, isolated driver or verification helper; not production patch"
A,doc/performance_experiments/raw/phase3d1/candidate_v3/build_verify_python.json.gz,measurement_support,"Evidence/manifest/CSV, isolated driver or verification helper; not production patch"
A,doc/performance_experiments/raw/phase3d1/candidate_v3/configure_asan.json.gz,measurement_support,"Evidence/manifest/CSV, isolated driver or verification helper; not production patch"
A,doc/performance_experiments/raw/phase3d1/candidate_v3/configure_deploy.json.gz,measurement_support,"Evidence/manifest/CSV, isolated driver or verification helper; not production patch"
A,doc/performance_experiments/raw/phase3d1/candidate_v3/configure_diagnostic.json.gz,measurement_support,"Evidence/manifest/CSV, isolated driver or verification helper; not production patch"
A,doc/performance_experiments/raw/phase3d1/candidate_v3/configure_native_proof_A.json.gz,measurement_support,"Evidence/manifest/CSV, isolated driver or verification helper; not production patch"
A,doc/performance_experiments/raw/phase3d1/candidate_v3/configure_native_proof_B.json.gz,measurement_support,"Evidence/manifest/CSV, isolated driver or verification helper; not production patch"
A,doc/performance_experiments/raw/phase3d1/candidate_v3/configure_reference-diagnostic.json.gz,measurement_support,"Evidence/manifest/CSV, isolated driver or verification helper; not production patch"
A,doc/performance_experiments/raw/phase3d1/candidate_v3/configure_release.json.gz,measurement_support,"Evidence/manifest/CSV, isolated driver or verification helper; not production patch"
A,doc/performance_experiments/raw/phase3d1/candidate_v3/configure_verify.json.gz,measurement_support,"Evidence/manifest/CSV, isolated driver or verification helper; not production patch"
A,doc/performance_experiments/raw/phase3d1/candidate_v3/configure_verify_python.json.gz,measurement_support,"Evidence/manifest/CSV, isolated driver or verification helper; not production patch"
A,doc/performance_experiments/raw/phase3d1/candidate_v3/deployment_benchmark_identity.json.gz,measurement_support,"Evidence/manifest/CSV, isolated driver or verification helper; not production patch"
A,doc/performance_experiments/raw/phase3d1/candidate_v3/diagnostic_cycle.json.gz,measurement_support,"Evidence/manifest/CSV, isolated driver or verification helper; not production patch"
A,doc/performance_experiments/raw/phase3d1/candidate_v3/diagnostic_deep.json.gz,measurement_support,"Evidence/manifest/CSV, isolated driver or verification helper; not production patch"
A,doc/performance_experiments/raw/phase3d1/candidate_v3/diagnostic_defender.json.gz,measurement_support,"Evidence/manifest/CSV, isolated driver or verification helper; not production patch"
A,doc/performance_experiments/raw/phase3d1/candidate_v3/diagnostic_editor.json.gz,measurement_support,"Evidence/manifest/CSV, isolated driver or verification helper; not production patch"
A,doc/performance_experiments/raw/phase3d1/candidate_v3/diagnostic_proof_off.json.gz,measurement_support,"Evidence/manifest/CSV, isolated driver or verification helper; not production patch"
A,doc/performance_experiments/raw/phase3d1/candidate_v3/diagnostic_proof_on.json.gz,measurement_support,"Evidence/manifest/CSV, isolated driver or verification helper; not production patch"
A,doc/performance_experiments/raw/phase3d1/candidate_v3/diagnostic_shallow.json.gz,measurement_support,"Evidence/manifest/CSV, isolated driver or verification helper; not production patch"
A,doc/performance_experiments/raw/phase3d1/candidate_v3/diagnostic_visible.json.gz,measurement_support,"Evidence/manifest/CSV, isolated driver or verification helper; not production patch"
A,doc/performance_experiments/raw/phase3d1/candidate_v3/diagnostic_warm.json.gz,measurement_support,"Evidence/manifest/CSV, isolated driver or verification helper; not production patch"
A,doc/performance_experiments/raw/phase3d1/candidate_v3/final_unit_asan.json.gz,measurement_support,"Evidence/manifest/CSV, isolated driver or verification helper; not production patch"
A,doc/performance_experiments/raw/phase3d1/candidate_v3/final_unit_binary_identity.json.gz,measurement_support,"Evidence/manifest/CSV, isolated driver or verification helper; not production patch"
A,doc/performance_experiments/raw/phase3d1/candidate_v3/final_unit_build_asan.json.gz,measurement_support,"Evidence/manifest/CSV, isolated driver or verification helper; not production patch"
A,doc/performance_experiments/raw/phase3d1/candidate_v3/final_unit_build_release.json.gz,measurement_support,"Evidence/manifest/CSV, isolated driver or verification helper; not production patch"
A,doc/performance_experiments/raw/phase3d1/candidate_v3/final_unit_build_verify.json.gz,measurement_support,"Evidence/manifest/CSV, isolated driver or verification helper; not production patch"
A,doc/performance_experiments/raw/phase3d1/candidate_v3/final_unit_release.json.gz,measurement_support,"Evidence/manifest/CSV, isolated driver or verification helper; not production patch"
A,doc/performance_experiments/raw/phase3d1/candidate_v3/final_unit_verify.json.gz,measurement_support,"Evidence/manifest/CSV, isolated driver or verification helper; not production patch"
A,doc/performance_experiments/raw/phase3d1/candidate_v3/formal_cycle.json.gz,measurement_support,"Evidence/manifest/CSV, isolated driver or verification helper; not production patch"
A,doc/performance_experiments/raw/phase3d1/candidate_v3/formal_cycle_invocation.json.gz,measurement_support,"Evidence/manifest/CSV, isolated driver or verification helper; not production patch"
A,doc/performance_experiments/raw/phase3d1/candidate_v3/formal_deep.json.gz,measurement_support,"Evidence/manifest/CSV, isolated driver or verification helper; not production patch"
A,doc/performance_experiments/raw/phase3d1/candidate_v3/formal_deep_invocation.json.gz,measurement_support,"Evidence/manifest/CSV, isolated driver or verification helper; not production patch"
A,doc/performance_experiments/raw/phase3d1/candidate_v3/formal_defender.json.gz,measurement_support,"Evidence/manifest/CSV, isolated driver or verification helper; not production patch"
A,doc/performance_experiments/raw/phase3d1/candidate_v3/formal_defender_invocation.json.gz,measurement_support,"Evidence/manifest/CSV, isolated driver or verification helper; not production patch"
A,doc/performance_experiments/raw/phase3d1/candidate_v3/formal_editor.json.gz,measurement_support,"Evidence/manifest/CSV, isolated driver or verification helper; not production patch"
A,doc/performance_experiments/raw/phase3d1/candidate_v3/formal_editor_invocation.json.gz,measurement_support,"Evidence/manifest/CSV, isolated driver or verification helper; not production patch"
A,doc/performance_experiments/raw/phase3d1/candidate_v3/formal_proof_off.json.gz,measurement_support,"Evidence/manifest/CSV, isolated driver or verification helper; not production patch"
A,doc/performance_experiments/raw/phase3d1/candidate_v3/formal_proof_off_invocation.json.gz,measurement_support,"Evidence/manifest/CSV, isolated driver or verification helper; not production patch"
A,doc/performance_experiments/raw/phase3d1/candidate_v3/formal_proof_on.json.gz,measurement_support,"Evidence/manifest/CSV, isolated driver or verification helper; not production patch"
A,doc/performance_experiments/raw/phase3d1/candidate_v3/formal_proof_on_invocation.json.gz,measurement_support,"Evidence/manifest/CSV, isolated driver or verification helper; not production patch"
A,doc/performance_experiments/raw/phase3d1/candidate_v3/formal_shallow.json.gz,measurement_support,"Evidence/manifest/CSV, isolated driver or verification helper; not production patch"
A,doc/performance_experiments/raw/phase3d1/candidate_v3/formal_shallow_invocation.json.gz,measurement_support,"Evidence/manifest/CSV, isolated driver or verification helper; not production patch"
A,doc/performance_experiments/raw/phase3d1/candidate_v3/formal_visible.json.gz,measurement_support,"Evidence/manifest/CSV, isolated driver or verification helper; not production patch"
A,doc/performance_experiments/raw/phase3d1/candidate_v3/formal_visible_invocation.json.gz,measurement_support,"Evidence/manifest/CSV, isolated driver or verification helper; not production patch"
A,doc/performance_experiments/raw/phase3d1/candidate_v3/formal_warm.json.gz,measurement_support,"Evidence/manifest/CSV, isolated driver or verification helper; not production patch"
A,doc/performance_experiments/raw/phase3d1/candidate_v3/formal_warm_invocation.json.gz,measurement_support,"Evidence/manifest/CSV, isolated driver or verification helper; not production patch"
A,doc/performance_experiments/raw/phase3d1/candidate_v3/holdout_deep.json.gz,measurement_support,"Evidence/manifest/CSV, isolated driver or verification helper; not production patch"
A,doc/performance_experiments/raw/phase3d1/candidate_v3/holdout_deep_invocation.json.gz,measurement_support,"Evidence/manifest/CSV, isolated driver or verification helper; not production patch"
A,doc/performance_experiments/raw/phase3d1/candidate_v3/holdout_proof_off.json.gz,measurement_support,"Evidence/manifest/CSV, isolated driver or verification helper; not production patch"
A,doc/performance_experiments/raw/phase3d1/candidate_v3/holdout_proof_off_invocation.json.gz,measurement_support,"Evidence/manifest/CSV, isolated driver or verification helper; not production patch"
A,doc/performance_experiments/raw/phase3d1/candidate_v3/holdout_proof_on.json.gz,measurement_support,"Evidence/manifest/CSV, isolated driver or verification helper; not production patch"
A,doc/performance_experiments/raw/phase3d1/candidate_v3/holdout_proof_on_invocation.json.gz,measurement_support,"Evidence/manifest/CSV, isolated driver or verification helper; not production patch"
A,doc/performance_experiments/raw/phase3d1/candidate_v3/holdout_visible.json.gz,measurement_support,"Evidence/manifest/CSV, isolated driver or verification helper; not production patch"
A,doc/performance_experiments/raw/phase3d1/candidate_v3/holdout_visible_invocation.json.gz,measurement_support,"Evidence/manifest/CSV, isolated driver or verification helper; not production patch"
A,doc/performance_experiments/raw/phase3d1/candidate_v3/mechanism_diagnostic.json.gz,measurement_support,"Evidence/manifest/CSV, isolated driver or verification helper; not production patch"
A,doc/performance_experiments/raw/phase3d1/candidate_v3/mechanism_reference-diagnostic.json.gz,measurement_support,"Evidence/manifest/CSV, isolated driver or verification helper; not production patch"
A,doc/performance_experiments/raw/phase3d1/candidate_v3/native_full.json.gz,measurement_support,"Evidence/manifest/CSV, isolated driver or verification helper; not production patch"
A,doc/performance_experiments/raw/phase3d1/candidate_v3/native_holdout_proof_batch_off.json.gz,measurement_support,"Evidence/manifest/CSV, isolated driver or verification helper; not production patch"
A,doc/performance_experiments/raw/phase3d1/candidate_v3/native_holdout_proof_batch_off_invocation.json.gz,measurement_support,"Evidence/manifest/CSV, isolated driver or verification helper; not production patch"
A,doc/performance_experiments/raw/phase3d1/candidate_v3/native_holdout_proof_batch_on.json.gz,measurement_support,"Evidence/manifest/CSV, isolated driver or verification helper; not production patch"
A,doc/performance_experiments/raw/phase3d1/candidate_v3/native_holdout_proof_batch_on_invocation.json.gz,measurement_support,"Evidence/manifest/CSV, isolated driver or verification helper; not production patch"
A,doc/performance_experiments/raw/phase3d1/candidate_v3/native_proof_batch_off.json.gz,measurement_support,"Evidence/manifest/CSV, isolated driver or verification helper; not production patch"
A,doc/performance_experiments/raw/phase3d1/candidate_v3/native_proof_batch_off_invocation.json.gz,measurement_support,"Evidence/manifest/CSV, isolated driver or verification helper; not production patch"
A,doc/performance_experiments/raw/phase3d1/candidate_v3/native_proof_batch_on.json.gz,measurement_support,"Evidence/manifest/CSV, isolated driver or verification helper; not production patch"
A,doc/performance_experiments/raw/phase3d1/candidate_v3/native_proof_batch_on_invocation.json.gz,measurement_support,"Evidence/manifest/CSV, isolated driver or verification helper; not production patch"
A,doc/performance_experiments/raw/phase3d1/candidate_v3/orchestration_compile.json.gz,measurement_support,"Evidence/manifest/CSV, isolated driver or verification helper; not production patch"
A,doc/performance_experiments/raw/phase3d1/candidate_v3/python_compile.json.gz,measurement_support,"Evidence/manifest/CSV, isolated driver or verification helper; not production patch"
A,doc/performance_experiments/raw/phase3d1/candidate_v3/python_full.json.gz,measurement_support,"Evidence/manifest/CSV, isolated driver or verification helper; not production patch"
A,doc/performance_experiments/raw/phase3d1/candidate_v3/python_performance.json.gz,measurement_support,"Evidence/manifest/CSV, isolated driver or verification helper; not production patch"
A,doc/performance_experiments/raw/phase3d1/candidate_v3/reference-diagnostic_cycle.json.gz,measurement_support,"Evidence/manifest/CSV, isolated driver or verification helper; not production patch"
A,doc/performance_experiments/raw/phase3d1/candidate_v3/reference-diagnostic_deep.json.gz,measurement_support,"Evidence/manifest/CSV, isolated driver or verification helper; not production patch"
A,doc/performance_experiments/raw/phase3d1/candidate_v3/reference-diagnostic_defender.json.gz,measurement_support,"Evidence/manifest/CSV, isolated driver or verification helper; not production patch"
A,doc/performance_experiments/raw/phase3d1/candidate_v3/reference-diagnostic_editor.json.gz,measurement_support,"Evidence/manifest/CSV, isolated driver or verification helper; not production patch"
A,doc/performance_experiments/raw/phase3d1/candidate_v3/reference-diagnostic_proof_off.json.gz,measurement_support,"Evidence/manifest/CSV, isolated driver or verification helper; not production patch"
A,doc/performance_experiments/raw/phase3d1/candidate_v3/reference-diagnostic_proof_on.json.gz,measurement_support,"Evidence/manifest/CSV, isolated driver or verification helper; not production patch"
A,doc/performance_experiments/raw/phase3d1/candidate_v3/reference-diagnostic_shallow.json.gz,measurement_support,"Evidence/manifest/CSV, isolated driver or verification helper; not production patch"
A,doc/performance_experiments/raw/phase3d1/candidate_v3/reference-diagnostic_visible.json.gz,measurement_support,"Evidence/manifest/CSV, isolated driver or verification helper; not production patch"
A,doc/performance_experiments/raw/phase3d1/candidate_v3/reference-diagnostic_warm.json.gz,measurement_support,"Evidence/manifest/CSV, isolated driver or verification helper; not production patch"
A,doc/performance_experiments/raw/phase3d1/candidate_v3/rollback_unit_diagnostic.json.gz,measurement_support,"Evidence/manifest/CSV, isolated driver or verification helper; not production patch"
A,doc/performance_experiments/raw/phase3d1/candidate_v3/rollback_unit_reference-diagnostic.json.gz,measurement_support,"Evidence/manifest/CSV, isolated driver or verification helper; not production patch"
A,doc/performance_experiments/raw/phase3d1/candidate_v3/rollback_unit_release.json.gz,measurement_support,"Evidence/manifest/CSV, isolated driver or verification helper; not production patch"
A,doc/performance_experiments/raw/phase3d1/candidate_v3/rollback_unit_verify.json.gz,measurement_support,"Evidence/manifest/CSV, isolated driver or verification helper; not production patch"
A,doc/performance_experiments/raw/phase3d1/candidate_v3/unit_diagnostic.json.gz,measurement_support,"Evidence/manifest/CSV, isolated driver or verification helper; not production patch"
A,doc/performance_experiments/raw/phase3d1/candidate_v3/unit_reference-diagnostic.json.gz,measurement_support,"Evidence/manifest/CSV, isolated driver or verification helper; not production patch"
A,doc/performance_experiments/raw/phase3d1/candidate_v3/unit_release.json.gz,measurement_support,"Evidence/manifest/CSV, isolated driver or verification helper; not production patch"
A,doc/performance_experiments/raw/phase3d1/candidate_v3/unit_verify.json.gz,measurement_support,"Evidence/manifest/CSV, isolated driver or verification helper; not production patch"
A,doc/performance_experiments/raw/phase3d1/candidate_v3/verify_cycle.json.gz,measurement_support,"Evidence/manifest/CSV, isolated driver or verification helper; not production patch"
A,doc/performance_experiments/raw/phase3d1/candidate_v3/verify_deep.json.gz,measurement_support,"Evidence/manifest/CSV, isolated driver or verification helper; not production patch"
A,doc/performance_experiments/raw/phase3d1/candidate_v3/verify_defender.json.gz,measurement_support,"Evidence/manifest/CSV, isolated driver or verification helper; not production patch"
A,doc/performance_experiments/raw/phase3d1/candidate_v3/verify_editor.json.gz,measurement_support,"Evidence/manifest/CSV, isolated driver or verification helper; not production patch"
A,doc/performance_experiments/raw/phase3d1/candidate_v3/verify_proof_off.json.gz,measurement_support,"Evidence/manifest/CSV, isolated driver or verification helper; not production patch"
A,doc/performance_experiments/raw/phase3d1/candidate_v3/verify_proof_on.json.gz,measurement_support,"Evidence/manifest/CSV, isolated driver or verification helper; not production patch"
A,doc/performance_experiments/raw/phase3d1/candidate_v3/verify_python_solver.json.gz,measurement_support,"Evidence/manifest/CSV, isolated driver or verification helper; not production patch"
A,doc/performance_experiments/raw/phase3d1/candidate_v3/verify_shallow.json.gz,measurement_support,"Evidence/manifest/CSV, isolated driver or verification helper; not production patch"
A,doc/performance_experiments/raw/phase3d1/candidate_v3/verify_special_final_round_false.json.gz,measurement_support,"Evidence/manifest/CSV, isolated driver or verification helper; not production patch"
A,doc/performance_experiments/raw/phase3d1/candidate_v3/verify_special_final_round_true.json.gz,measurement_support,"Evidence/manifest/CSV, isolated driver or verification helper; not production patch"
A,doc/performance_experiments/raw/phase3d1/candidate_v3/verify_special_gold_payment_false.json.gz,measurement_support,"Evidence/manifest/CSV, isolated driver or verification helper; not production patch"
A,doc/performance_experiments/raw/phase3d1/candidate_v3/verify_special_gold_payment_true.json.gz,measurement_support,"Evidence/manifest/CSV, isolated driver or verification helper; not production patch"
A,doc/performance_experiments/raw/phase3d1/candidate_v3/verify_special_multi_noble_false.json.gz,measurement_support,"Evidence/manifest/CSV, isolated driver or verification helper; not production patch"
A,doc/performance_experiments/raw/phase3d1/candidate_v3/verify_special_multi_noble_true.json.gz,measurement_support,"Evidence/manifest/CSV, isolated driver or verification helper; not production patch"
A,doc/performance_experiments/raw/phase3d1/candidate_v3/verify_special_reserve_limit_false.json.gz,measurement_support,"Evidence/manifest/CSV, isolated driver or verification helper; not production patch"
A,doc/performance_experiments/raw/phase3d1/candidate_v3/verify_special_reserve_limit_true.json.gz,measurement_support,"Evidence/manifest/CSV, isolated driver or verification helper; not production patch"
A,doc/performance_experiments/raw/phase3d1/candidate_v3/verify_special_token_return_false.json.gz,measurement_support,"Evidence/manifest/CSV, isolated driver or verification helper; not production patch"
A,doc/performance_experiments/raw/phase3d1/candidate_v3/verify_special_token_return_true.json.gz,measurement_support,"Evidence/manifest/CSV, isolated driver or verification helper; not production patch"
A,doc/performance_experiments/raw/phase3d1/candidate_v3/verify_visible.json.gz,measurement_support,"Evidence/manifest/CSV, isolated driver or verification helper; not production patch"
A,doc/performance_experiments/raw/phase3d1/candidate_v3/verify_warm.json.gz,measurement_support,"Evidence/manifest/CSV, isolated driver or verification helper; not production patch"
A,doc/performance_experiments/raw/phase3d1/configure_asan.json.gz,measurement_support,"Evidence/manifest/CSV, isolated driver or verification helper; not production patch"
A,doc/performance_experiments/raw/phase3d1/configure_deploy.json.gz,measurement_support,"Evidence/manifest/CSV, isolated driver or verification helper; not production patch"
A,doc/performance_experiments/raw/phase3d1/configure_deploy_v2.json.gz,measurement_support,"Evidence/manifest/CSV, isolated driver or verification helper; not production patch"
A,doc/performance_experiments/raw/phase3d1/configure_diagnostic.json.gz,measurement_support,"Evidence/manifest/CSV, isolated driver or verification helper; not production patch"
A,doc/performance_experiments/raw/phase3d1/configure_native_proof_A.json.gz,measurement_support,"Evidence/manifest/CSV, isolated driver or verification helper; not production patch"
A,doc/performance_experiments/raw/phase3d1/configure_native_proof_B.json.gz,measurement_support,"Evidence/manifest/CSV, isolated driver or verification helper; not production patch"
A,doc/performance_experiments/raw/phase3d1/configure_reference-diagnostic.json.gz,measurement_support,"Evidence/manifest/CSV, isolated driver or verification helper; not production patch"
A,doc/performance_experiments/raw/phase3d1/configure_release.json.gz,measurement_support,"Evidence/manifest/CSV, isolated driver or verification helper; not production patch"
A,doc/performance_experiments/raw/phase3d1/configure_verify.json.gz,measurement_support,"Evidence/manifest/CSV, isolated driver or verification helper; not production patch"
A,doc/performance_experiments/raw/phase3d1/configure_verify_python.json.gz,measurement_support,"Evidence/manifest/CSV, isolated driver or verification helper; not production patch"
A,doc/performance_experiments/raw/phase3d1/deployment_benchmark_identity.json.gz,measurement_support,"Evidence/manifest/CSV, isolated driver or verification helper; not production patch"
A,doc/performance_experiments/raw/phase3d1/deployment_benchmark_identity_v2.json.gz,measurement_support,"Evidence/manifest/CSV, isolated driver or verification helper; not production patch"
A,doc/performance_experiments/raw/phase3d1/diagnostic_cycle.json.gz,measurement_support,"Evidence/manifest/CSV, isolated driver or verification helper; not production patch"
A,doc/performance_experiments/raw/phase3d1/diagnostic_deep.json.gz,measurement_support,"Evidence/manifest/CSV, isolated driver or verification helper; not production patch"
A,doc/performance_experiments/raw/phase3d1/diagnostic_defender.json.gz,measurement_support,"Evidence/manifest/CSV, isolated driver or verification helper; not production patch"
A,doc/performance_experiments/raw/phase3d1/diagnostic_editor.json.gz,measurement_support,"Evidence/manifest/CSV, isolated driver or verification helper; not production patch"
A,doc/performance_experiments/raw/phase3d1/diagnostic_proof_off.json.gz,measurement_support,"Evidence/manifest/CSV, isolated driver or verification helper; not production patch"
A,doc/performance_experiments/raw/phase3d1/diagnostic_proof_on.json.gz,measurement_support,"Evidence/manifest/CSV, isolated driver or verification helper; not production patch"
A,doc/performance_experiments/raw/phase3d1/diagnostic_shallow.json.gz,measurement_support,"Evidence/manifest/CSV, isolated driver or verification helper; not production patch"
A,doc/performance_experiments/raw/phase3d1/diagnostic_visible.json.gz,measurement_support,"Evidence/manifest/CSV, isolated driver or verification helper; not production patch"
A,doc/performance_experiments/raw/phase3d1/diagnostic_warm.json.gz,measurement_support,"Evidence/manifest/CSV, isolated driver or verification helper; not production patch"
A,doc/performance_experiments/raw/phase3d1/final_build_provenance.json.gz,measurement_support,"Evidence/manifest/CSV, isolated driver or verification helper; not production patch"
A,doc/performance_experiments/raw/phase3d1/final_review_diff_check.json.gz,measurement_support,"Evidence/manifest/CSV, isolated driver or verification helper; not production patch"
A,doc/performance_experiments/raw/phase3d1/formal_cycle.json.gz,measurement_support,"Evidence/manifest/CSV, isolated driver or verification helper; not production patch"
A,doc/performance_experiments/raw/phase3d1/formal_cycle_invocation.json.gz,measurement_support,"Evidence/manifest/CSV, isolated driver or verification helper; not production patch"
A,doc/performance_experiments/raw/phase3d1/formal_deep.json.gz,measurement_support,"Evidence/manifest/CSV, isolated driver or verification helper; not production patch"
A,doc/performance_experiments/raw/phase3d1/formal_deep_invocation.json.gz,measurement_support,"Evidence/manifest/CSV, isolated driver or verification helper; not production patch"
A,doc/performance_experiments/raw/phase3d1/formal_defender.json.gz,measurement_support,"Evidence/manifest/CSV, isolated driver or verification helper; not production patch"
A,doc/performance_experiments/raw/phase3d1/formal_defender_invocation.json.gz,measurement_support,"Evidence/manifest/CSV, isolated driver or verification helper; not production patch"
A,doc/performance_experiments/raw/phase3d1/formal_editor.json.gz,measurement_support,"Evidence/manifest/CSV, isolated driver or verification helper; not production patch"
A,doc/performance_experiments/raw/phase3d1/formal_editor_invocation.json.gz,measurement_support,"Evidence/manifest/CSV, isolated driver or verification helper; not production patch"
A,doc/performance_experiments/raw/phase3d1/formal_proof_off.json.gz,measurement_support,"Evidence/manifest/CSV, isolated driver or verification helper; not production patch"
A,doc/performance_experiments/raw/phase3d1/formal_proof_off_invocation.json.gz,measurement_support,"Evidence/manifest/CSV, isolated driver or verification helper; not production patch"
A,doc/performance_experiments/raw/phase3d1/formal_proof_on.json.gz,measurement_support,"Evidence/manifest/CSV, isolated driver or verification helper; not production patch"
A,doc/performance_experiments/raw/phase3d1/formal_proof_on_invocation.json.gz,measurement_support,"Evidence/manifest/CSV, isolated driver or verification helper; not production patch"
A,doc/performance_experiments/raw/phase3d1/formal_shallow.json.gz,measurement_support,"Evidence/manifest/CSV, isolated driver or verification helper; not production patch"
A,doc/performance_experiments/raw/phase3d1/formal_shallow_invocation.json.gz,measurement_support,"Evidence/manifest/CSV, isolated driver or verification helper; not production patch"
A,doc/performance_experiments/raw/phase3d1/formal_visible.json.gz,measurement_support,"Evidence/manifest/CSV, isolated driver or verification helper; not production patch"
A,doc/performance_experiments/raw/phase3d1/formal_visible_invocation.json.gz,measurement_support,"Evidence/manifest/CSV, isolated driver or verification helper; not production patch"
A,doc/performance_experiments/raw/phase3d1/formal_warm.json.gz,measurement_support,"Evidence/manifest/CSV, isolated driver or verification helper; not production patch"
A,doc/performance_experiments/raw/phase3d1/formal_warm_invocation.json.gz,measurement_support,"Evidence/manifest/CSV, isolated driver or verification helper; not production patch"
A,doc/performance_experiments/raw/phase3d1/hardware_perf_probe.json.gz,measurement_support,"Evidence/manifest/CSV, isolated driver or verification helper; not production patch"
A,doc/performance_experiments/raw/phase3d1/hardware_perf_setting.json.gz,measurement_support,"Evidence/manifest/CSV, isolated driver or verification helper; not production patch"
A,doc/performance_experiments/raw/phase3d1/holdout_deep.json.gz,measurement_support,"Evidence/manifest/CSV, isolated driver or verification helper; not production patch"
A,doc/performance_experiments/raw/phase3d1/holdout_deep_invocation.json.gz,measurement_support,"Evidence/manifest/CSV, isolated driver or verification helper; not production patch"
A,doc/performance_experiments/raw/phase3d1/holdout_proof_off.json.gz,measurement_support,"Evidence/manifest/CSV, isolated driver or verification helper; not production patch"
A,doc/performance_experiments/raw/phase3d1/holdout_proof_off_invocation.json.gz,measurement_support,"Evidence/manifest/CSV, isolated driver or verification helper; not production patch"
A,doc/performance_experiments/raw/phase3d1/holdout_proof_on.json.gz,measurement_support,"Evidence/manifest/CSV, isolated driver or verification helper; not production patch"
A,doc/performance_experiments/raw/phase3d1/holdout_proof_on_invocation.json.gz,measurement_support,"Evidence/manifest/CSV, isolated driver or verification helper; not production patch"
A,doc/performance_experiments/raw/phase3d1/holdout_shallow.json.gz,measurement_support,"Evidence/manifest/CSV, isolated driver or verification helper; not production patch"
A,doc/performance_experiments/raw/phase3d1/holdout_shallow_invocation.json.gz,measurement_support,"Evidence/manifest/CSV, isolated driver or verification helper; not production patch"
A,doc/performance_experiments/raw/phase3d1/holdout_visible.json.gz,measurement_support,"Evidence/manifest/CSV, isolated driver or verification helper; not production patch"
A,doc/performance_experiments/raw/phase3d1/holdout_visible_invocation.json.gz,measurement_support,"Evidence/manifest/CSV, isolated driver or verification helper; not production patch"
A,doc/performance_experiments/raw/phase3d1/mechanism_diagnostic.json.gz,measurement_support,"Evidence/manifest/CSV, isolated driver or verification helper; not production patch"
A,doc/performance_experiments/raw/phase3d1/mechanism_reference-diagnostic.json.gz,measurement_support,"Evidence/manifest/CSV, isolated driver or verification helper; not production patch"
A,doc/performance_experiments/raw/phase3d1/native_full.json.gz,measurement_support,"Evidence/manifest/CSV, isolated driver or verification helper; not production patch"
A,doc/performance_experiments/raw/phase3d1/native_full_v2.json.gz,measurement_support,"Evidence/manifest/CSV, isolated driver or verification helper; not production patch"
A,doc/performance_experiments/raw/phase3d1/native_holdout_proof_batch_off.json.gz,measurement_support,"Evidence/manifest/CSV, isolated driver or verification helper; not production patch"
A,doc/performance_experiments/raw/phase3d1/native_holdout_proof_batch_off_invocation.json.gz,measurement_support,"Evidence/manifest/CSV, isolated driver or verification helper; not production patch"
A,doc/performance_experiments/raw/phase3d1/native_holdout_proof_batch_on.json.gz,measurement_support,"Evidence/manifest/CSV, isolated driver or verification helper; not production patch"
A,doc/performance_experiments/raw/phase3d1/native_holdout_proof_batch_on_invocation.json.gz,measurement_support,"Evidence/manifest/CSV, isolated driver or verification helper; not production patch"
A,doc/performance_experiments/raw/phase3d1/native_proof_batch_off.json.gz,measurement_support,"Evidence/manifest/CSV, isolated driver or verification helper; not production patch"
A,doc/performance_experiments/raw/phase3d1/native_proof_batch_off_invocation.json.gz,measurement_support,"Evidence/manifest/CSV, isolated driver or verification helper; not production patch"
A,doc/performance_experiments/raw/phase3d1/native_proof_batch_on.json.gz,measurement_support,"Evidence/manifest/CSV, isolated driver or verification helper; not production patch"
A,doc/performance_experiments/raw/phase3d1/native_proof_batch_on_invocation.json.gz,measurement_support,"Evidence/manifest/CSV, isolated driver or verification helper; not production patch"
A,doc/performance_experiments/raw/phase3d1/native_proof_batch_shallow.json.gz,measurement_support,"Evidence/manifest/CSV, isolated driver or verification helper; not production patch"
A,doc/performance_experiments/raw/phase3d1/native_proof_batch_shallow_invocation.json.gz,measurement_support,"Evidence/manifest/CSV, isolated driver or verification helper; not production patch"
A,doc/performance_experiments/raw/phase3d1/prototype_v1_sources.json.gz,measurement_support,"Evidence/manifest/CSV, isolated driver or verification helper; not production patch"
A,doc/performance_experiments/raw/phase3d1/prototype_v2_sources.json.gz,measurement_support,"Evidence/manifest/CSV, isolated driver or verification helper; not production patch"
A,doc/performance_experiments/raw/phase3d1/python_compile_v2.json.gz,measurement_support,"Evidence/manifest/CSV, isolated driver or verification helper; not production patch"
A,doc/performance_experiments/raw/phase3d1/python_full.json.gz,measurement_support,"Evidence/manifest/CSV, isolated driver or verification helper; not production patch"
A,doc/performance_experiments/raw/phase3d1/python_full_v2.json.gz,measurement_support,"Evidence/manifest/CSV, isolated driver or verification helper; not production patch"
A,doc/performance_experiments/raw/phase3d1/python_performance_v2.json.gz,measurement_support,"Evidence/manifest/CSV, isolated driver or verification helper; not production patch"
A,doc/performance_experiments/raw/phase3d1/reference-diagnostic_cycle.json.gz,measurement_support,"Evidence/manifest/CSV, isolated driver or verification helper; not production patch"
A,doc/performance_experiments/raw/phase3d1/reference-diagnostic_deep.json.gz,measurement_support,"Evidence/manifest/CSV, isolated driver or verification helper; not production patch"
A,doc/performance_experiments/raw/phase3d1/reference-diagnostic_defender.json.gz,measurement_support,"Evidence/manifest/CSV, isolated driver or verification helper; not production patch"
A,doc/performance_experiments/raw/phase3d1/reference-diagnostic_editor.json.gz,measurement_support,"Evidence/manifest/CSV, isolated driver or verification helper; not production patch"
A,doc/performance_experiments/raw/phase3d1/reference-diagnostic_proof_off.json.gz,measurement_support,"Evidence/manifest/CSV, isolated driver or verification helper; not production patch"
A,doc/performance_experiments/raw/phase3d1/reference-diagnostic_proof_on.json.gz,measurement_support,"Evidence/manifest/CSV, isolated driver or verification helper; not production patch"
A,doc/performance_experiments/raw/phase3d1/reference-diagnostic_shallow.json.gz,measurement_support,"Evidence/manifest/CSV, isolated driver or verification helper; not production patch"
A,doc/performance_experiments/raw/phase3d1/reference-diagnostic_visible.json.gz,measurement_support,"Evidence/manifest/CSV, isolated driver or verification helper; not production patch"
A,doc/performance_experiments/raw/phase3d1/reference-diagnostic_warm.json.gz,measurement_support,"Evidence/manifest/CSV, isolated driver or verification helper; not production patch"
A,doc/performance_experiments/raw/phase3d1/rollback_unit_diagnostic.json.gz,measurement_support,"Evidence/manifest/CSV, isolated driver or verification helper; not production patch"
A,doc/performance_experiments/raw/phase3d1/rollback_unit_reference-diagnostic.json.gz,measurement_support,"Evidence/manifest/CSV, isolated driver or verification helper; not production patch"
A,doc/performance_experiments/raw/phase3d1/rollback_unit_release.json.gz,measurement_support,"Evidence/manifest/CSV, isolated driver or verification helper; not production patch"
A,doc/performance_experiments/raw/phase3d1/rollback_unit_verify.json.gz,measurement_support,"Evidence/manifest/CSV, isolated driver or verification helper; not production patch"
A,doc/performance_experiments/raw/phase3d1/rollback_unit_verify_v2.json.gz,measurement_support,"Evidence/manifest/CSV, isolated driver or verification helper; not production patch"
A,doc/performance_experiments/raw/phase3d1/smoke_deep.json.gz,measurement_support,"Evidence/manifest/CSV, isolated driver or verification helper; not production patch"
A,doc/performance_experiments/raw/phase3d1/smoke_deep_invocation.json.gz,measurement_support,"Evidence/manifest/CSV, isolated driver or verification helper; not production patch"
A,doc/performance_experiments/raw/phase3d1/smoke_visible.json.gz,measurement_support,"Evidence/manifest/CSV, isolated driver or verification helper; not production patch"
A,doc/performance_experiments/raw/phase3d1/smoke_visible_invocation.json.gz,measurement_support,"Evidence/manifest/CSV, isolated driver or verification helper; not production patch"
A,doc/performance_experiments/raw/phase3d1/starting_worktrees.json.gz,measurement_support,"Evidence/manifest/CSV, isolated driver or verification helper; not production patch"
A,doc/performance_experiments/raw/phase3d1/unit_diagnostic.json.gz,measurement_support,"Evidence/manifest/CSV, isolated driver or verification helper; not production patch"
A,doc/performance_experiments/raw/phase3d1/unit_reference-diagnostic.json.gz,measurement_support,"Evidence/manifest/CSV, isolated driver or verification helper; not production patch"
A,doc/performance_experiments/raw/phase3d1/unit_release.json.gz,measurement_support,"Evidence/manifest/CSV, isolated driver or verification helper; not production patch"
A,doc/performance_experiments/raw/phase3d1/unit_smoke.json.gz,measurement_support,"Evidence/manifest/CSV, isolated driver or verification helper; not production patch"
A,doc/performance_experiments/raw/phase3d1/unit_verify.json.gz,measurement_support,"Evidence/manifest/CSV, isolated driver or verification helper; not production patch"
A,doc/performance_experiments/raw/phase3d1/verify_cycle.json.gz,measurement_support,"Evidence/manifest/CSV, isolated driver or verification helper; not production patch"
A,doc/performance_experiments/raw/phase3d1/verify_deep.json.gz,measurement_support,"Evidence/manifest/CSV, isolated driver or verification helper; not production patch"
A,doc/performance_experiments/raw/phase3d1/verify_defender.json.gz,measurement_support,"Evidence/manifest/CSV, isolated driver or verification helper; not production patch"
A,doc/performance_experiments/raw/phase3d1/verify_editor.json.gz,measurement_support,"Evidence/manifest/CSV, isolated driver or verification helper; not production patch"
A,doc/performance_experiments/raw/phase3d1/verify_proof_off.json.gz,measurement_support,"Evidence/manifest/CSV, isolated driver or verification helper; not production patch"
A,doc/performance_experiments/raw/phase3d1/verify_proof_on.json.gz,measurement_support,"Evidence/manifest/CSV, isolated driver or verification helper; not production patch"
A,doc/performance_experiments/raw/phase3d1/verify_python_solver.json.gz,measurement_support,"Evidence/manifest/CSV, isolated driver or verification helper; not production patch"
A,doc/performance_experiments/raw/phase3d1/verify_shallow.json.gz,measurement_support,"Evidence/manifest/CSV, isolated driver or verification helper; not production patch"
A,doc/performance_experiments/raw/phase3d1/verify_special_final_round_false.json.gz,measurement_support,"Evidence/manifest/CSV, isolated driver or verification helper; not production patch"
A,doc/performance_experiments/raw/phase3d1/verify_special_final_round_true.json.gz,measurement_support,"Evidence/manifest/CSV, isolated driver or verification helper; not production patch"
A,doc/performance_experiments/raw/phase3d1/verify_special_gold_payment_false.json.gz,measurement_support,"Evidence/manifest/CSV, isolated driver or verification helper; not production patch"
A,doc/performance_experiments/raw/phase3d1/verify_special_gold_payment_true.json.gz,measurement_support,"Evidence/manifest/CSV, isolated driver or verification helper; not production patch"
A,doc/performance_experiments/raw/phase3d1/verify_special_multi_noble_false.json.gz,measurement_support,"Evidence/manifest/CSV, isolated driver or verification helper; not production patch"
A,doc/performance_experiments/raw/phase3d1/verify_special_multi_noble_true.json.gz,measurement_support,"Evidence/manifest/CSV, isolated driver or verification helper; not production patch"
A,doc/performance_experiments/raw/phase3d1/verify_special_reserve_limit_false.json.gz,measurement_support,"Evidence/manifest/CSV, isolated driver or verification helper; not production patch"
A,doc/performance_experiments/raw/phase3d1/verify_special_reserve_limit_true.json.gz,measurement_support,"Evidence/manifest/CSV, isolated driver or verification helper; not production patch"
A,doc/performance_experiments/raw/phase3d1/verify_special_token_return_false.json.gz,measurement_support,"Evidence/manifest/CSV, isolated driver or verification helper; not production patch"
A,doc/performance_experiments/raw/phase3d1/verify_special_token_return_true.json.gz,measurement_support,"Evidence/manifest/CSV, isolated driver or verification helper; not production patch"
A,doc/performance_experiments/raw/phase3d1/verify_visible.json.gz,measurement_support,"Evidence/manifest/CSV, isolated driver or verification helper; not production patch"
A,doc/performance_experiments/raw/phase3d1/verify_warm.json.gz,measurement_support,"Evidence/manifest/CSV, isolated driver or verification helper; not production patch"
A,doc/performance_experiments/raw/phase3d2/final/benchmark_tool_tests.json.gz,measurement_support,"Evidence/manifest/CSV, isolated driver or verification helper; not production patch"
A,doc/performance_experiments/raw/phase3d2/final/build_diagnostic.json.gz,measurement_support,"Evidence/manifest/CSV, isolated driver or verification helper; not production patch"
A,doc/performance_experiments/raw/phase3d2/final/build_purchase_cost_diagnostic.json.gz,measurement_support,"Evidence/manifest/CSV, isolated driver or verification helper; not production patch"
A,doc/performance_experiments/raw/phase3d2/final/build_purchase_cost_verify.json.gz,measurement_support,"Evidence/manifest/CSV, isolated driver or verification helper; not production patch"
A,doc/performance_experiments/raw/phase3d2/final/build_reference-diagnostic.json.gz,measurement_support,"Evidence/manifest/CSV, isolated driver or verification helper; not production patch"
A,doc/performance_experiments/raw/phase3d2/final/build_release.json.gz,measurement_support,"Evidence/manifest/CSV, isolated driver or verification helper; not production patch"
A,doc/performance_experiments/raw/phase3d2/final/build_verify.json.gz,measurement_support,"Evidence/manifest/CSV, isolated driver or verification helper; not production patch"
A,doc/performance_experiments/raw/phase3d2/final/configure_diagnostic.json.gz,measurement_support,"Evidence/manifest/CSV, isolated driver or verification helper; not production patch"
A,doc/performance_experiments/raw/phase3d2/final/configure_purchase_cost_diagnostic.json.gz,measurement_support,"Evidence/manifest/CSV, isolated driver or verification helper; not production patch"
A,doc/performance_experiments/raw/phase3d2/final/configure_purchase_cost_verify.json.gz,measurement_support,"Evidence/manifest/CSV, isolated driver or verification helper; not production patch"
A,doc/performance_experiments/raw/phase3d2/final/configure_reference-diagnostic.json.gz,measurement_support,"Evidence/manifest/CSV, isolated driver or verification helper; not production patch"
A,doc/performance_experiments/raw/phase3d2/final/configure_release.json.gz,measurement_support,"Evidence/manifest/CSV, isolated driver or verification helper; not production patch"
A,doc/performance_experiments/raw/phase3d2/final/configure_verify.json.gz,measurement_support,"Evidence/manifest/CSV, isolated driver or verification helper; not production patch"
A,doc/performance_experiments/raw/phase3d2/final/deployment_binary_identity.json.gz,measurement_support,"Evidence/manifest/CSV, isolated driver or verification helper; not production patch"
A,doc/performance_experiments/raw/phase3d2/final/diagnostic_cycle.json.gz,measurement_support,"Evidence/manifest/CSV, isolated driver or verification helper; not production patch"
A,doc/performance_experiments/raw/phase3d2/final/diagnostic_deep.json.gz,measurement_support,"Evidence/manifest/CSV, isolated driver or verification helper; not production patch"
A,doc/performance_experiments/raw/phase3d2/final/diagnostic_defender.json.gz,measurement_support,"Evidence/manifest/CSV, isolated driver or verification helper; not production patch"
A,doc/performance_experiments/raw/phase3d2/final/diagnostic_editor.json.gz,measurement_support,"Evidence/manifest/CSV, isolated driver or verification helper; not production patch"
A,doc/performance_experiments/raw/phase3d2/final/diagnostic_proof_off.json.gz,measurement_support,"Evidence/manifest/CSV, isolated driver or verification helper; not production patch"
A,doc/performance_experiments/raw/phase3d2/final/diagnostic_proof_on.json.gz,measurement_support,"Evidence/manifest/CSV, isolated driver or verification helper; not production patch"
A,doc/performance_experiments/raw/phase3d2/final/diagnostic_shallow.json.gz,measurement_support,"Evidence/manifest/CSV, isolated driver or verification helper; not production patch"
A,doc/performance_experiments/raw/phase3d2/final/diagnostic_solver_components_unit.json.gz,measurement_support,"Evidence/manifest/CSV, isolated driver or verification helper; not production patch"
A,doc/performance_experiments/raw/phase3d2/final/diagnostic_solver_normal_rollback_unit.json.gz,measurement_support,"Evidence/manifest/CSV, isolated driver or verification helper; not production patch"
A,doc/performance_experiments/raw/phase3d2/final/diagnostic_visible.json.gz,measurement_support,"Evidence/manifest/CSV, isolated driver or verification helper; not production patch"
A,doc/performance_experiments/raw/phase3d2/final/diagnostic_warm.json.gz,measurement_support,"Evidence/manifest/CSV, isolated driver or verification helper; not production patch"
A,doc/performance_experiments/raw/phase3d2/final/final_build_provenance.json.gz,measurement_support,"Evidence/manifest/CSV, isolated driver or verification helper; not production patch"
A,doc/performance_experiments/raw/phase3d2/final/final_preprocessor_build_diagnostic.json.gz,measurement_support,"Evidence/manifest/CSV, isolated driver or verification helper; not production patch"
A,doc/performance_experiments/raw/phase3d2/final/final_preprocessor_build_reference-diagnostic.json.gz,measurement_support,"Evidence/manifest/CSV, isolated driver or verification helper; not production patch"
A,doc/performance_experiments/raw/phase3d2/final/final_preprocessor_build_release.json.gz,measurement_support,"Evidence/manifest/CSV, isolated driver or verification helper; not production patch"
A,doc/performance_experiments/raw/phase3d2/final/final_preprocessor_build_verify.json.gz,measurement_support,"Evidence/manifest/CSV, isolated driver or verification helper; not production patch"
A,doc/performance_experiments/raw/phase3d2/final/final_preprocessor_identity.json.gz,measurement_support,"Evidence/manifest/CSV, isolated driver or verification helper; not production patch"
A,doc/performance_experiments/raw/phase3d2/final/final_preprocessor_unit_diagnostic.json.gz,measurement_support,"Evidence/manifest/CSV, isolated driver or verification helper; not production patch"
A,doc/performance_experiments/raw/phase3d2/final/final_preprocessor_unit_reference-diagnostic.json.gz,measurement_support,"Evidence/manifest/CSV, isolated driver or verification helper; not production patch"
A,doc/performance_experiments/raw/phase3d2/final/final_preprocessor_unit_release.json.gz,measurement_support,"Evidence/manifest/CSV, isolated driver or verification helper; not production patch"
A,doc/performance_experiments/raw/phase3d2/final/final_preprocessor_unit_verify.json.gz,measurement_support,"Evidence/manifest/CSV, isolated driver or verification helper; not production patch"
A,doc/performance_experiments/raw/phase3d2/final/hardware_perf_check.json.gz,measurement_support,"Evidence/manifest/CSV, isolated driver or verification helper; not production patch"
A,doc/performance_experiments/raw/phase3d2/final/purchase_cost_diagnostic_five_moves.json.gz,measurement_support,"Evidence/manifest/CSV, isolated driver or verification helper; not production patch"
A,doc/performance_experiments/raw/phase3d2/final/purchase_cost_diagnostic_hidden_reserve.json.gz,measurement_support,"Evidence/manifest/CSV, isolated driver or verification helper; not production patch"
A,doc/performance_experiments/raw/phase3d2/final/purchase_cost_diagnostic_reveal_heavy.json.gz,measurement_support,"Evidence/manifest/CSV, isolated driver or verification helper; not production patch"
A,doc/performance_experiments/raw/phase3d2/final/purchase_cost_verify_five_moves.json.gz,measurement_support,"Evidence/manifest/CSV, isolated driver or verification helper; not production patch"
A,doc/performance_experiments/raw/phase3d2/final/purchase_cost_verify_hidden_reserve.json.gz,measurement_support,"Evidence/manifest/CSV, isolated driver or verification helper; not production patch"
A,doc/performance_experiments/raw/phase3d2/final/purchase_cost_verify_reveal_heavy.json.gz,measurement_support,"Evidence/manifest/CSV, isolated driver or verification helper; not production patch"
A,doc/performance_experiments/raw/phase3d2/final/reference-diagnostic_cycle.json.gz,measurement_support,"Evidence/manifest/CSV, isolated driver or verification helper; not production patch"
A,doc/performance_experiments/raw/phase3d2/final/reference-diagnostic_deep.json.gz,measurement_support,"Evidence/manifest/CSV, isolated driver or verification helper; not production patch"
A,doc/performance_experiments/raw/phase3d2/final/reference-diagnostic_defender.json.gz,measurement_support,"Evidence/manifest/CSV, isolated driver or verification helper; not production patch"
A,doc/performance_experiments/raw/phase3d2/final/reference-diagnostic_editor.json.gz,measurement_support,"Evidence/manifest/CSV, isolated driver or verification helper; not production patch"
A,doc/performance_experiments/raw/phase3d2/final/reference-diagnostic_proof_off.json.gz,measurement_support,"Evidence/manifest/CSV, isolated driver or verification helper; not production patch"
A,doc/performance_experiments/raw/phase3d2/final/reference-diagnostic_proof_on.json.gz,measurement_support,"Evidence/manifest/CSV, isolated driver or verification helper; not production patch"
A,doc/performance_experiments/raw/phase3d2/final/reference-diagnostic_shallow.json.gz,measurement_support,"Evidence/manifest/CSV, isolated driver or verification helper; not production patch"
A,doc/performance_experiments/raw/phase3d2/final/reference-diagnostic_solver_components_unit.json.gz,measurement_support,"Evidence/manifest/CSV, isolated driver or verification helper; not production patch"
A,doc/performance_experiments/raw/phase3d2/final/reference-diagnostic_solver_normal_rollback_unit.json.gz,measurement_support,"Evidence/manifest/CSV, isolated driver or verification helper; not production patch"
A,doc/performance_experiments/raw/phase3d2/final/reference-diagnostic_visible.json.gz,measurement_support,"Evidence/manifest/CSV, isolated driver or verification helper; not production patch"
A,doc/performance_experiments/raw/phase3d2/final/reference-diagnostic_warm.json.gz,measurement_support,"Evidence/manifest/CSV, isolated driver or verification helper; not production patch"
A,doc/performance_experiments/raw/phase3d2/final/release_solver_components_unit.json.gz,measurement_support,"Evidence/manifest/CSV, isolated driver or verification helper; not production patch"
A,doc/performance_experiments/raw/phase3d2/final/release_solver_normal_rollback_unit.json.gz,measurement_support,"Evidence/manifest/CSV, isolated driver or verification helper; not production patch"
A,doc/performance_experiments/raw/phase3d2/final/retained_asan_native_full.json.gz,measurement_support,"Evidence/manifest/CSV, isolated driver or verification helper; not production patch"
A,doc/performance_experiments/raw/phase3d2/final/retained_build_asan.json.gz,measurement_support,"Evidence/manifest/CSV, isolated driver or verification helper; not production patch"
A,doc/performance_experiments/raw/phase3d2/final/retained_build_deploy.json.gz,measurement_support,"Evidence/manifest/CSV, isolated driver or verification helper; not production patch"
A,doc/performance_experiments/raw/phase3d2/final/retained_build_verify_python.json.gz,measurement_support,"Evidence/manifest/CSV, isolated driver or verification helper; not production patch"
A,doc/performance_experiments/raw/phase3d2/final/retained_configure_asan.json.gz,measurement_support,"Evidence/manifest/CSV, isolated driver or verification helper; not production patch"
A,doc/performance_experiments/raw/phase3d2/final/retained_configure_deploy.json.gz,measurement_support,"Evidence/manifest/CSV, isolated driver or verification helper; not production patch"
A,doc/performance_experiments/raw/phase3d2/final/retained_configure_verify_python.json.gz,measurement_support,"Evidence/manifest/CSV, isolated driver or verification helper; not production patch"
A,doc/performance_experiments/raw/phase3d2/final/retained_deep.json.gz,measurement_support,"Evidence/manifest/CSV, isolated driver or verification helper; not production patch"
A,doc/performance_experiments/raw/phase3d2/final/retained_deep_invocation.json.gz,measurement_support,"Evidence/manifest/CSV, isolated driver or verification helper; not production patch"
A,doc/performance_experiments/raw/phase3d2/final/retained_diagnostic_cycle.json.gz,measurement_support,"Evidence/manifest/CSV, isolated driver or verification helper; not production patch"
A,doc/performance_experiments/raw/phase3d2/final/retained_diagnostic_deep.json.gz,measurement_support,"Evidence/manifest/CSV, isolated driver or verification helper; not production patch"
A,doc/performance_experiments/raw/phase3d2/final/retained_diagnostic_defender.json.gz,measurement_support,"Evidence/manifest/CSV, isolated driver or verification helper; not production patch"
A,doc/performance_experiments/raw/phase3d2/final/retained_diagnostic_editor.json.gz,measurement_support,"Evidence/manifest/CSV, isolated driver or verification helper; not production patch"
A,doc/performance_experiments/raw/phase3d2/final/retained_diagnostic_proof_off.json.gz,measurement_support,"Evidence/manifest/CSV, isolated driver or verification helper; not production patch"
A,doc/performance_experiments/raw/phase3d2/final/retained_diagnostic_proof_on.json.gz,measurement_support,"Evidence/manifest/CSV, isolated driver or verification helper; not production patch"
A,doc/performance_experiments/raw/phase3d2/final/retained_diagnostic_shallow.json.gz,measurement_support,"Evidence/manifest/CSV, isolated driver or verification helper; not production patch"
A,doc/performance_experiments/raw/phase3d2/final/retained_diagnostic_visible.json.gz,measurement_support,"Evidence/manifest/CSV, isolated driver or verification helper; not production patch"
A,doc/performance_experiments/raw/phase3d2/final/retained_diagnostic_warm.json.gz,measurement_support,"Evidence/manifest/CSV, isolated driver or verification helper; not production patch"
A,doc/performance_experiments/raw/phase3d2/final/retained_native_full.json.gz,measurement_support,"Evidence/manifest/CSV, isolated driver or verification helper; not production patch"
A,doc/performance_experiments/raw/phase3d2/final/retained_patch.diff.gz,measurement_support,"Evidence/manifest/CSV, isolated driver or verification helper; not production patch"
A,doc/performance_experiments/raw/phase3d2/final/retained_python_compile.json.gz,measurement_support,"Evidence/manifest/CSV, isolated driver or verification helper; not production patch"
A,doc/performance_experiments/raw/phase3d2/final/retained_python_full.json.gz,measurement_support,"Evidence/manifest/CSV, isolated driver or verification helper; not production patch"
A,doc/performance_experiments/raw/phase3d2/final/retained_python_performance.json.gz,measurement_support,"Evidence/manifest/CSV, isolated driver or verification helper; not production patch"
A,doc/performance_experiments/raw/phase3d2/final/retained_reference-diagnostic_cycle.json.gz,measurement_support,"Evidence/manifest/CSV, isolated driver or verification helper; not production patch"
A,doc/performance_experiments/raw/phase3d2/final/retained_reference-diagnostic_deep.json.gz,measurement_support,"Evidence/manifest/CSV, isolated driver or verification helper; not production patch"
A,doc/performance_experiments/raw/phase3d2/final/retained_reference-diagnostic_defender.json.gz,measurement_support,"Evidence/manifest/CSV, isolated driver or verification helper; not production patch"
A,doc/performance_experiments/raw/phase3d2/final/retained_reference-diagnostic_editor.json.gz,measurement_support,"Evidence/manifest/CSV, isolated driver or verification helper; not production patch"
A,doc/performance_experiments/raw/phase3d2/final/retained_reference-diagnostic_proof_off.json.gz,measurement_support,"Evidence/manifest/CSV, isolated driver or verification helper; not production patch"
A,doc/performance_experiments/raw/phase3d2/final/retained_reference-diagnostic_proof_on.json.gz,measurement_support,"Evidence/manifest/CSV, isolated driver or verification helper; not production patch"
A,doc/performance_experiments/raw/phase3d2/final/retained_reference-diagnostic_shallow.json.gz,measurement_support,"Evidence/manifest/CSV, isolated driver or verification helper; not production patch"
A,doc/performance_experiments/raw/phase3d2/final/retained_reference-diagnostic_visible.json.gz,measurement_support,"Evidence/manifest/CSV, isolated driver or verification helper; not production patch"
A,doc/performance_experiments/raw/phase3d2/final/retained_reference-diagnostic_warm.json.gz,measurement_support,"Evidence/manifest/CSV, isolated driver or verification helper; not production patch"
A,doc/performance_experiments/raw/phase3d2/final/retained_source.json.gz,measurement_support,"Evidence/manifest/CSV, isolated driver or verification helper; not production patch"
A,doc/performance_experiments/raw/phase3d2/final/retained_verify_cycle.json.gz,measurement_support,"Evidence/manifest/CSV, isolated driver or verification helper; not production patch"
A,doc/performance_experiments/raw/phase3d2/final/retained_verify_deep.json.gz,measurement_support,"Evidence/manifest/CSV, isolated driver or verification helper; not production patch"
A,doc/performance_experiments/raw/phase3d2/final/retained_verify_defender.json.gz,measurement_support,"Evidence/manifest/CSV, isolated driver or verification helper; not production patch"
A,doc/performance_experiments/raw/phase3d2/final/retained_verify_editor.json.gz,measurement_support,"Evidence/manifest/CSV, isolated driver or verification helper; not production patch"
A,doc/performance_experiments/raw/phase3d2/final/retained_verify_proof_off.json.gz,measurement_support,"Evidence/manifest/CSV, isolated driver or verification helper; not production patch"
A,doc/performance_experiments/raw/phase3d2/final/retained_verify_proof_on.json.gz,measurement_support,"Evidence/manifest/CSV, isolated driver or verification helper; not production patch"
A,doc/performance_experiments/raw/phase3d2/final/retained_verify_python_solver.json.gz,measurement_support,"Evidence/manifest/CSV, isolated driver or verification helper; not production patch"
A,doc/performance_experiments/raw/phase3d2/final/retained_verify_shallow.json.gz,measurement_support,"Evidence/manifest/CSV, isolated driver or verification helper; not production patch"
A,doc/performance_experiments/raw/phase3d2/final/retained_verify_special_final_round_false.json.gz,measurement_support,"Evidence/manifest/CSV, isolated driver or verification helper; not production patch"
A,doc/performance_experiments/raw/phase3d2/final/retained_verify_special_final_round_true.json.gz,measurement_support,"Evidence/manifest/CSV, isolated driver or verification helper; not production patch"
A,doc/performance_experiments/raw/phase3d2/final/retained_verify_special_gold_payment_false.json.gz,measurement_support,"Evidence/manifest/CSV, isolated driver or verification helper; not production patch"
A,doc/performance_experiments/raw/phase3d2/final/retained_verify_special_gold_payment_true.json.gz,measurement_support,"Evidence/manifest/CSV, isolated driver or verification helper; not production patch"
A,doc/performance_experiments/raw/phase3d2/final/retained_verify_special_multi_noble_false.json.gz,measurement_support,"Evidence/manifest/CSV, isolated driver or verification helper; not production patch"
A,doc/performance_experiments/raw/phase3d2/final/retained_verify_special_multi_noble_true.json.gz,measurement_support,"Evidence/manifest/CSV, isolated driver or verification helper; not production patch"
A,doc/performance_experiments/raw/phase3d2/final/retained_verify_special_reserve_limit_false.json.gz,measurement_support,"Evidence/manifest/CSV, isolated driver or verification helper; not production patch"
A,doc/performance_experiments/raw/phase3d2/final/retained_verify_special_reserve_limit_true.json.gz,measurement_support,"Evidence/manifest/CSV, isolated driver or verification helper; not production patch"
A,doc/performance_experiments/raw/phase3d2/final/retained_verify_special_token_return_false.json.gz,measurement_support,"Evidence/manifest/CSV, isolated driver or verification helper; not production patch"
A,doc/performance_experiments/raw/phase3d2/final/retained_verify_special_token_return_true.json.gz,measurement_support,"Evidence/manifest/CSV, isolated driver or verification helper; not production patch"
A,doc/performance_experiments/raw/phase3d2/final/retained_verify_visible.json.gz,measurement_support,"Evidence/manifest/CSV, isolated driver or verification helper; not production patch"
A,doc/performance_experiments/raw/phase3d2/final/retained_verify_warm.json.gz,measurement_support,"Evidence/manifest/CSV, isolated driver or verification helper; not production patch"
A,doc/performance_experiments/raw/phase3d2/final/retained_visible.json.gz,measurement_support,"Evidence/manifest/CSV, isolated driver or verification helper; not production patch"
A,doc/performance_experiments/raw/phase3d2/final/retained_visible_invocation.json.gz,measurement_support,"Evidence/manifest/CSV, isolated driver or verification helper; not production patch"
A,doc/performance_experiments/raw/phase3d2/final/retained_warm.json.gz,measurement_support,"Evidence/manifest/CSV, isolated driver or verification helper; not production patch"
A,doc/performance_experiments/raw/phase3d2/final/retained_warm_invocation.json.gz,measurement_support,"Evidence/manifest/CSV, isolated driver or verification helper; not production patch"
A,doc/performance_experiments/raw/phase3d2/final/rollback_production_identity.json.gz,measurement_support,"Evidence/manifest/CSV, isolated driver or verification helper; not production patch"
A,doc/performance_experiments/raw/phase3d2/final/updated_unit_build_diagnostic.json.gz,measurement_support,"Evidence/manifest/CSV, isolated driver or verification helper; not production patch"
A,doc/performance_experiments/raw/phase3d2/final/updated_unit_build_reference-diagnostic.json.gz,measurement_support,"Evidence/manifest/CSV, isolated driver or verification helper; not production patch"
A,doc/performance_experiments/raw/phase3d2/final/updated_unit_build_release.json.gz,measurement_support,"Evidence/manifest/CSV, isolated driver or verification helper; not production patch"
A,doc/performance_experiments/raw/phase3d2/final/updated_unit_build_verify.json.gz,measurement_support,"Evidence/manifest/CSV, isolated driver or verification helper; not production patch"
A,doc/performance_experiments/raw/phase3d2/final/updated_unit_diagnostic.json.gz,measurement_support,"Evidence/manifest/CSV, isolated driver or verification helper; not production patch"
A,doc/performance_experiments/raw/phase3d2/final/updated_unit_reference-diagnostic.json.gz,measurement_support,"Evidence/manifest/CSV, isolated driver or verification helper; not production patch"
A,doc/performance_experiments/raw/phase3d2/final/updated_unit_release.json.gz,measurement_support,"Evidence/manifest/CSV, isolated driver or verification helper; not production patch"
A,doc/performance_experiments/raw/phase3d2/final/updated_unit_verify.json.gz,measurement_support,"Evidence/manifest/CSV, isolated driver or verification helper; not production patch"
A,doc/performance_experiments/raw/phase3d2/final/verify_cycle.json.gz,measurement_support,"Evidence/manifest/CSV, isolated driver or verification helper; not production patch"
A,doc/performance_experiments/raw/phase3d2/final/verify_deep.json.gz,measurement_support,"Evidence/manifest/CSV, isolated driver or verification helper; not production patch"
A,doc/performance_experiments/raw/phase3d2/final/verify_defender.json.gz,measurement_support,"Evidence/manifest/CSV, isolated driver or verification helper; not production patch"
A,doc/performance_experiments/raw/phase3d2/final/verify_editor.json.gz,measurement_support,"Evidence/manifest/CSV, isolated driver or verification helper; not production patch"
A,doc/performance_experiments/raw/phase3d2/final/verify_proof_off.json.gz,measurement_support,"Evidence/manifest/CSV, isolated driver or verification helper; not production patch"
A,doc/performance_experiments/raw/phase3d2/final/verify_proof_on.json.gz,measurement_support,"Evidence/manifest/CSV, isolated driver or verification helper; not production patch"
A,doc/performance_experiments/raw/phase3d2/final/verify_shallow.json.gz,measurement_support,"Evidence/manifest/CSV, isolated driver or verification helper; not production patch"
A,doc/performance_experiments/raw/phase3d2/final/verify_solver_components_unit.json.gz,measurement_support,"Evidence/manifest/CSV, isolated driver or verification helper; not production patch"
A,doc/performance_experiments/raw/phase3d2/final/verify_solver_normal_rollback_unit.json.gz,measurement_support,"Evidence/manifest/CSV, isolated driver or verification helper; not production patch"
A,doc/performance_experiments/raw/phase3d2/final/verify_visible.json.gz,measurement_support,"Evidence/manifest/CSV, isolated driver or verification helper; not production patch"
A,doc/performance_experiments/raw/phase3d2/final/verify_warm.json.gz,measurement_support,"Evidence/manifest/CSV, isolated driver or verification helper; not production patch"
A,doc/performance_experiments/raw/phase3d2/v1/benchmark_tool_tests.json.gz,measurement_support,"Evidence/manifest/CSV, isolated driver or verification helper; not production patch"
A,doc/performance_experiments/raw/phase3d2/v1/build_diagnostic.json.gz,measurement_support,"Evidence/manifest/CSV, isolated driver or verification helper; not production patch"
A,doc/performance_experiments/raw/phase3d2/v1/build_reference-diagnostic.json.gz,measurement_support,"Evidence/manifest/CSV, isolated driver or verification helper; not production patch"
A,doc/performance_experiments/raw/phase3d2/v1/build_release.json.gz,measurement_support,"Evidence/manifest/CSV, isolated driver or verification helper; not production patch"
A,doc/performance_experiments/raw/phase3d2/v1/build_verify.json.gz,measurement_support,"Evidence/manifest/CSV, isolated driver or verification helper; not production patch"
A,doc/performance_experiments/raw/phase3d2/v1/configure_diagnostic.json.gz,measurement_support,"Evidence/manifest/CSV, isolated driver or verification helper; not production patch"
A,doc/performance_experiments/raw/phase3d2/v1/configure_reference-diagnostic.json.gz,measurement_support,"Evidence/manifest/CSV, isolated driver or verification helper; not production patch"
A,doc/performance_experiments/raw/phase3d2/v1/configure_release.json.gz,measurement_support,"Evidence/manifest/CSV, isolated driver or verification helper; not production patch"
A,doc/performance_experiments/raw/phase3d2/v1/configure_verify.json.gz,measurement_support,"Evidence/manifest/CSV, isolated driver or verification helper; not production patch"
A,doc/performance_experiments/raw/phase3d2/v1/diagnostic_cycle.json.gz,measurement_support,"Evidence/manifest/CSV, isolated driver or verification helper; not production patch"
A,doc/performance_experiments/raw/phase3d2/v1/diagnostic_deep.json.gz,measurement_support,"Evidence/manifest/CSV, isolated driver or verification helper; not production patch"
A,doc/performance_experiments/raw/phase3d2/v1/diagnostic_defender.json.gz,measurement_support,"Evidence/manifest/CSV, isolated driver or verification helper; not production patch"
A,doc/performance_experiments/raw/phase3d2/v1/diagnostic_editor.json.gz,measurement_support,"Evidence/manifest/CSV, isolated driver or verification helper; not production patch"
A,doc/performance_experiments/raw/phase3d2/v1/diagnostic_proof_off.json.gz,measurement_support,"Evidence/manifest/CSV, isolated driver or verification helper; not production patch"
A,doc/performance_experiments/raw/phase3d2/v1/diagnostic_proof_on.json.gz,measurement_support,"Evidence/manifest/CSV, isolated driver or verification helper; not production patch"
A,doc/performance_experiments/raw/phase3d2/v1/diagnostic_shallow.json.gz,measurement_support,"Evidence/manifest/CSV, isolated driver or verification helper; not production patch"
A,doc/performance_experiments/raw/phase3d2/v1/diagnostic_solver_components_unit.json.gz,measurement_support,"Evidence/manifest/CSV, isolated driver or verification helper; not production patch"
A,doc/performance_experiments/raw/phase3d2/v1/diagnostic_solver_deck_rollback_unit.json.gz,measurement_support,"Evidence/manifest/CSV, isolated driver or verification helper; not production patch"
A,doc/performance_experiments/raw/phase3d2/v1/diagnostic_solver_normal_rollback_unit.json.gz,measurement_support,"Evidence/manifest/CSV, isolated driver or verification helper; not production patch"
A,doc/performance_experiments/raw/phase3d2/v1/diagnostic_visible.json.gz,measurement_support,"Evidence/manifest/CSV, isolated driver or verification helper; not production patch"
A,doc/performance_experiments/raw/phase3d2/v1/diagnostic_warm.json.gz,measurement_support,"Evidence/manifest/CSV, isolated driver or verification helper; not production patch"
A,doc/performance_experiments/raw/phase3d2/v1/formal_cycle.json.gz,measurement_support,"Evidence/manifest/CSV, isolated driver or verification helper; not production patch"
A,doc/performance_experiments/raw/phase3d2/v1/formal_cycle_invocation.json.gz,measurement_support,"Evidence/manifest/CSV, isolated driver or verification helper; not production patch"
A,doc/performance_experiments/raw/phase3d2/v1/formal_deep.json.gz,measurement_support,"Evidence/manifest/CSV, isolated driver or verification helper; not production patch"
A,doc/performance_experiments/raw/phase3d2/v1/formal_deep_invocation.json.gz,measurement_support,"Evidence/manifest/CSV, isolated driver or verification helper; not production patch"
A,doc/performance_experiments/raw/phase3d2/v1/formal_defender.json.gz,measurement_support,"Evidence/manifest/CSV, isolated driver or verification helper; not production patch"
A,doc/performance_experiments/raw/phase3d2/v1/formal_defender_invocation.json.gz,measurement_support,"Evidence/manifest/CSV, isolated driver or verification helper; not production patch"
A,doc/performance_experiments/raw/phase3d2/v1/formal_editor.json.gz,measurement_support,"Evidence/manifest/CSV, isolated driver or verification helper; not production patch"
A,doc/performance_experiments/raw/phase3d2/v1/formal_editor_invocation.json.gz,measurement_support,"Evidence/manifest/CSV, isolated driver or verification helper; not production patch"
A,doc/performance_experiments/raw/phase3d2/v1/formal_proof_off.json.gz,measurement_support,"Evidence/manifest/CSV, isolated driver or verification helper; not production patch"
A,doc/performance_experiments/raw/phase3d2/v1/formal_proof_off_invocation.json.gz,measurement_support,"Evidence/manifest/CSV, isolated driver or verification helper; not production patch"
A,doc/performance_experiments/raw/phase3d2/v1/formal_proof_on.json.gz,measurement_support,"Evidence/manifest/CSV, isolated driver or verification helper; not production patch"
A,doc/performance_experiments/raw/phase3d2/v1/formal_proof_on_invocation.json.gz,measurement_support,"Evidence/manifest/CSV, isolated driver or verification helper; not production patch"
A,doc/performance_experiments/raw/phase3d2/v1/formal_shallow.json.gz,measurement_support,"Evidence/manifest/CSV, isolated driver or verification helper; not production patch"
A,doc/performance_experiments/raw/phase3d2/v1/formal_shallow_invocation.json.gz,measurement_support,"Evidence/manifest/CSV, isolated driver or verification helper; not production patch"
A,doc/performance_experiments/raw/phase3d2/v1/formal_visible.json.gz,measurement_support,"Evidence/manifest/CSV, isolated driver or verification helper; not production patch"
A,doc/performance_experiments/raw/phase3d2/v1/formal_visible_invocation.json.gz,measurement_support,"Evidence/manifest/CSV, isolated driver or verification helper; not production patch"
A,doc/performance_experiments/raw/phase3d2/v1/formal_warm.json.gz,measurement_support,"Evidence/manifest/CSV, isolated driver or verification helper; not production patch"
A,doc/performance_experiments/raw/phase3d2/v1/formal_warm_invocation.json.gz,measurement_support,"Evidence/manifest/CSV, isolated driver or verification helper; not production patch"
A,doc/performance_experiments/raw/phase3d2/v1/prototype_sources.json.gz,measurement_support,"Evidence/manifest/CSV, isolated driver or verification helper; not production patch"
A,doc/performance_experiments/raw/phase3d2/v1/reference-diagnostic_cycle.json.gz,measurement_support,"Evidence/manifest/CSV, isolated driver or verification helper; not production patch"
A,doc/performance_experiments/raw/phase3d2/v1/reference-diagnostic_deep.json.gz,measurement_support,"Evidence/manifest/CSV, isolated driver or verification helper; not production patch"
A,doc/performance_experiments/raw/phase3d2/v1/reference-diagnostic_defender.json.gz,measurement_support,"Evidence/manifest/CSV, isolated driver or verification helper; not production patch"
A,doc/performance_experiments/raw/phase3d2/v1/reference-diagnostic_editor.json.gz,measurement_support,"Evidence/manifest/CSV, isolated driver or verification helper; not production patch"
A,doc/performance_experiments/raw/phase3d2/v1/reference-diagnostic_proof_off.json.gz,measurement_support,"Evidence/manifest/CSV, isolated driver or verification helper; not production patch"
A,doc/performance_experiments/raw/phase3d2/v1/reference-diagnostic_proof_on.json.gz,measurement_support,"Evidence/manifest/CSV, isolated driver or verification helper; not production patch"
A,doc/performance_experiments/raw/phase3d2/v1/reference-diagnostic_shallow.json.gz,measurement_support,"Evidence/manifest/CSV, isolated driver or verification helper; not production patch"
A,doc/performance_experiments/raw/phase3d2/v1/reference-diagnostic_solver_components_unit.json.gz,measurement_support,"Evidence/manifest/CSV, isolated driver or verification helper; not production patch"
A,doc/performance_experiments/raw/phase3d2/v1/reference-diagnostic_solver_deck_rollback_unit.json.gz,measurement_support,"Evidence/manifest/CSV, isolated driver or verification helper; not production patch"
A,doc/performance_experiments/raw/phase3d2/v1/reference-diagnostic_solver_normal_rollback_unit.json.gz,measurement_support,"Evidence/manifest/CSV, isolated driver or verification helper; not production patch"
A,doc/performance_experiments/raw/phase3d2/v1/reference-diagnostic_visible.json.gz,measurement_support,"Evidence/manifest/CSV, isolated driver or verification helper; not production patch"
A,doc/performance_experiments/raw/phase3d2/v1/reference-diagnostic_warm.json.gz,measurement_support,"Evidence/manifest/CSV, isolated driver or verification helper; not production patch"
A,doc/performance_experiments/raw/phase3d2/v1/release_solver_components_unit.json.gz,measurement_support,"Evidence/manifest/CSV, isolated driver or verification helper; not production patch"
A,doc/performance_experiments/raw/phase3d2/v1/release_solver_deck_rollback_unit.json.gz,measurement_support,"Evidence/manifest/CSV, isolated driver or verification helper; not production patch"
A,doc/performance_experiments/raw/phase3d2/v1/release_solver_normal_rollback_unit.json.gz,measurement_support,"Evidence/manifest/CSV, isolated driver or verification helper; not production patch"
A,doc/performance_experiments/raw/phase3d2/v1/smoke_deep.json.gz,measurement_support,"Evidence/manifest/CSV, isolated driver or verification helper; not production patch"
A,doc/performance_experiments/raw/phase3d2/v1/smoke_deep_invocation.json.gz,measurement_support,"Evidence/manifest/CSV, isolated driver or verification helper; not production patch"
A,doc/performance_experiments/raw/phase3d2/v1/smoke_proof_on.json.gz,measurement_support,"Evidence/manifest/CSV, isolated driver or verification helper; not production patch"
A,doc/performance_experiments/raw/phase3d2/v1/smoke_proof_on_invocation.json.gz,measurement_support,"Evidence/manifest/CSV, isolated driver or verification helper; not production patch"
A,doc/performance_experiments/raw/phase3d2/v1/smoke_warm.json.gz,measurement_support,"Evidence/manifest/CSV, isolated driver or verification helper; not production patch"
A,doc/performance_experiments/raw/phase3d2/v1/smoke_warm_invocation.json.gz,measurement_support,"Evidence/manifest/CSV, isolated driver or verification helper; not production patch"
A,doc/performance_experiments/raw/phase3d2/v1/starting_worktrees.json.gz,measurement_support,"Evidence/manifest/CSV, isolated driver or verification helper; not production patch"
A,doc/performance_experiments/raw/phase3d2/v1/verify_cycle.json.gz,measurement_support,"Evidence/manifest/CSV, isolated driver or verification helper; not production patch"
A,doc/performance_experiments/raw/phase3d2/v1/verify_deep.json.gz,measurement_support,"Evidence/manifest/CSV, isolated driver or verification helper; not production patch"
A,doc/performance_experiments/raw/phase3d2/v1/verify_defender.json.gz,measurement_support,"Evidence/manifest/CSV, isolated driver or verification helper; not production patch"
A,doc/performance_experiments/raw/phase3d2/v1/verify_editor.json.gz,measurement_support,"Evidence/manifest/CSV, isolated driver or verification helper; not production patch"
A,doc/performance_experiments/raw/phase3d2/v1/verify_proof_off.json.gz,measurement_support,"Evidence/manifest/CSV, isolated driver or verification helper; not production patch"
A,doc/performance_experiments/raw/phase3d2/v1/verify_proof_on.json.gz,measurement_support,"Evidence/manifest/CSV, isolated driver or verification helper; not production patch"
A,doc/performance_experiments/raw/phase3d2/v1/verify_shallow.json.gz,measurement_support,"Evidence/manifest/CSV, isolated driver or verification helper; not production patch"
A,doc/performance_experiments/raw/phase3d2/v1/verify_solver_components_unit.json.gz,measurement_support,"Evidence/manifest/CSV, isolated driver or verification helper; not production patch"
A,doc/performance_experiments/raw/phase3d2/v1/verify_solver_deck_rollback_unit.json.gz,measurement_support,"Evidence/manifest/CSV, isolated driver or verification helper; not production patch"
A,doc/performance_experiments/raw/phase3d2/v1/verify_solver_normal_rollback_unit.json.gz,measurement_support,"Evidence/manifest/CSV, isolated driver or verification helper; not production patch"
A,doc/performance_experiments/raw/phase3d2/v1/verify_visible.json.gz,measurement_support,"Evidence/manifest/CSV, isolated driver or verification helper; not production patch"
A,doc/performance_experiments/raw/phase3d2/v1/verify_warm.json.gz,measurement_support,"Evidence/manifest/CSV, isolated driver or verification helper; not production patch"
A,doc/performance_experiments/raw/phase3d2/v2/benchmark_tool_tests.json.gz,measurement_support,"Evidence/manifest/CSV, isolated driver or verification helper; not production patch"
A,doc/performance_experiments/raw/phase3d2/v2/build_diagnostic.json.gz,measurement_support,"Evidence/manifest/CSV, isolated driver or verification helper; not production patch"
A,doc/performance_experiments/raw/phase3d2/v2/build_reference-diagnostic.json.gz,measurement_support,"Evidence/manifest/CSV, isolated driver or verification helper; not production patch"
A,doc/performance_experiments/raw/phase3d2/v2/build_release.json.gz,measurement_support,"Evidence/manifest/CSV, isolated driver or verification helper; not production patch"
A,doc/performance_experiments/raw/phase3d2/v2/build_verify.json.gz,measurement_support,"Evidence/manifest/CSV, isolated driver or verification helper; not production patch"
A,doc/performance_experiments/raw/phase3d2/v2/configure_diagnostic.json.gz,measurement_support,"Evidence/manifest/CSV, isolated driver or verification helper; not production patch"
A,doc/performance_experiments/raw/phase3d2/v2/configure_reference-diagnostic.json.gz,measurement_support,"Evidence/manifest/CSV, isolated driver or verification helper; not production patch"
A,doc/performance_experiments/raw/phase3d2/v2/configure_release.json.gz,measurement_support,"Evidence/manifest/CSV, isolated driver or verification helper; not production patch"
A,doc/performance_experiments/raw/phase3d2/v2/configure_verify.json.gz,measurement_support,"Evidence/manifest/CSV, isolated driver or verification helper; not production patch"
A,doc/performance_experiments/raw/phase3d2/v2/diagnostic_cycle.json.gz,measurement_support,"Evidence/manifest/CSV, isolated driver or verification helper; not production patch"
A,doc/performance_experiments/raw/phase3d2/v2/diagnostic_deep.json.gz,measurement_support,"Evidence/manifest/CSV, isolated driver or verification helper; not production patch"
A,doc/performance_experiments/raw/phase3d2/v2/diagnostic_defender.json.gz,measurement_support,"Evidence/manifest/CSV, isolated driver or verification helper; not production patch"
A,doc/performance_experiments/raw/phase3d2/v2/diagnostic_editor.json.gz,measurement_support,"Evidence/manifest/CSV, isolated driver or verification helper; not production patch"
A,doc/performance_experiments/raw/phase3d2/v2/diagnostic_proof_off.json.gz,measurement_support,"Evidence/manifest/CSV, isolated driver or verification helper; not production patch"
A,doc/performance_experiments/raw/phase3d2/v2/diagnostic_proof_on.json.gz,measurement_support,"Evidence/manifest/CSV, isolated driver or verification helper; not production patch"
A,doc/performance_experiments/raw/phase3d2/v2/diagnostic_shallow.json.gz,measurement_support,"Evidence/manifest/CSV, isolated driver or verification helper; not production patch"
A,doc/performance_experiments/raw/phase3d2/v2/diagnostic_solver_components_unit.json.gz,measurement_support,"Evidence/manifest/CSV, isolated driver or verification helper; not production patch"
A,doc/performance_experiments/raw/phase3d2/v2/diagnostic_solver_deck_rollback_unit.json.gz,measurement_support,"Evidence/manifest/CSV, isolated driver or verification helper; not production patch"
A,doc/performance_experiments/raw/phase3d2/v2/diagnostic_solver_normal_rollback_unit.json.gz,measurement_support,"Evidence/manifest/CSV, isolated driver or verification helper; not production patch"
A,doc/performance_experiments/raw/phase3d2/v2/diagnostic_visible.json.gz,measurement_support,"Evidence/manifest/CSV, isolated driver or verification helper; not production patch"
A,doc/performance_experiments/raw/phase3d2/v2/diagnostic_warm.json.gz,measurement_support,"Evidence/manifest/CSV, isolated driver or verification helper; not production patch"
A,doc/performance_experiments/raw/phase3d2/v2/formal_cycle.json.gz,measurement_support,"Evidence/manifest/CSV, isolated driver or verification helper; not production patch"
A,doc/performance_experiments/raw/phase3d2/v2/formal_cycle_invocation.json.gz,measurement_support,"Evidence/manifest/CSV, isolated driver or verification helper; not production patch"
A,doc/performance_experiments/raw/phase3d2/v2/formal_deep.json.gz,measurement_support,"Evidence/manifest/CSV, isolated driver or verification helper; not production patch"
A,doc/performance_experiments/raw/phase3d2/v2/formal_deep_invocation.json.gz,measurement_support,"Evidence/manifest/CSV, isolated driver or verification helper; not production patch"
A,doc/performance_experiments/raw/phase3d2/v2/formal_defender.json.gz,measurement_support,"Evidence/manifest/CSV, isolated driver or verification helper; not production patch"
A,doc/performance_experiments/raw/phase3d2/v2/formal_defender_invocation.json.gz,measurement_support,"Evidence/manifest/CSV, isolated driver or verification helper; not production patch"
A,doc/performance_experiments/raw/phase3d2/v2/formal_editor.json.gz,measurement_support,"Evidence/manifest/CSV, isolated driver or verification helper; not production patch"
A,doc/performance_experiments/raw/phase3d2/v2/formal_editor_invocation.json.gz,measurement_support,"Evidence/manifest/CSV, isolated driver or verification helper; not production patch"
A,doc/performance_experiments/raw/phase3d2/v2/formal_proof_off.json.gz,measurement_support,"Evidence/manifest/CSV, isolated driver or verification helper; not production patch"
A,doc/performance_experiments/raw/phase3d2/v2/formal_proof_off_invocation.json.gz,measurement_support,"Evidence/manifest/CSV, isolated driver or verification helper; not production patch"
A,doc/performance_experiments/raw/phase3d2/v2/formal_proof_on.json.gz,measurement_support,"Evidence/manifest/CSV, isolated driver or verification helper; not production patch"
A,doc/performance_experiments/raw/phase3d2/v2/formal_proof_on_invocation.json.gz,measurement_support,"Evidence/manifest/CSV, isolated driver or verification helper; not production patch"
A,doc/performance_experiments/raw/phase3d2/v2/formal_shallow.json.gz,measurement_support,"Evidence/manifest/CSV, isolated driver or verification helper; not production patch"
A,doc/performance_experiments/raw/phase3d2/v2/formal_shallow_invocation.json.gz,measurement_support,"Evidence/manifest/CSV, isolated driver or verification helper; not production patch"
A,doc/performance_experiments/raw/phase3d2/v2/formal_visible.json.gz,measurement_support,"Evidence/manifest/CSV, isolated driver or verification helper; not production patch"
A,doc/performance_experiments/raw/phase3d2/v2/formal_visible_invocation.json.gz,measurement_support,"Evidence/manifest/CSV, isolated driver or verification helper; not production patch"
A,doc/performance_experiments/raw/phase3d2/v2/formal_warm.json.gz,measurement_support,"Evidence/manifest/CSV, isolated driver or verification helper; not production patch"
A,doc/performance_experiments/raw/phase3d2/v2/formal_warm_invocation.json.gz,measurement_support,"Evidence/manifest/CSV, isolated driver or verification helper; not production patch"
A,doc/performance_experiments/raw/phase3d2/v2/holdout_deep.json.gz,measurement_support,"Evidence/manifest/CSV, isolated driver or verification helper; not production patch"
A,doc/performance_experiments/raw/phase3d2/v2/holdout_deep_invocation.json.gz,measurement_support,"Evidence/manifest/CSV, isolated driver or verification helper; not production patch"
A,doc/performance_experiments/raw/phase3d2/v2/holdout_proof_off.json.gz,measurement_support,"Evidence/manifest/CSV, isolated driver or verification helper; not production patch"
A,doc/performance_experiments/raw/phase3d2/v2/holdout_proof_off_invocation.json.gz,measurement_support,"Evidence/manifest/CSV, isolated driver or verification helper; not production patch"
A,doc/performance_experiments/raw/phase3d2/v2/holdout_proof_on.json.gz,measurement_support,"Evidence/manifest/CSV, isolated driver or verification helper; not production patch"
A,doc/performance_experiments/raw/phase3d2/v2/holdout_proof_on_invocation.json.gz,measurement_support,"Evidence/manifest/CSV, isolated driver or verification helper; not production patch"
A,doc/performance_experiments/raw/phase3d2/v2/holdout_visible.json.gz,measurement_support,"Evidence/manifest/CSV, isolated driver or verification helper; not production patch"
A,doc/performance_experiments/raw/phase3d2/v2/holdout_visible_invocation.json.gz,measurement_support,"Evidence/manifest/CSV, isolated driver or verification helper; not production patch"
A,doc/performance_experiments/raw/phase3d2/v2/prototype_sources.json.gz,measurement_support,"Evidence/manifest/CSV, isolated driver or verification helper; not production patch"
A,doc/performance_experiments/raw/phase3d2/v2/reference-diagnostic_cycle.json.gz,measurement_support,"Evidence/manifest/CSV, isolated driver or verification helper; not production patch"
A,doc/performance_experiments/raw/phase3d2/v2/reference-diagnostic_deep.json.gz,measurement_support,"Evidence/manifest/CSV, isolated driver or verification helper; not production patch"
A,doc/performance_experiments/raw/phase3d2/v2/reference-diagnostic_defender.json.gz,measurement_support,"Evidence/manifest/CSV, isolated driver or verification helper; not production patch"
A,doc/performance_experiments/raw/phase3d2/v2/reference-diagnostic_editor.json.gz,measurement_support,"Evidence/manifest/CSV, isolated driver or verification helper; not production patch"
A,doc/performance_experiments/raw/phase3d2/v2/reference-diagnostic_proof_off.json.gz,measurement_support,"Evidence/manifest/CSV, isolated driver or verification helper; not production patch"
A,doc/performance_experiments/raw/phase3d2/v2/reference-diagnostic_proof_on.json.gz,measurement_support,"Evidence/manifest/CSV, isolated driver or verification helper; not production patch"
A,doc/performance_experiments/raw/phase3d2/v2/reference-diagnostic_shallow.json.gz,measurement_support,"Evidence/manifest/CSV, isolated driver or verification helper; not production patch"
A,doc/performance_experiments/raw/phase3d2/v2/reference-diagnostic_solver_components_unit.json.gz,measurement_support,"Evidence/manifest/CSV, isolated driver or verification helper; not production patch"
A,doc/performance_experiments/raw/phase3d2/v2/reference-diagnostic_solver_deck_rollback_unit.json.gz,measurement_support,"Evidence/manifest/CSV, isolated driver or verification helper; not production patch"
A,doc/performance_experiments/raw/phase3d2/v2/reference-diagnostic_solver_normal_rollback_unit.json.gz,measurement_support,"Evidence/manifest/CSV, isolated driver or verification helper; not production patch"
A,doc/performance_experiments/raw/phase3d2/v2/reference-diagnostic_visible.json.gz,measurement_support,"Evidence/manifest/CSV, isolated driver or verification helper; not production patch"
A,doc/performance_experiments/raw/phase3d2/v2/reference-diagnostic_warm.json.gz,measurement_support,"Evidence/manifest/CSV, isolated driver or verification helper; not production patch"
A,doc/performance_experiments/raw/phase3d2/v2/release_solver_components_unit.json.gz,measurement_support,"Evidence/manifest/CSV, isolated driver or verification helper; not production patch"
A,doc/performance_experiments/raw/phase3d2/v2/release_solver_deck_rollback_unit.json.gz,measurement_support,"Evidence/manifest/CSV, isolated driver or verification helper; not production patch"
A,doc/performance_experiments/raw/phase3d2/v2/release_solver_normal_rollback_unit.json.gz,measurement_support,"Evidence/manifest/CSV, isolated driver or verification helper; not production patch"
A,doc/performance_experiments/raw/phase3d2/v2/smoke_deep.json.gz,measurement_support,"Evidence/manifest/CSV, isolated driver or verification helper; not production patch"
A,doc/performance_experiments/raw/phase3d2/v2/smoke_deep_invocation.json.gz,measurement_support,"Evidence/manifest/CSV, isolated driver or verification helper; not production patch"
A,doc/performance_experiments/raw/phase3d2/v2/smoke_proof_on.json.gz,measurement_support,"Evidence/manifest/CSV, isolated driver or verification helper; not production patch"
A,doc/performance_experiments/raw/phase3d2/v2/smoke_proof_on_invocation.json.gz,measurement_support,"Evidence/manifest/CSV, isolated driver or verification helper; not production patch"
A,doc/performance_experiments/raw/phase3d2/v2/smoke_warm.json.gz,measurement_support,"Evidence/manifest/CSV, isolated driver or verification helper; not production patch"
A,doc/performance_experiments/raw/phase3d2/v2/smoke_warm_invocation.json.gz,measurement_support,"Evidence/manifest/CSV, isolated driver or verification helper; not production patch"
A,doc/performance_experiments/raw/phase3d2/v2/verify_cycle.json.gz,measurement_support,"Evidence/manifest/CSV, isolated driver or verification helper; not production patch"
A,doc/performance_experiments/raw/phase3d2/v2/verify_deep.json.gz,measurement_support,"Evidence/manifest/CSV, isolated driver or verification helper; not production patch"
A,doc/performance_experiments/raw/phase3d2/v2/verify_defender.json.gz,measurement_support,"Evidence/manifest/CSV, isolated driver or verification helper; not production patch"
A,doc/performance_experiments/raw/phase3d2/v2/verify_editor.json.gz,measurement_support,"Evidence/manifest/CSV, isolated driver or verification helper; not production patch"
A,doc/performance_experiments/raw/phase3d2/v2/verify_proof_off.json.gz,measurement_support,"Evidence/manifest/CSV, isolated driver or verification helper; not production patch"
A,doc/performance_experiments/raw/phase3d2/v2/verify_proof_on.json.gz,measurement_support,"Evidence/manifest/CSV, isolated driver or verification helper; not production patch"
A,doc/performance_experiments/raw/phase3d2/v2/verify_shallow.json.gz,measurement_support,"Evidence/manifest/CSV, isolated driver or verification helper; not production patch"
A,doc/performance_experiments/raw/phase3d2/v2/verify_solver_components_unit.json.gz,measurement_support,"Evidence/manifest/CSV, isolated driver or verification helper; not production patch"
A,doc/performance_experiments/raw/phase3d2/v2/verify_solver_deck_rollback_unit.json.gz,measurement_support,"Evidence/manifest/CSV, isolated driver or verification helper; not production patch"
A,doc/performance_experiments/raw/phase3d2/v2/verify_solver_normal_rollback_unit.json.gz,measurement_support,"Evidence/manifest/CSV, isolated driver or verification helper; not production patch"
A,doc/performance_experiments/raw/phase3d2/v2/verify_visible.json.gz,measurement_support,"Evidence/manifest/CSV, isolated driver or verification helper; not production patch"
A,doc/performance_experiments/raw/phase3d2/v2/verify_warm.json.gz,measurement_support,"Evidence/manifest/CSV, isolated driver or verification helper; not production patch"
A,doc/performance_experiments/raw/phase3dp1/asan_native_full.json.gz,measurement_support,"Evidence/manifest/CSV, isolated driver or verification helper; not production patch"
A,doc/performance_experiments/raw/phase3dp1/benchmark_tool_tests.json.gz,measurement_support,"Evidence/manifest/CSV, isolated driver or verification helper; not production patch"
A,doc/performance_experiments/raw/phase3dp1/build_asan_all.json.gz,measurement_support,"Evidence/manifest/CSV, isolated driver or verification helper; not production patch"
A,doc/performance_experiments/raw/phase3dp1/build_colour_unit_release.json.gz,measurement_support,"Evidence/manifest/CSV, isolated driver or verification helper; not production patch"
A,doc/performance_experiments/raw/phase3dp1/build_colour_v2_diagnostic.json.gz,measurement_support,"Evidence/manifest/CSV, isolated driver or verification helper; not production patch"
A,doc/performance_experiments/raw/phase3dp1/build_colour_v2_reference-diagnostic.json.gz,measurement_support,"Evidence/manifest/CSV, isolated driver or verification helper; not production patch"
A,doc/performance_experiments/raw/phase3dp1/build_colour_v2_release.json.gz,measurement_support,"Evidence/manifest/CSV, isolated driver or verification helper; not production patch"
A,doc/performance_experiments/raw/phase3dp1/build_colour_v2_verify.json.gz,measurement_support,"Evidence/manifest/CSV, isolated driver or verification helper; not production patch"
A,doc/performance_experiments/raw/phase3dp1/build_deploy_all.json.gz,measurement_support,"Evidence/manifest/CSV, isolated driver or verification helper; not production patch"
A,doc/performance_experiments/raw/phase3dp1/build_deploy_all_v2.json.gz,measurement_support,"Evidence/manifest/CSV, isolated driver or verification helper; not production patch"
A,doc/performance_experiments/raw/phase3dp1/build_diagnostic.json.gz,measurement_support,"Evidence/manifest/CSV, isolated driver or verification helper; not production patch"
A,doc/performance_experiments/raw/phase3dp1/build_mechanism_diagnostic.json.gz,measurement_support,"Evidence/manifest/CSV, isolated driver or verification helper; not production patch"
A,doc/performance_experiments/raw/phase3dp1/build_mechanism_reference-diagnostic.json.gz,measurement_support,"Evidence/manifest/CSV, isolated driver or verification helper; not production patch"
A,doc/performance_experiments/raw/phase3dp1/build_proof_driver.json.gz,measurement_support,"Evidence/manifest/CSV, isolated driver or verification helper; not production patch"
A,doc/performance_experiments/raw/phase3dp1/build_reference-diagnostic.json.gz,measurement_support,"Evidence/manifest/CSV, isolated driver or verification helper; not production patch"
A,doc/performance_experiments/raw/phase3dp1/build_verify.json.gz,measurement_support,"Evidence/manifest/CSV, isolated driver or verification helper; not production patch"
A,doc/performance_experiments/raw/phase3dp1/build_verify_python.json.gz,measurement_support,"Evidence/manifest/CSV, isolated driver or verification helper; not production patch"
A,doc/performance_experiments/raw/phase3dp1/candidate_new_header.h.gz,measurement_support,"Evidence/manifest/CSV, isolated driver or verification helper; not production patch"
A,doc/performance_experiments/raw/phase3dp1/candidate_tracked_patch.diff.gz,measurement_support,"Evidence/manifest/CSV, isolated driver or verification helper; not production patch"
A,doc/performance_experiments/raw/phase3dp1/colour_v2_diagnostic.json.gz,measurement_support,"Evidence/manifest/CSV, isolated driver or verification helper; not production patch"
A,doc/performance_experiments/raw/phase3dp1/colour_v2_reference-diagnostic.json.gz,measurement_support,"Evidence/manifest/CSV, isolated driver or verification helper; not production patch"
A,doc/performance_experiments/raw/phase3dp1/colour_v2_release.json.gz,measurement_support,"Evidence/manifest/CSV, isolated driver or verification helper; not production patch"
A,doc/performance_experiments/raw/phase3dp1/colour_v2_verify.json.gz,measurement_support,"Evidence/manifest/CSV, isolated driver or verification helper; not production patch"
A,doc/performance_experiments/raw/phase3dp1/configure_asan.json.gz,measurement_support,"Evidence/manifest/CSV, isolated driver or verification helper; not production patch"
A,doc/performance_experiments/raw/phase3dp1/configure_colour_v2_diagnostic.json.gz,measurement_support,"Evidence/manifest/CSV, isolated driver or verification helper; not production patch"
A,doc/performance_experiments/raw/phase3dp1/configure_colour_v2_reference-diagnostic.json.gz,measurement_support,"Evidence/manifest/CSV, isolated driver or verification helper; not production patch"
A,doc/performance_experiments/raw/phase3dp1/configure_colour_v2_release.json.gz,measurement_support,"Evidence/manifest/CSV, isolated driver or verification helper; not production patch"
A,doc/performance_experiments/raw/phase3dp1/configure_colour_v2_verify.json.gz,measurement_support,"Evidence/manifest/CSV, isolated driver or verification helper; not production patch"
A,doc/performance_experiments/raw/phase3dp1/configure_deploy.json.gz,measurement_support,"Evidence/manifest/CSV, isolated driver or verification helper; not production patch"
A,doc/performance_experiments/raw/phase3dp1/configure_deploy_v2.json.gz,measurement_support,"Evidence/manifest/CSV, isolated driver or verification helper; not production patch"
A,doc/performance_experiments/raw/phase3dp1/configure_diagnostic.json.gz,measurement_support,"Evidence/manifest/CSV, isolated driver or verification helper; not production patch"
A,doc/performance_experiments/raw/phase3dp1/configure_proof_driver.json.gz,measurement_support,"Evidence/manifest/CSV, isolated driver or verification helper; not production patch"
A,doc/performance_experiments/raw/phase3dp1/configure_reference-diagnostic.json.gz,measurement_support,"Evidence/manifest/CSV, isolated driver or verification helper; not production patch"
A,doc/performance_experiments/raw/phase3dp1/configure_verify.json.gz,measurement_support,"Evidence/manifest/CSV, isolated driver or verification helper; not production patch"
A,doc/performance_experiments/raw/phase3dp1/configure_verify_python.json.gz,measurement_support,"Evidence/manifest/CSV, isolated driver or verification helper; not production patch"
A,doc/performance_experiments/raw/phase3dp1/deployment_benchmark_identity.json.gz,measurement_support,"Evidence/manifest/CSV, isolated driver or verification helper; not production patch"
A,doc/performance_experiments/raw/phase3dp1/deployment_benchmark_identity_v2.json.gz,measurement_support,"Evidence/manifest/CSV, isolated driver or verification helper; not production patch"
A,doc/performance_experiments/raw/phase3dp1/diagnostic_cycle.json.gz,measurement_support,"Evidence/manifest/CSV, isolated driver or verification helper; not production patch"
A,doc/performance_experiments/raw/phase3dp1/diagnostic_deep.json.gz,measurement_support,"Evidence/manifest/CSV, isolated driver or verification helper; not production patch"
A,doc/performance_experiments/raw/phase3dp1/diagnostic_defender.json.gz,measurement_support,"Evidence/manifest/CSV, isolated driver or verification helper; not production patch"
A,doc/performance_experiments/raw/phase3dp1/diagnostic_editor.json.gz,measurement_support,"Evidence/manifest/CSV, isolated driver or verification helper; not production patch"
A,doc/performance_experiments/raw/phase3dp1/diagnostic_proof_off.json.gz,measurement_support,"Evidence/manifest/CSV, isolated driver or verification helper; not production patch"
A,doc/performance_experiments/raw/phase3dp1/diagnostic_proof_on.json.gz,measurement_support,"Evidence/manifest/CSV, isolated driver or verification helper; not production patch"
A,doc/performance_experiments/raw/phase3dp1/diagnostic_shallow.json.gz,measurement_support,"Evidence/manifest/CSV, isolated driver or verification helper; not production patch"
A,doc/performance_experiments/raw/phase3dp1/diagnostic_visible.json.gz,measurement_support,"Evidence/manifest/CSV, isolated driver or verification helper; not production patch"
A,doc/performance_experiments/raw/phase3dp1/diagnostic_warm.json.gz,measurement_support,"Evidence/manifest/CSV, isolated driver or verification helper; not production patch"
A,doc/performance_experiments/raw/phase3dp1/final_build_provenance.json.gz,measurement_support,"Evidence/manifest/CSV, isolated driver or verification helper; not production patch"
A,doc/performance_experiments/raw/phase3dp1/formal_cycle.json.gz,measurement_support,"Evidence/manifest/CSV, isolated driver or verification helper; not production patch"
A,doc/performance_experiments/raw/phase3dp1/formal_cycle_invocation.json.gz,measurement_support,"Evidence/manifest/CSV, isolated driver or verification helper; not production patch"
A,doc/performance_experiments/raw/phase3dp1/formal_deep.json.gz,measurement_support,"Evidence/manifest/CSV, isolated driver or verification helper; not production patch"
A,doc/performance_experiments/raw/phase3dp1/formal_deep_invocation.json.gz,measurement_support,"Evidence/manifest/CSV, isolated driver or verification helper; not production patch"
A,doc/performance_experiments/raw/phase3dp1/formal_defender.json.gz,measurement_support,"Evidence/manifest/CSV, isolated driver or verification helper; not production patch"
A,doc/performance_experiments/raw/phase3dp1/formal_defender_invocation.json.gz,measurement_support,"Evidence/manifest/CSV, isolated driver or verification helper; not production patch"
A,doc/performance_experiments/raw/phase3dp1/formal_editor.json.gz,measurement_support,"Evidence/manifest/CSV, isolated driver or verification helper; not production patch"
A,doc/performance_experiments/raw/phase3dp1/formal_editor_invocation.json.gz,measurement_support,"Evidence/manifest/CSV, isolated driver or verification helper; not production patch"
A,doc/performance_experiments/raw/phase3dp1/formal_proof_off.json.gz,measurement_support,"Evidence/manifest/CSV, isolated driver or verification helper; not production patch"
A,doc/performance_experiments/raw/phase3dp1/formal_proof_off_invocation.json.gz,measurement_support,"Evidence/manifest/CSV, isolated driver or verification helper; not production patch"
A,doc/performance_experiments/raw/phase3dp1/formal_proof_on.json.gz,measurement_support,"Evidence/manifest/CSV, isolated driver or verification helper; not production patch"
A,doc/performance_experiments/raw/phase3dp1/formal_proof_on_invocation.json.gz,measurement_support,"Evidence/manifest/CSV, isolated driver or verification helper; not production patch"
A,doc/performance_experiments/raw/phase3dp1/formal_shallow.json.gz,measurement_support,"Evidence/manifest/CSV, isolated driver or verification helper; not production patch"
A,doc/performance_experiments/raw/phase3dp1/formal_shallow_invocation.json.gz,measurement_support,"Evidence/manifest/CSV, isolated driver or verification helper; not production patch"
A,doc/performance_experiments/raw/phase3dp1/formal_visible.json.gz,measurement_support,"Evidence/manifest/CSV, isolated driver or verification helper; not production patch"
A,doc/performance_experiments/raw/phase3dp1/formal_visible_invocation.json.gz,measurement_support,"Evidence/manifest/CSV, isolated driver or verification helper; not production patch"
A,doc/performance_experiments/raw/phase3dp1/formal_warm.json.gz,measurement_support,"Evidence/manifest/CSV, isolated driver or verification helper; not production patch"
A,doc/performance_experiments/raw/phase3dp1/formal_warm_invocation.json.gz,measurement_support,"Evidence/manifest/CSV, isolated driver or verification helper; not production patch"
A,doc/performance_experiments/raw/phase3dp1/holdout_deep.json.gz,measurement_support,"Evidence/manifest/CSV, isolated driver or verification helper; not production patch"
A,doc/performance_experiments/raw/phase3dp1/holdout_deep_invocation.json.gz,measurement_support,"Evidence/manifest/CSV, isolated driver or verification helper; not production patch"
A,doc/performance_experiments/raw/phase3dp1/holdout_proof_off.json.gz,measurement_support,"Evidence/manifest/CSV, isolated driver or verification helper; not production patch"
A,doc/performance_experiments/raw/phase3dp1/holdout_proof_off_invocation.json.gz,measurement_support,"Evidence/manifest/CSV, isolated driver or verification helper; not production patch"
A,doc/performance_experiments/raw/phase3dp1/mechanism_diagnostic.json.gz,measurement_support,"Evidence/manifest/CSV, isolated driver or verification helper; not production patch"
A,doc/performance_experiments/raw/phase3dp1/mechanism_reference-diagnostic.json.gz,measurement_support,"Evidence/manifest/CSV, isolated driver or verification helper; not production patch"
A,doc/performance_experiments/raw/phase3dp1/native_full.json.gz,measurement_support,"Evidence/manifest/CSV, isolated driver or verification helper; not production patch"
A,doc/performance_experiments/raw/phase3dp1/native_full_v2.json.gz,measurement_support,"Evidence/manifest/CSV, isolated driver or verification helper; not production patch"
A,doc/performance_experiments/raw/phase3dp1/proof_launcher_build_A.json.gz,measurement_support,"Evidence/manifest/CSV, isolated driver or verification helper; not production patch"
A,doc/performance_experiments/raw/phase3dp1/proof_launcher_build_B.json.gz,measurement_support,"Evidence/manifest/CSV, isolated driver or verification helper; not production patch"
A,doc/performance_experiments/raw/phase3dp1/python_compile_v2.json.gz,measurement_support,"Evidence/manifest/CSV, isolated driver or verification helper; not production patch"
A,doc/performance_experiments/raw/phase3dp1/python_full.json.gz,measurement_support,"Evidence/manifest/CSV, isolated driver or verification helper; not production patch"
A,doc/performance_experiments/raw/phase3dp1/python_full_v2.json.gz,measurement_support,"Evidence/manifest/CSV, isolated driver or verification helper; not production patch"
A,doc/performance_experiments/raw/phase3dp1/python_performance_v2.json.gz,measurement_support,"Evidence/manifest/CSV, isolated driver or verification helper; not production patch"
A,doc/performance_experiments/raw/phase3dp1/python_proof_batch_off.json.gz,measurement_support,"Evidence/manifest/CSV, isolated driver or verification helper; not production patch"
A,doc/performance_experiments/raw/phase3dp1/python_proof_batch_off_invocation.json.gz,measurement_support,"Evidence/manifest/CSV, isolated driver or verification helper; not production patch"
A,doc/performance_experiments/raw/phase3dp1/python_proof_batch_off_v2_invocation.json.gz,measurement_support,"Evidence/manifest/CSV, isolated driver or verification helper; not production patch"
A,doc/performance_experiments/raw/phase3dp1/python_proof_batch_off_v3_invocation.json.gz,measurement_support,"Evidence/manifest/CSV, isolated driver or verification helper; not production patch"
A,doc/performance_experiments/raw/phase3dp1/python_proof_batch_on.json.gz,measurement_support,"Evidence/manifest/CSV, isolated driver or verification helper; not production patch"
A,doc/performance_experiments/raw/phase3dp1/python_proof_batch_on_v3_invocation.json.gz,measurement_support,"Evidence/manifest/CSV, isolated driver or verification helper; not production patch"
A,doc/performance_experiments/raw/phase3dp1/reference-diagnostic_cycle.json.gz,measurement_support,"Evidence/manifest/CSV, isolated driver or verification helper; not production patch"
A,doc/performance_experiments/raw/phase3dp1/reference-diagnostic_deep.json.gz,measurement_support,"Evidence/manifest/CSV, isolated driver or verification helper; not production patch"
A,doc/performance_experiments/raw/phase3dp1/reference-diagnostic_defender.json.gz,measurement_support,"Evidence/manifest/CSV, isolated driver or verification helper; not production patch"
A,doc/performance_experiments/raw/phase3dp1/reference-diagnostic_editor.json.gz,measurement_support,"Evidence/manifest/CSV, isolated driver or verification helper; not production patch"
A,doc/performance_experiments/raw/phase3dp1/reference-diagnostic_proof_off.json.gz,measurement_support,"Evidence/manifest/CSV, isolated driver or verification helper; not production patch"
A,doc/performance_experiments/raw/phase3dp1/reference-diagnostic_proof_on.json.gz,measurement_support,"Evidence/manifest/CSV, isolated driver or verification helper; not production patch"
A,doc/performance_experiments/raw/phase3dp1/reference-diagnostic_shallow.json.gz,measurement_support,"Evidence/manifest/CSV, isolated driver or verification helper; not production patch"
A,doc/performance_experiments/raw/phase3dp1/reference-diagnostic_visible.json.gz,measurement_support,"Evidence/manifest/CSV, isolated driver or verification helper; not production patch"
A,doc/performance_experiments/raw/phase3dp1/reference-diagnostic_warm.json.gz,measurement_support,"Evidence/manifest/CSV, isolated driver or verification helper; not production patch"
A,doc/performance_experiments/raw/phase3dp1/smoke_deep.json.gz,measurement_support,"Evidence/manifest/CSV, isolated driver or verification helper; not production patch"
A,doc/performance_experiments/raw/phase3dp1/smoke_deep_invocation.json.gz,measurement_support,"Evidence/manifest/CSV, isolated driver or verification helper; not production patch"
A,doc/performance_experiments/raw/phase3dp1/unit_diagnostic.json.gz,measurement_support,"Evidence/manifest/CSV, isolated driver or verification helper; not production patch"
A,doc/performance_experiments/raw/phase3dp1/unit_reference-diagnostic.json.gz,measurement_support,"Evidence/manifest/CSV, isolated driver or verification helper; not production patch"
A,doc/performance_experiments/raw/phase3dp1/unit_smoke.json.gz,measurement_support,"Evidence/manifest/CSV, isolated driver or verification helper; not production patch"
A,doc/performance_experiments/raw/phase3dp1/unit_verify.json.gz,measurement_support,"Evidence/manifest/CSV, isolated driver or verification helper; not production patch"
A,doc/performance_experiments/raw/phase3dp1/verify_cycle.json.gz,measurement_support,"Evidence/manifest/CSV, isolated driver or verification helper; not production patch"
A,doc/performance_experiments/raw/phase3dp1/verify_deep.json.gz,measurement_support,"Evidence/manifest/CSV, isolated driver or verification helper; not production patch"
A,doc/performance_experiments/raw/phase3dp1/verify_defender.json.gz,measurement_support,"Evidence/manifest/CSV, isolated driver or verification helper; not production patch"
A,doc/performance_experiments/raw/phase3dp1/verify_editor.json.gz,measurement_support,"Evidence/manifest/CSV, isolated driver or verification helper; not production patch"
A,doc/performance_experiments/raw/phase3dp1/verify_proof_off.json.gz,measurement_support,"Evidence/manifest/CSV, isolated driver or verification helper; not production patch"
A,doc/performance_experiments/raw/phase3dp1/verify_proof_on.json.gz,measurement_support,"Evidence/manifest/CSV, isolated driver or verification helper; not production patch"
A,doc/performance_experiments/raw/phase3dp1/verify_python_solver.json.gz,measurement_support,"Evidence/manifest/CSV, isolated driver or verification helper; not production patch"
A,doc/performance_experiments/raw/phase3dp1/verify_shallow.json.gz,measurement_support,"Evidence/manifest/CSV, isolated driver or verification helper; not production patch"
A,doc/performance_experiments/raw/phase3dp1/verify_special_final_round_false.json.gz,measurement_support,"Evidence/manifest/CSV, isolated driver or verification helper; not production patch"
A,doc/performance_experiments/raw/phase3dp1/verify_special_final_round_true.json.gz,measurement_support,"Evidence/manifest/CSV, isolated driver or verification helper; not production patch"
A,doc/performance_experiments/raw/phase3dp1/verify_special_gold_payment_false.json.gz,measurement_support,"Evidence/manifest/CSV, isolated driver or verification helper; not production patch"
A,doc/performance_experiments/raw/phase3dp1/verify_special_gold_payment_true.json.gz,measurement_support,"Evidence/manifest/CSV, isolated driver or verification helper; not production patch"
A,doc/performance_experiments/raw/phase3dp1/verify_special_multi_noble_false.json.gz,measurement_support,"Evidence/manifest/CSV, isolated driver or verification helper; not production patch"
A,doc/performance_experiments/raw/phase3dp1/verify_special_multi_noble_true.json.gz,measurement_support,"Evidence/manifest/CSV, isolated driver or verification helper; not production patch"
A,doc/performance_experiments/raw/phase3dp1/verify_special_reserve_limit_false.json.gz,measurement_support,"Evidence/manifest/CSV, isolated driver or verification helper; not production patch"
A,doc/performance_experiments/raw/phase3dp1/verify_special_reserve_limit_true.json.gz,measurement_support,"Evidence/manifest/CSV, isolated driver or verification helper; not production patch"
A,doc/performance_experiments/raw/phase3dp1/verify_special_token_return_false.json.gz,measurement_support,"Evidence/manifest/CSV, isolated driver or verification helper; not production patch"
A,doc/performance_experiments/raw/phase3dp1/verify_special_token_return_true.json.gz,measurement_support,"Evidence/manifest/CSV, isolated driver or verification helper; not production patch"
A,doc/performance_experiments/raw/phase3dp1/verify_visible.json.gz,measurement_support,"Evidence/manifest/CSV, isolated driver or verification helper; not production patch"
A,doc/performance_experiments/raw/phase3dp1/verify_warm.json.gz,measurement_support,"Evidence/manifest/CSV, isolated driver or verification helper; not production patch"
A,doc/performance_experiments/raw/phase3dp2/asan_native_full.json.gz,measurement_support,"Evidence/manifest/CSV, isolated driver or verification helper; not production patch"
A,doc/performance_experiments/raw/phase3dp2/benchmark_tool_tests.json.gz,measurement_support,"Evidence/manifest/CSV, isolated driver or verification helper; not production patch"
A,doc/performance_experiments/raw/phase3dp2/buffer_probe.json.gz,measurement_support,"Evidence/manifest/CSV, isolated driver or verification helper; not production patch"
A,doc/performance_experiments/raw/phase3dp2/build_asan_all.json.gz,measurement_support,"Evidence/manifest/CSV, isolated driver or verification helper; not production patch"
A,doc/performance_experiments/raw/phase3dp2/build_buffer_probe.json.gz,measurement_support,"Evidence/manifest/CSV, isolated driver or verification helper; not production patch"
A,doc/performance_experiments/raw/phase3dp2/build_deploy_all.json.gz,measurement_support,"Evidence/manifest/CSV, isolated driver or verification helper; not production patch"
A,doc/performance_experiments/raw/phase3dp2/build_diagnostic.json.gz,measurement_support,"Evidence/manifest/CSV, isolated driver or verification helper; not production patch"
A,doc/performance_experiments/raw/phase3dp2/build_mechanism_diagnostic.json.gz,measurement_support,"Evidence/manifest/CSV, isolated driver or verification helper; not production patch"
A,doc/performance_experiments/raw/phase3dp2/build_mechanism_reference-diagnostic.json.gz,measurement_support,"Evidence/manifest/CSV, isolated driver or verification helper; not production patch"
A,doc/performance_experiments/raw/phase3dp2/build_native_proof_A.json.gz,measurement_support,"Evidence/manifest/CSV, isolated driver or verification helper; not production patch"
A,doc/performance_experiments/raw/phase3dp2/build_native_proof_B.json.gz,measurement_support,"Evidence/manifest/CSV, isolated driver or verification helper; not production patch"
A,doc/performance_experiments/raw/phase3dp2/build_proof_driver.json.gz,measurement_support,"Evidence/manifest/CSV, isolated driver or verification helper; not production patch"
A,doc/performance_experiments/raw/phase3dp2/build_reference-diagnostic.json.gz,measurement_support,"Evidence/manifest/CSV, isolated driver or verification helper; not production patch"
A,doc/performance_experiments/raw/phase3dp2/build_release.json.gz,measurement_support,"Evidence/manifest/CSV, isolated driver or verification helper; not production patch"
A,doc/performance_experiments/raw/phase3dp2/build_verify.json.gz,measurement_support,"Evidence/manifest/CSV, isolated driver or verification helper; not production patch"
A,doc/performance_experiments/raw/phase3dp2/build_verify_python.json.gz,measurement_support,"Evidence/manifest/CSV, isolated driver or verification helper; not production patch"
A,doc/performance_experiments/raw/phase3dp2/candidate_new_header.h.gz,measurement_support,"Evidence/manifest/CSV, isolated driver or verification helper; not production patch"
A,doc/performance_experiments/raw/phase3dp2/candidate_tracked_patch.diff.gz,measurement_support,"Evidence/manifest/CSV, isolated driver or verification helper; not production patch"
A,doc/performance_experiments/raw/phase3dp2/configure_asan.json.gz,measurement_support,"Evidence/manifest/CSV, isolated driver or verification helper; not production patch"
A,doc/performance_experiments/raw/phase3dp2/configure_deploy.json.gz,measurement_support,"Evidence/manifest/CSV, isolated driver or verification helper; not production patch"
A,doc/performance_experiments/raw/phase3dp2/configure_diagnostic.json.gz,measurement_support,"Evidence/manifest/CSV, isolated driver or verification helper; not production patch"
A,doc/performance_experiments/raw/phase3dp2/configure_native_proof_A.json.gz,measurement_support,"Evidence/manifest/CSV, isolated driver or verification helper; not production patch"
A,doc/performance_experiments/raw/phase3dp2/configure_native_proof_B.json.gz,measurement_support,"Evidence/manifest/CSV, isolated driver or verification helper; not production patch"
A,doc/performance_experiments/raw/phase3dp2/configure_proof_driver.json.gz,measurement_support,"Evidence/manifest/CSV, isolated driver or verification helper; not production patch"
A,doc/performance_experiments/raw/phase3dp2/configure_reference-diagnostic.json.gz,measurement_support,"Evidence/manifest/CSV, isolated driver or verification helper; not production patch"
A,doc/performance_experiments/raw/phase3dp2/configure_release.json.gz,measurement_support,"Evidence/manifest/CSV, isolated driver or verification helper; not production patch"
A,doc/performance_experiments/raw/phase3dp2/configure_verify.json.gz,measurement_support,"Evidence/manifest/CSV, isolated driver or verification helper; not production patch"
A,doc/performance_experiments/raw/phase3dp2/configure_verify_python.json.gz,measurement_support,"Evidence/manifest/CSV, isolated driver or verification helper; not production patch"
A,doc/performance_experiments/raw/phase3dp2/deployment_benchmark_identity.json.gz,measurement_support,"Evidence/manifest/CSV, isolated driver or verification helper; not production patch"
A,doc/performance_experiments/raw/phase3dp2/diagnostic_cycle.json.gz,measurement_support,"Evidence/manifest/CSV, isolated driver or verification helper; not production patch"
A,doc/performance_experiments/raw/phase3dp2/diagnostic_deep.json.gz,measurement_support,"Evidence/manifest/CSV, isolated driver or verification helper; not production patch"
A,doc/performance_experiments/raw/phase3dp2/diagnostic_defender.json.gz,measurement_support,"Evidence/manifest/CSV, isolated driver or verification helper; not production patch"
A,doc/performance_experiments/raw/phase3dp2/diagnostic_editor.json.gz,measurement_support,"Evidence/manifest/CSV, isolated driver or verification helper; not production patch"
A,doc/performance_experiments/raw/phase3dp2/diagnostic_proof_off.json.gz,measurement_support,"Evidence/manifest/CSV, isolated driver or verification helper; not production patch"
A,doc/performance_experiments/raw/phase3dp2/diagnostic_proof_on.json.gz,measurement_support,"Evidence/manifest/CSV, isolated driver or verification helper; not production patch"
A,doc/performance_experiments/raw/phase3dp2/diagnostic_shallow.json.gz,measurement_support,"Evidence/manifest/CSV, isolated driver or verification helper; not production patch"
A,doc/performance_experiments/raw/phase3dp2/diagnostic_visible.json.gz,measurement_support,"Evidence/manifest/CSV, isolated driver or verification helper; not production patch"
A,doc/performance_experiments/raw/phase3dp2/diagnostic_warm.json.gz,measurement_support,"Evidence/manifest/CSV, isolated driver or verification helper; not production patch"
A,doc/performance_experiments/raw/phase3dp2/final_build_provenance.json.gz,measurement_support,"Evidence/manifest/CSV, isolated driver or verification helper; not production patch"
A,doc/performance_experiments/raw/phase3dp2/formal_cycle.json.gz,measurement_support,"Evidence/manifest/CSV, isolated driver or verification helper; not production patch"
A,doc/performance_experiments/raw/phase3dp2/formal_cycle_invocation.json.gz,measurement_support,"Evidence/manifest/CSV, isolated driver or verification helper; not production patch"
A,doc/performance_experiments/raw/phase3dp2/formal_deep.json.gz,measurement_support,"Evidence/manifest/CSV, isolated driver or verification helper; not production patch"
A,doc/performance_experiments/raw/phase3dp2/formal_deep_invocation.json.gz,measurement_support,"Evidence/manifest/CSV, isolated driver or verification helper; not production patch"
A,doc/performance_experiments/raw/phase3dp2/formal_defender.json.gz,measurement_support,"Evidence/manifest/CSV, isolated driver or verification helper; not production patch"
A,doc/performance_experiments/raw/phase3dp2/formal_defender_invocation.json.gz,measurement_support,"Evidence/manifest/CSV, isolated driver or verification helper; not production patch"
A,doc/performance_experiments/raw/phase3dp2/formal_editor.json.gz,measurement_support,"Evidence/manifest/CSV, isolated driver or verification helper; not production patch"
A,doc/performance_experiments/raw/phase3dp2/formal_editor_invocation.json.gz,measurement_support,"Evidence/manifest/CSV, isolated driver or verification helper; not production patch"
A,doc/performance_experiments/raw/phase3dp2/formal_proof_off.json.gz,measurement_support,"Evidence/manifest/CSV, isolated driver or verification helper; not production patch"
A,doc/performance_experiments/raw/phase3dp2/formal_proof_off_invocation.json.gz,measurement_support,"Evidence/manifest/CSV, isolated driver or verification helper; not production patch"
A,doc/performance_experiments/raw/phase3dp2/formal_proof_on.json.gz,measurement_support,"Evidence/manifest/CSV, isolated driver or verification helper; not production patch"
A,doc/performance_experiments/raw/phase3dp2/formal_proof_on_invocation.json.gz,measurement_support,"Evidence/manifest/CSV, isolated driver or verification helper; not production patch"
A,doc/performance_experiments/raw/phase3dp2/formal_shallow.json.gz,measurement_support,"Evidence/manifest/CSV, isolated driver or verification helper; not production patch"
A,doc/performance_experiments/raw/phase3dp2/formal_shallow_invocation.json.gz,measurement_support,"Evidence/manifest/CSV, isolated driver or verification helper; not production patch"
A,doc/performance_experiments/raw/phase3dp2/formal_visible.json.gz,measurement_support,"Evidence/manifest/CSV, isolated driver or verification helper; not production patch"
A,doc/performance_experiments/raw/phase3dp2/formal_visible_invocation.json.gz,measurement_support,"Evidence/manifest/CSV, isolated driver or verification helper; not production patch"
A,doc/performance_experiments/raw/phase3dp2/formal_warm.json.gz,measurement_support,"Evidence/manifest/CSV, isolated driver or verification helper; not production patch"
A,doc/performance_experiments/raw/phase3dp2/formal_warm_invocation.json.gz,measurement_support,"Evidence/manifest/CSV, isolated driver or verification helper; not production patch"
A,doc/performance_experiments/raw/phase3dp2/hardware_perf.json.gz,measurement_support,"Evidence/manifest/CSV, isolated driver or verification helper; not production patch"
A,doc/performance_experiments/raw/phase3dp2/holdout_deep.json.gz,measurement_support,"Evidence/manifest/CSV, isolated driver or verification helper; not production patch"
A,doc/performance_experiments/raw/phase3dp2/holdout_deep_invocation.json.gz,measurement_support,"Evidence/manifest/CSV, isolated driver or verification helper; not production patch"
A,doc/performance_experiments/raw/phase3dp2/holdout_proof_off.json.gz,measurement_support,"Evidence/manifest/CSV, isolated driver or verification helper; not production patch"
A,doc/performance_experiments/raw/phase3dp2/holdout_proof_off_invocation.json.gz,measurement_support,"Evidence/manifest/CSV, isolated driver or verification helper; not production patch"
A,doc/performance_experiments/raw/phase3dp2/holdout_proof_on.json.gz,measurement_support,"Evidence/manifest/CSV, isolated driver or verification helper; not production patch"
A,doc/performance_experiments/raw/phase3dp2/holdout_proof_on_invocation.json.gz,measurement_support,"Evidence/manifest/CSV, isolated driver or verification helper; not production patch"
A,doc/performance_experiments/raw/phase3dp2/mechanism_diagnostic.json.gz,measurement_support,"Evidence/manifest/CSV, isolated driver or verification helper; not production patch"
A,doc/performance_experiments/raw/phase3dp2/mechanism_reference-diagnostic.json.gz,measurement_support,"Evidence/manifest/CSV, isolated driver or verification helper; not production patch"
A,doc/performance_experiments/raw/phase3dp2/native_full.json.gz,measurement_support,"Evidence/manifest/CSV, isolated driver or verification helper; not production patch"
A,doc/performance_experiments/raw/phase3dp2/native_proof_batch_off.json.gz,measurement_support,"Evidence/manifest/CSV, isolated driver or verification helper; not production patch"
A,doc/performance_experiments/raw/phase3dp2/native_proof_batch_off_invocation.json.gz,measurement_support,"Evidence/manifest/CSV, isolated driver or verification helper; not production patch"
A,doc/performance_experiments/raw/phase3dp2/native_proof_batch_on.json.gz,measurement_support,"Evidence/manifest/CSV, isolated driver or verification helper; not production patch"
A,doc/performance_experiments/raw/phase3dp2/native_proof_batch_on_invocation.json.gz,measurement_support,"Evidence/manifest/CSV, isolated driver or verification helper; not production patch"
A,doc/performance_experiments/raw/phase3dp2/perf_access_setting.json.gz,measurement_support,"Evidence/manifest/CSV, isolated driver or verification helper; not production patch"
A,doc/performance_experiments/raw/phase3dp2/python_compile.json.gz,measurement_support,"Evidence/manifest/CSV, isolated driver or verification helper; not production patch"
A,doc/performance_experiments/raw/phase3dp2/python_full.json.gz,measurement_support,"Evidence/manifest/CSV, isolated driver or verification helper; not production patch"
A,doc/performance_experiments/raw/phase3dp2/python_performance.json.gz,measurement_support,"Evidence/manifest/CSV, isolated driver or verification helper; not production patch"
A,doc/performance_experiments/raw/phase3dp2/python_proof_batch_off.json.gz,measurement_support,"Evidence/manifest/CSV, isolated driver or verification helper; not production patch"
A,doc/performance_experiments/raw/phase3dp2/python_proof_batch_off_invocation.json.gz,measurement_support,"Evidence/manifest/CSV, isolated driver or verification helper; not production patch"
A,doc/performance_experiments/raw/phase3dp2/python_proof_batch_on.json.gz,measurement_support,"Evidence/manifest/CSV, isolated driver or verification helper; not production patch"
A,doc/performance_experiments/raw/phase3dp2/python_proof_batch_on_invocation.json.gz,measurement_support,"Evidence/manifest/CSV, isolated driver or verification helper; not production patch"
A,doc/performance_experiments/raw/phase3dp2/reference-diagnostic_cycle.json.gz,measurement_support,"Evidence/manifest/CSV, isolated driver or verification helper; not production patch"
A,doc/performance_experiments/raw/phase3dp2/reference-diagnostic_deep.json.gz,measurement_support,"Evidence/manifest/CSV, isolated driver or verification helper; not production patch"
A,doc/performance_experiments/raw/phase3dp2/reference-diagnostic_defender.json.gz,measurement_support,"Evidence/manifest/CSV, isolated driver or verification helper; not production patch"
A,doc/performance_experiments/raw/phase3dp2/reference-diagnostic_editor.json.gz,measurement_support,"Evidence/manifest/CSV, isolated driver or verification helper; not production patch"
A,doc/performance_experiments/raw/phase3dp2/reference-diagnostic_proof_off.json.gz,measurement_support,"Evidence/manifest/CSV, isolated driver or verification helper; not production patch"
A,doc/performance_experiments/raw/phase3dp2/reference-diagnostic_proof_on.json.gz,measurement_support,"Evidence/manifest/CSV, isolated driver or verification helper; not production patch"
A,doc/performance_experiments/raw/phase3dp2/reference-diagnostic_shallow.json.gz,measurement_support,"Evidence/manifest/CSV, isolated driver or verification helper; not production patch"
A,doc/performance_experiments/raw/phase3dp2/reference-diagnostic_visible.json.gz,measurement_support,"Evidence/manifest/CSV, isolated driver or verification helper; not production patch"
A,doc/performance_experiments/raw/phase3dp2/reference-diagnostic_warm.json.gz,measurement_support,"Evidence/manifest/CSV, isolated driver or verification helper; not production patch"
A,doc/performance_experiments/raw/phase3dp2/smoke_deep.json.gz,measurement_support,"Evidence/manifest/CSV, isolated driver or verification helper; not production patch"
A,doc/performance_experiments/raw/phase3dp2/smoke_deep_invocation.json.gz,measurement_support,"Evidence/manifest/CSV, isolated driver or verification helper; not production patch"
A,doc/performance_experiments/raw/phase3dp2/starting_worktrees.json.gz,measurement_support,"Evidence/manifest/CSV, isolated driver or verification helper; not production patch"
A,doc/performance_experiments/raw/phase3dp2/unit_diagnostic.json.gz,measurement_support,"Evidence/manifest/CSV, isolated driver or verification helper; not production patch"
A,doc/performance_experiments/raw/phase3dp2/unit_reference-diagnostic.json.gz,measurement_support,"Evidence/manifest/CSV, isolated driver or verification helper; not production patch"
A,doc/performance_experiments/raw/phase3dp2/unit_release.json.gz,measurement_support,"Evidence/manifest/CSV, isolated driver or verification helper; not production patch"
A,doc/performance_experiments/raw/phase3dp2/unit_smoke.json.gz,measurement_support,"Evidence/manifest/CSV, isolated driver or verification helper; not production patch"
A,doc/performance_experiments/raw/phase3dp2/unit_verify.json.gz,measurement_support,"Evidence/manifest/CSV, isolated driver or verification helper; not production patch"
A,doc/performance_experiments/raw/phase3dp2/verify_cycle.json.gz,measurement_support,"Evidence/manifest/CSV, isolated driver or verification helper; not production patch"
A,doc/performance_experiments/raw/phase3dp2/verify_deep.json.gz,measurement_support,"Evidence/manifest/CSV, isolated driver or verification helper; not production patch"
A,doc/performance_experiments/raw/phase3dp2/verify_defender.json.gz,measurement_support,"Evidence/manifest/CSV, isolated driver or verification helper; not production patch"
A,doc/performance_experiments/raw/phase3dp2/verify_editor.json.gz,measurement_support,"Evidence/manifest/CSV, isolated driver or verification helper; not production patch"
A,doc/performance_experiments/raw/phase3dp2/verify_proof_off.json.gz,measurement_support,"Evidence/manifest/CSV, isolated driver or verification helper; not production patch"
A,doc/performance_experiments/raw/phase3dp2/verify_proof_on.json.gz,measurement_support,"Evidence/manifest/CSV, isolated driver or verification helper; not production patch"
A,doc/performance_experiments/raw/phase3dp2/verify_python_solver.json.gz,measurement_support,"Evidence/manifest/CSV, isolated driver or verification helper; not production patch"
A,doc/performance_experiments/raw/phase3dp2/verify_shallow.json.gz,measurement_support,"Evidence/manifest/CSV, isolated driver or verification helper; not production patch"
A,doc/performance_experiments/raw/phase3dp2/verify_special_final_round_false.json.gz,measurement_support,"Evidence/manifest/CSV, isolated driver or verification helper; not production patch"
A,doc/performance_experiments/raw/phase3dp2/verify_special_final_round_true.json.gz,measurement_support,"Evidence/manifest/CSV, isolated driver or verification helper; not production patch"
A,doc/performance_experiments/raw/phase3dp2/verify_special_gold_payment_false.json.gz,measurement_support,"Evidence/manifest/CSV, isolated driver or verification helper; not production patch"
A,doc/performance_experiments/raw/phase3dp2/verify_special_gold_payment_true.json.gz,measurement_support,"Evidence/manifest/CSV, isolated driver or verification helper; not production patch"
A,doc/performance_experiments/raw/phase3dp2/verify_special_multi_noble_false.json.gz,measurement_support,"Evidence/manifest/CSV, isolated driver or verification helper; not production patch"
A,doc/performance_experiments/raw/phase3dp2/verify_special_multi_noble_true.json.gz,measurement_support,"Evidence/manifest/CSV, isolated driver or verification helper; not production patch"
A,doc/performance_experiments/raw/phase3dp2/verify_special_reserve_limit_false.json.gz,measurement_support,"Evidence/manifest/CSV, isolated driver or verification helper; not production patch"
A,doc/performance_experiments/raw/phase3dp2/verify_special_reserve_limit_true.json.gz,measurement_support,"Evidence/manifest/CSV, isolated driver or verification helper; not production patch"
A,doc/performance_experiments/raw/phase3dp2/verify_special_token_return_false.json.gz,measurement_support,"Evidence/manifest/CSV, isolated driver or verification helper; not production patch"
A,doc/performance_experiments/raw/phase3dp2/verify_special_token_return_true.json.gz,measurement_support,"Evidence/manifest/CSV, isolated driver or verification helper; not production patch"
A,doc/performance_experiments/raw/phase3dp2/verify_visible.json.gz,measurement_support,"Evidence/manifest/CSV, isolated driver or verification helper; not production patch"
A,doc/performance_experiments/raw/phase3dp2/verify_warm.json.gz,measurement_support,"Evidence/manifest/CSV, isolated driver or verification helper; not production patch"
A,doc/performance_experiments/raw/phase3e5e5a/3e/accepted_v2.json.gz,measurement_support,"Evidence/manifest/CSV, isolated driver or verification helper; not production patch"
A,doc/performance_experiments/raw/phase3e5e5a/3e/build_3e-release.json.gz,measurement_support,"Evidence/manifest/CSV, isolated driver or verification helper; not production patch"
A,doc/performance_experiments/raw/phase3e5e5a/3e/configure_3e-release.json.gz,measurement_support,"Evidence/manifest/CSV, isolated driver or verification helper; not production patch"
A,doc/performance_experiments/raw/phase3e5e5a/3e/prototype_v1.json.gz,measurement_support,"Evidence/manifest/CSV, isolated driver or verification helper; not production patch"
A,doc/performance_experiments/raw/phase3e5e5a/3e/smoke_mcts.json.gz,measurement_support,"Evidence/manifest/CSV, isolated driver or verification helper; not production patch"
A,doc/performance_experiments/raw/phase3e5e5a/3e/smoke_mcts_invocation.json.gz,measurement_support,"Evidence/manifest/CSV, isolated driver or verification helper; not production patch"
A,doc/performance_experiments/raw/phase3e5e5a/3e/smoke_primary.json.gz,measurement_support,"Evidence/manifest/CSV, isolated driver or verification helper; not production patch"
A,doc/performance_experiments/raw/phase3e5e5a/3e/smoke_primary_invocation.json.gz,measurement_support,"Evidence/manifest/CSV, isolated driver or verification helper; not production patch"
A,doc/performance_experiments/raw/phase3e5e5a/3e/starting_worktrees.json.gz,measurement_support,"Evidence/manifest/CSV, isolated driver or verification helper; not production patch"
A,doc/performance_experiments/raw/phase3e5e5a/3e/unit_3e-release.json.gz,measurement_support,"Evidence/manifest/CSV, isolated driver or verification helper; not production patch"
A,doc/performance_experiments/raw/phase3e5e5a/3e_v2/build_3e_v2-release.json.gz,measurement_support,"Evidence/manifest/CSV, isolated driver or verification helper; not production patch"
A,doc/performance_experiments/raw/phase3e5e5a/3e_v2/configure_3e_v2-release.json.gz,measurement_support,"Evidence/manifest/CSV, isolated driver or verification helper; not production patch"
A,doc/performance_experiments/raw/phase3e5e5a/3e_v2/formal_cycle.json.gz,measurement_support,"Evidence/manifest/CSV, isolated driver or verification helper; not production patch"
A,doc/performance_experiments/raw/phase3e5e5a/3e_v2/formal_cycle_invocation.json.gz,measurement_support,"Evidence/manifest/CSV, isolated driver or verification helper; not production patch"
A,doc/performance_experiments/raw/phase3e5e5a/3e_v2/formal_mcts.json.gz,measurement_support,"Evidence/manifest/CSV, isolated driver or verification helper; not production patch"
A,doc/performance_experiments/raw/phase3e5e5a/3e_v2/formal_mcts_invocation.json.gz,measurement_support,"Evidence/manifest/CSV, isolated driver or verification helper; not production patch"
A,doc/performance_experiments/raw/phase3e5e5a/3e_v2/formal_primary.json.gz,measurement_support,"Evidence/manifest/CSV, isolated driver or verification helper; not production patch"
A,doc/performance_experiments/raw/phase3e5e5a/3e_v2/formal_primary_invocation.json.gz,measurement_support,"Evidence/manifest/CSV, isolated driver or verification helper; not production patch"
A,doc/performance_experiments/raw/phase3e5e5a/3e_v2/formal_returns.json.gz,measurement_support,"Evidence/manifest/CSV, isolated driver or verification helper; not production patch"
A,doc/performance_experiments/raw/phase3e5e5a/3e_v2/formal_returns_invocation.json.gz,measurement_support,"Evidence/manifest/CSV, isolated driver or verification helper; not production patch"
A,doc/performance_experiments/raw/phase3e5e5a/3e_v2/formal_solver.json.gz,measurement_support,"Evidence/manifest/CSV, isolated driver or verification helper; not production patch"
A,doc/performance_experiments/raw/phase3e5e5a/3e_v2/formal_solver_invocation.json.gz,measurement_support,"Evidence/manifest/CSV, isolated driver or verification helper; not production patch"
A,doc/performance_experiments/raw/phase3e5e5a/3e_v2/holdout_primary.json.gz,measurement_support,"Evidence/manifest/CSV, isolated driver or verification helper; not production patch"
A,doc/performance_experiments/raw/phase3e5e5a/3e_v2/holdout_primary_invocation.json.gz,measurement_support,"Evidence/manifest/CSV, isolated driver or verification helper; not production patch"
A,doc/performance_experiments/raw/phase3e5e5a/3e_v2/holdout_returns.json.gz,measurement_support,"Evidence/manifest/CSV, isolated driver or verification helper; not production patch"
A,doc/performance_experiments/raw/phase3e5e5a/3e_v2/holdout_returns_invocation.json.gz,measurement_support,"Evidence/manifest/CSV, isolated driver or verification helper; not production patch"
A,doc/performance_experiments/raw/phase3e5e5a/3e_v2/smoke_mcts.json.gz,measurement_support,"Evidence/manifest/CSV, isolated driver or verification helper; not production patch"
A,doc/performance_experiments/raw/phase3e5e5a/3e_v2/smoke_mcts_invocation.json.gz,measurement_support,"Evidence/manifest/CSV, isolated driver or verification helper; not production patch"
A,doc/performance_experiments/raw/phase3e5e5a/3e_v2/smoke_primary.json.gz,measurement_support,"Evidence/manifest/CSV, isolated driver or verification helper; not production patch"
A,doc/performance_experiments/raw/phase3e5e5a/3e_v2/smoke_primary_invocation.json.gz,measurement_support,"Evidence/manifest/CSV, isolated driver or verification helper; not production patch"
A,doc/performance_experiments/raw/phase3e5e5a/3e_v2/unit_3e_v2-release.json.gz,measurement_support,"Evidence/manifest/CSV, isolated driver or verification helper; not production patch"
A,doc/performance_experiments/raw/phase3e5e5a/5a/baseline.json.gz,measurement_support,"Evidence/manifest/CSV, isolated driver or verification helper; not production patch"
A,doc/performance_experiments/raw/phase3e5e5a/5a/build_5a-diagnostic.json.gz,measurement_support,"Evidence/manifest/CSV, isolated driver or verification helper; not production patch"
A,doc/performance_experiments/raw/phase3e5e5a/5a/build_5a-reference.json.gz,measurement_support,"Evidence/manifest/CSV, isolated driver or verification helper; not production patch"
A,doc/performance_experiments/raw/phase3e5e5a/5a/build_5a-release.json.gz,measurement_support,"Evidence/manifest/CSV, isolated driver or verification helper; not production patch"
A,doc/performance_experiments/raw/phase3e5e5a/5a/build_fixed.json.gz,measurement_support,"Evidence/manifest/CSV, isolated driver or verification helper; not production patch"
A,doc/performance_experiments/raw/phase3e5e5a/5a/build_oracle_fixed.json.gz,measurement_support,"Evidence/manifest/CSV, isolated driver or verification helper; not production patch"
A,doc/performance_experiments/raw/phase3e5e5a/5a/configure_5a-diagnostic.json.gz,measurement_support,"Evidence/manifest/CSV, isolated driver or verification helper; not production patch"
A,doc/performance_experiments/raw/phase3e5e5a/5a/configure_5a-reference.json.gz,measurement_support,"Evidence/manifest/CSV, isolated driver or verification helper; not production patch"
A,doc/performance_experiments/raw/phase3e5e5a/5a/configure_5a-release.json.gz,measurement_support,"Evidence/manifest/CSV, isolated driver or verification helper; not production patch"
A,doc/performance_experiments/raw/phase3e5e5a/5a/formal_mcts.json.gz,measurement_support,"Evidence/manifest/CSV, isolated driver or verification helper; not production patch"
A,doc/performance_experiments/raw/phase3e5e5a/5a/formal_mcts_invocation.json.gz,measurement_support,"Evidence/manifest/CSV, isolated driver or verification helper; not production patch"
A,doc/performance_experiments/raw/phase3e5e5a/5a/formal_primary.json.gz,measurement_support,"Evidence/manifest/CSV, isolated driver or verification helper; not production patch"
A,doc/performance_experiments/raw/phase3e5e5a/5a/formal_primary_invocation.json.gz,measurement_support,"Evidence/manifest/CSV, isolated driver or verification helper; not production patch"
A,doc/performance_experiments/raw/phase3e5e5a/5a/holdout_mcts.json.gz,measurement_support,"Evidence/manifest/CSV, isolated driver or verification helper; not production patch"
A,doc/performance_experiments/raw/phase3e5e5a/5a/holdout_mcts_invocation.json.gz,measurement_support,"Evidence/manifest/CSV, isolated driver or verification helper; not production patch"
A,doc/performance_experiments/raw/phase3e5e5a/5a/holdout_primary.json.gz,measurement_support,"Evidence/manifest/CSV, isolated driver or verification helper; not production patch"
A,doc/performance_experiments/raw/phase3e5e5a/5a/holdout_primary_invocation.json.gz,measurement_support,"Evidence/manifest/CSV, isolated driver or verification helper; not production patch"
A,doc/performance_experiments/raw/phase3e5e5a/5a/profile_binaries.json.gz,measurement_support,"Evidence/manifest/CSV, isolated driver or verification helper; not production patch"
A,doc/performance_experiments/raw/phase3e5e5a/5a/profile_diagnostic.json.gz,measurement_support,"Evidence/manifest/CSV, isolated driver or verification helper; not production patch"
A,doc/performance_experiments/raw/phase3e5e5a/5a/profile_reference.json.gz,measurement_support,"Evidence/manifest/CSV, isolated driver or verification helper; not production patch"
A,doc/performance_experiments/raw/phase3e5e5a/5a/profile_release.json.gz,measurement_support,"Evidence/manifest/CSV, isolated driver or verification helper; not production patch"
A,doc/performance_experiments/raw/phase3e5e5a/5a/rejected.json.gz,measurement_support,"Evidence/manifest/CSV, isolated driver or verification helper; not production patch"
A,doc/performance_experiments/raw/phase3e5e5a/5a/smoke_mcts.json.gz,measurement_support,"Evidence/manifest/CSV, isolated driver or verification helper; not production patch"
A,doc/performance_experiments/raw/phase3e5e5a/5a/smoke_mcts_invocation.json.gz,measurement_support,"Evidence/manifest/CSV, isolated driver or verification helper; not production patch"
A,doc/performance_experiments/raw/phase3e5e5a/5a/smoke_primary.json.gz,measurement_support,"Evidence/manifest/CSV, isolated driver or verification helper; not production patch"
A,doc/performance_experiments/raw/phase3e5e5a/5a/smoke_primary_invocation.json.gz,measurement_support,"Evidence/manifest/CSV, isolated driver or verification helper; not production patch"
A,doc/performance_experiments/raw/phase3e5e5a/5a/unit_5a-diagnostic.json.gz,measurement_support,"Evidence/manifest/CSV, isolated driver or verification helper; not production patch"
A,doc/performance_experiments/raw/phase3e5e5a/5a/unit_5a-reference.json.gz,measurement_support,"Evidence/manifest/CSV, isolated driver or verification helper; not production patch"
A,doc/performance_experiments/raw/phase3e5e5a/5a/unit_fixed.json.gz,measurement_support,"Evidence/manifest/CSV, isolated driver or verification helper; not production patch"
A,doc/performance_experiments/raw/phase3e5e5a/5a/unit_oracle_fixed.json.gz,measurement_support,"Evidence/manifest/CSV, isolated driver or verification helper; not production patch"
A,doc/performance_experiments/raw/phase3e5e5a/5e/accepted.json.gz,measurement_support,"Evidence/manifest/CSV, isolated driver or verification helper; not production patch"
A,doc/performance_experiments/raw/phase3e5e5a/5e/baseline.json.gz,measurement_support,"Evidence/manifest/CSV, isolated driver or verification helper; not production patch"
A,doc/performance_experiments/raw/phase3e5e5a/5e/build_5e-release.json.gz,measurement_support,"Evidence/manifest/CSV, isolated driver or verification helper; not production patch"
A,doc/performance_experiments/raw/phase3e5e5a/5e/build_fixed.json.gz,measurement_support,"Evidence/manifest/CSV, isolated driver or verification helper; not production patch"
A,doc/performance_experiments/raw/phase3e5e5a/5e/configure_5e-release.json.gz,measurement_support,"Evidence/manifest/CSV, isolated driver or verification helper; not production patch"
A,doc/performance_experiments/raw/phase3e5e5a/5e/formal_codes.json.gz,measurement_support,"Evidence/manifest/CSV, isolated driver or verification helper; not production patch"
A,doc/performance_experiments/raw/phase3e5e5a/5e/formal_codes_invocation.json.gz,measurement_support,"Evidence/manifest/CSV, isolated driver or verification helper; not production patch"
A,doc/performance_experiments/raw/phase3e5e5a/5e/formal_count.json.gz,measurement_support,"Evidence/manifest/CSV, isolated driver or verification helper; not production patch"
A,doc/performance_experiments/raw/phase3e5e5a/5e/formal_count_invocation.json.gz,measurement_support,"Evidence/manifest/CSV, isolated driver or verification helper; not production patch"
A,doc/performance_experiments/raw/phase3e5e5a/5e/formal_editor.json.gz,measurement_support,"Evidence/manifest/CSV, isolated driver or verification helper; not production patch"
A,doc/performance_experiments/raw/phase3e5e5a/5e/formal_editor_invocation.json.gz,measurement_support,"Evidence/manifest/CSV, isolated driver or verification helper; not production patch"
A,doc/performance_experiments/raw/phase3e5e5a/5e/formal_mcts.json.gz,measurement_support,"Evidence/manifest/CSV, isolated driver or verification helper; not production patch"
A,doc/performance_experiments/raw/phase3e5e5a/5e/formal_mcts_invocation.json.gz,measurement_support,"Evidence/manifest/CSV, isolated driver or verification helper; not production patch"
A,doc/performance_experiments/raw/phase3e5e5a/5e/formal_primary.json.gz,measurement_support,"Evidence/manifest/CSV, isolated driver or verification helper; not production patch"
A,doc/performance_experiments/raw/phase3e5e5a/5e/formal_primary_invocation.json.gz,measurement_support,"Evidence/manifest/CSV, isolated driver or verification helper; not production patch"
A,doc/performance_experiments/raw/phase3e5e5a/5e/formal_simple.json.gz,measurement_support,"Evidence/manifest/CSV, isolated driver or verification helper; not production patch"
A,doc/performance_experiments/raw/phase3e5e5a/5e/formal_simple_invocation.json.gz,measurement_support,"Evidence/manifest/CSV, isolated driver or verification helper; not production patch"
A,doc/performance_experiments/raw/phase3e5e5a/5e/formal_solver.json.gz,measurement_support,"Evidence/manifest/CSV, isolated driver or verification helper; not production patch"
A,doc/performance_experiments/raw/phase3e5e5a/5e/formal_solver_invocation.json.gz,measurement_support,"Evidence/manifest/CSV, isolated driver or verification helper; not production patch"
A,doc/performance_experiments/raw/phase3e5e5a/5e/holdout_primary.json.gz,measurement_support,"Evidence/manifest/CSV, isolated driver or verification helper; not production patch"
A,doc/performance_experiments/raw/phase3e5e5a/5e/holdout_primary_invocation.json.gz,measurement_support,"Evidence/manifest/CSV, isolated driver or verification helper; not production patch"
A,doc/performance_experiments/raw/phase3e5e5a/5e/holdout_simple.json.gz,measurement_support,"Evidence/manifest/CSV, isolated driver or verification helper; not production patch"
A,doc/performance_experiments/raw/phase3e5e5a/5e/holdout_simple_invocation.json.gz,measurement_support,"Evidence/manifest/CSV, isolated driver or verification helper; not production patch"
A,doc/performance_experiments/raw/phase3e5e5a/5e/smoke_mcts.json.gz,measurement_support,"Evidence/manifest/CSV, isolated driver or verification helper; not production patch"
A,doc/performance_experiments/raw/phase3e5e5a/5e/smoke_mcts_invocation.json.gz,measurement_support,"Evidence/manifest/CSV, isolated driver or verification helper; not production patch"
A,doc/performance_experiments/raw/phase3e5e5a/5e/smoke_primary.json.gz,measurement_support,"Evidence/manifest/CSV, isolated driver or verification helper; not production patch"
A,doc/performance_experiments/raw/phase3e5e5a/5e/smoke_primary_invocation.json.gz,measurement_support,"Evidence/manifest/CSV, isolated driver or verification helper; not production patch"
A,doc/performance_experiments/raw/phase3e5e5a/5e/unit_fixed.json.gz,measurement_support,"Evidence/manifest/CSV, isolated driver or verification helper; not production patch"
A,doc/performance_experiments/raw/phase3e5e5a/final/build_deploy.json.gz,measurement_support,"Evidence/manifest/CSV, isolated driver or verification helper; not production patch"
A,doc/performance_experiments/raw/phase3e5e5a/final/build_final-asan.json.gz,measurement_support,"Evidence/manifest/CSV, isolated driver or verification helper; not production patch"
A,doc/performance_experiments/raw/phase3e5e5a/final/build_final-diagnostic.json.gz,measurement_support,"Evidence/manifest/CSV, isolated driver or verification helper; not production patch"
A,doc/performance_experiments/raw/phase3e5e5a/final/build_final-reference.json.gz,measurement_support,"Evidence/manifest/CSV, isolated driver or verification helper; not production patch"
A,doc/performance_experiments/raw/phase3e5e5a/final/build_final-release.json.gz,measurement_support,"Evidence/manifest/CSV, isolated driver or verification helper; not production patch"
A,doc/performance_experiments/raw/phase3e5e5a/final/common_decode.json.gz,measurement_support,"Evidence/manifest/CSV, isolated driver or verification helper; not production patch"
A,doc/performance_experiments/raw/phase3e5e5a/final/common_decode_invocation.json.gz,measurement_support,"Evidence/manifest/CSV, isolated driver or verification helper; not production patch"
A,doc/performance_experiments/raw/phase3e5e5a/final/common_holdout_decode.json.gz,measurement_support,"Evidence/manifest/CSV, isolated driver or verification helper; not production patch"
A,doc/performance_experiments/raw/phase3e5e5a/final/common_holdout_decode_invocation.json.gz,measurement_support,"Evidence/manifest/CSV, isolated driver or verification helper; not production patch"
A,doc/performance_experiments/raw/phase3e5e5a/final/common_holdout_random.json.gz,measurement_support,"Evidence/manifest/CSV, isolated driver or verification helper; not production patch"
A,doc/performance_experiments/raw/phase3e5e5a/final/common_holdout_random_invocation.json.gz,measurement_support,"Evidence/manifest/CSV, isolated driver or verification helper; not production patch"
A,doc/performance_experiments/raw/phase3e5e5a/final/common_holdout_v3.json.gz,measurement_support,"Evidence/manifest/CSV, isolated driver or verification helper; not production patch"
A,doc/performance_experiments/raw/phase3e5e5a/final/common_holdout_v3_invocation.json.gz,measurement_support,"Evidence/manifest/CSV, isolated driver or verification helper; not production patch"
A,doc/performance_experiments/raw/phase3e5e5a/final/common_mcts.json.gz,measurement_support,"Evidence/manifest/CSV, isolated driver or verification helper; not production patch"
A,doc/performance_experiments/raw/phase3e5e5a/final/common_mcts_invocation.json.gz,measurement_support,"Evidence/manifest/CSV, isolated driver or verification helper; not production patch"
A,doc/performance_experiments/raw/phase3e5e5a/final/common_random.json.gz,measurement_support,"Evidence/manifest/CSV, isolated driver or verification helper; not production patch"
A,doc/performance_experiments/raw/phase3e5e5a/final/common_random_invocation.json.gz,measurement_support,"Evidence/manifest/CSV, isolated driver or verification helper; not production patch"
A,doc/performance_experiments/raw/phase3e5e5a/final/common_v3.json.gz,measurement_support,"Evidence/manifest/CSV, isolated driver or verification helper; not production patch"
A,doc/performance_experiments/raw/phase3e5e5a/final/common_v3_invocation.json.gz,measurement_support,"Evidence/manifest/CSV, isolated driver or verification helper; not production patch"
A,doc/performance_experiments/raw/phase3e5e5a/final/common_visible.json.gz,measurement_support,"Evidence/manifest/CSV, isolated driver or verification helper; not production patch"
A,doc/performance_experiments/raw/phase3e5e5a/final/common_visible_invocation.json.gz,measurement_support,"Evidence/manifest/CSV, isolated driver or verification helper; not production patch"
A,doc/performance_experiments/raw/phase3e5e5a/final/component_legal_count.json.gz,measurement_support,"Evidence/manifest/CSV, isolated driver or verification helper; not production patch"
A,doc/performance_experiments/raw/phase3e5e5a/final/component_legal_count_invocation.json.gz,measurement_support,"Evidence/manifest/CSV, isolated driver or verification helper; not production patch"
A,doc/performance_experiments/raw/phase3e5e5a/final/component_legal_select.json.gz,measurement_support,"Evidence/manifest/CSV, isolated driver or verification helper; not production patch"
A,doc/performance_experiments/raw/phase3e5e5a/final/component_legal_select_invocation.json.gz,measurement_support,"Evidence/manifest/CSV, isolated driver or verification helper; not production patch"
A,doc/performance_experiments/raw/phase3e5e5a/final/configure_deploy.json.gz,measurement_support,"Evidence/manifest/CSV, isolated driver or verification helper; not production patch"
A,doc/performance_experiments/raw/phase3e5e5a/final/configure_final-asan.json.gz,measurement_support,"Evidence/manifest/CSV, isolated driver or verification helper; not production patch"
A,doc/performance_experiments/raw/phase3e5e5a/final/configure_final-diagnostic.json.gz,measurement_support,"Evidence/manifest/CSV, isolated driver or verification helper; not production patch"
A,doc/performance_experiments/raw/phase3e5e5a/final/configure_final-reference.json.gz,measurement_support,"Evidence/manifest/CSV, isolated driver or verification helper; not production patch"
A,doc/performance_experiments/raw/phase3e5e5a/final/configure_final-release.json.gz,measurement_support,"Evidence/manifest/CSV, isolated driver or verification helper; not production patch"
A,doc/performance_experiments/raw/phase3e5e5a/final/deployment_binary_identity.json.gz,measurement_support,"Evidence/manifest/CSV, isolated driver or verification helper; not production patch"
A,doc/performance_experiments/raw/phase3e5e5a/final/hardware.json.gz,measurement_support,"Evidence/manifest/CSV, isolated driver or verification helper; not production patch"
A,doc/performance_experiments/raw/phase3e5e5a/final/matched_decode_long.json.gz,measurement_support,"Evidence/manifest/CSV, isolated driver or verification helper; not production patch"
A,doc/performance_experiments/raw/phase3e5e5a/final/matched_decode_long_invocation.json.gz,measurement_support,"Evidence/manifest/CSV, isolated driver or verification helper; not production patch"
A,doc/performance_experiments/raw/phase3e5e5a/final/native_full.json.gz,measurement_support,"Evidence/manifest/CSV, isolated driver or verification helper; not production patch"
A,doc/performance_experiments/raw/phase3e5e5a/final/oracle_coverage.json.gz,measurement_support,"Evidence/manifest/CSV, isolated driver or verification helper; not production patch"
A,doc/performance_experiments/raw/phase3e5e5a/final/orchestration_compile.json.gz,measurement_support,"Evidence/manifest/CSV, isolated driver or verification helper; not production patch"
A,doc/performance_experiments/raw/phase3e5e5a/final/orchestration_compile_final.json.gz,measurement_support,"Evidence/manifest/CSV, isolated driver or verification helper; not production patch"
A,doc/performance_experiments/raw/phase3e5e5a/final/perf_environment.json.gz,measurement_support,"Evidence/manifest/CSV, isolated driver or verification helper; not production patch"
A,doc/performance_experiments/raw/phase3e5e5a/final/perf_policy.json.gz,measurement_support,"Evidence/manifest/CSV, isolated driver or verification helper; not production patch"
A,doc/performance_experiments/raw/phase3e5e5a/final/profile_diagnostic_legal_count.json.gz,measurement_support,"Evidence/manifest/CSV, isolated driver or verification helper; not production patch"
A,doc/performance_experiments/raw/phase3e5e5a/final/profile_diagnostic_legal_select.json.gz,measurement_support,"Evidence/manifest/CSV, isolated driver or verification helper; not production patch"
A,doc/performance_experiments/raw/phase3e5e5a/final/profile_diagnostic_visible_solver.json.gz,measurement_support,"Evidence/manifest/CSV, isolated driver or verification helper; not production patch"
A,doc/performance_experiments/raw/phase3e5e5a/final/profile_reference_legal_count.json.gz,measurement_support,"Evidence/manifest/CSV, isolated driver or verification helper; not production patch"
A,doc/performance_experiments/raw/phase3e5e5a/final/profile_reference_legal_select.json.gz,measurement_support,"Evidence/manifest/CSV, isolated driver or verification helper; not production patch"
A,doc/performance_experiments/raw/phase3e5e5a/final/profile_reference_visible_solver.json.gz,measurement_support,"Evidence/manifest/CSV, isolated driver or verification helper; not production patch"
A,doc/performance_experiments/raw/phase3e5e5a/final/profile_release_legal_count.json.gz,measurement_support,"Evidence/manifest/CSV, isolated driver or verification helper; not production patch"
A,doc/performance_experiments/raw/phase3e5e5a/final/profile_release_legal_select.json.gz,measurement_support,"Evidence/manifest/CSV, isolated driver or verification helper; not production patch"
A,doc/performance_experiments/raw/phase3e5e5a/final/profile_release_visible_solver.json.gz,measurement_support,"Evidence/manifest/CSV, isolated driver or verification helper; not production patch"
A,doc/performance_experiments/raw/phase3e5e5a/final/python_compile.json.gz,measurement_support,"Evidence/manifest/CSV, isolated driver or verification helper; not production patch"
A,doc/performance_experiments/raw/phase3e5e5a/final/python_full.json.gz,measurement_support,"Evidence/manifest/CSV, isolated driver or verification helper; not production patch"
A,doc/performance_experiments/raw/phase3e5e5a/final/python_full_fixed.json.gz,measurement_support,"Evidence/manifest/CSV, isolated driver or verification helper; not production patch"
A,doc/performance_experiments/raw/phase3e5e5a/final/python_performance.json.gz,measurement_support,"Evidence/manifest/CSV, isolated driver or verification helper; not production patch"
A,doc/performance_experiments/raw/phase3e5e5a/final/source_snapshot.json.gz,measurement_support,"Evidence/manifest/CSV, isolated driver or verification helper; not production patch"
A,doc/performance_experiments/raw/phase3e5e5a/final/unit_final-asan.json.gz,measurement_support,"Evidence/manifest/CSV, isolated driver or verification helper; not production patch"
A,doc/performance_experiments/raw/phase3e5e5a/final/unit_final-diagnostic.json.gz,measurement_support,"Evidence/manifest/CSV, isolated driver or verification helper; not production patch"
A,doc/performance_experiments/raw/phase3e5e5a/final/unit_final-reference.json.gz,measurement_support,"Evidence/manifest/CSV, isolated driver or verification helper; not production patch"
A,doc/performance_experiments/raw/phase3e5e5a/final/unit_final-release.json.gz,measurement_support,"Evidence/manifest/CSV, isolated driver or verification helper; not production patch"
A,doc/performance_experiments/raw/phase3e5e5a/final/unit_final_asan_selection.json.gz,measurement_support,"Evidence/manifest/CSV, isolated driver or verification helper; not production patch"
A,doc/performance_experiments/raw/phase4c/4c1/v1/build_baseline.json.gz,measurement_support,"Evidence/manifest/CSV, isolated driver or verification helper; not production patch"
A,doc/performance_experiments/raw/phase4c/4c1/v1/build_diagnostic.json.gz,measurement_support,"Evidence/manifest/CSV, isolated driver or verification helper; not production patch"
A,doc/performance_experiments/raw/phase4c/4c1/v1/build_reference.json.gz,measurement_support,"Evidence/manifest/CSV, isolated driver or verification helper; not production patch"
A,doc/performance_experiments/raw/phase4c/4c1/v1/build_release.json.gz,measurement_support,"Evidence/manifest/CSV, isolated driver or verification helper; not production patch"
A,doc/performance_experiments/raw/phase4c/4c1/v1/configure_baseline.json.gz,measurement_support,"Evidence/manifest/CSV, isolated driver or verification helper; not production patch"
A,doc/performance_experiments/raw/phase4c/4c1/v1/configure_diagnostic.json.gz,measurement_support,"Evidence/manifest/CSV, isolated driver or verification helper; not production patch"
A,doc/performance_experiments/raw/phase4c/4c1/v1/configure_reference.json.gz,measurement_support,"Evidence/manifest/CSV, isolated driver or verification helper; not production patch"
A,doc/performance_experiments/raw/phase4c/4c1/v1/configure_release.json.gz,measurement_support,"Evidence/manifest/CSV, isolated driver or verification helper; not production patch"
A,doc/performance_experiments/raw/phase4c/4c1/v1/formal_primary.json.gz,measurement_support,"Evidence/manifest/CSV, isolated driver or verification helper; not production patch"
A,doc/performance_experiments/raw/phase4c/4c1/v1/formal_primary_invocation.json.gz,measurement_support,"Evidence/manifest/CSV, isolated driver or verification helper; not production patch"
A,doc/performance_experiments/raw/phase4c/4c1/v1/holdout_primary.json.gz,measurement_support,"Evidence/manifest/CSV, isolated driver or verification helper; not production patch"
A,doc/performance_experiments/raw/phase4c/4c1/v1/holdout_primary_invocation.json.gz,measurement_support,"Evidence/manifest/CSV, isolated driver or verification helper; not production patch"
A,doc/performance_experiments/raw/phase4c/4c1/v1/profile_batch64.json.gz,measurement_support,"Evidence/manifest/CSV, isolated driver or verification helper; not production patch"
A,doc/performance_experiments/raw/phase4c/4c1/v1/profile_latency250.json.gz,measurement_support,"Evidence/manifest/CSV, isolated driver or verification helper; not production patch"
A,doc/performance_experiments/raw/phase4c/4c1/v1/profile_primary.json.gz,measurement_support,"Evidence/manifest/CSV, isolated driver or verification helper; not production patch"
A,doc/performance_experiments/raw/phase4c/4c1/v1/profile_serial_exact.json.gz,measurement_support,"Evidence/manifest/CSV, isolated driver or verification helper; not production patch"
A,doc/performance_experiments/raw/phase4c/4c1/v1/prototype_sources.json.gz,measurement_support,"Evidence/manifest/CSV, isolated driver or verification helper; not production patch"
A,doc/performance_experiments/raw/phase4c/4c1/v1/smoke_batch64.json.gz,measurement_support,"Evidence/manifest/CSV, isolated driver or verification helper; not production patch"
A,doc/performance_experiments/raw/phase4c/4c1/v1/smoke_batch64_invocation.json.gz,measurement_support,"Evidence/manifest/CSV, isolated driver or verification helper; not production patch"
A,doc/performance_experiments/raw/phase4c/4c1/v1/smoke_primary.json.gz,measurement_support,"Evidence/manifest/CSV, isolated driver or verification helper; not production patch"
A,doc/performance_experiments/raw/phase4c/4c1/v1/smoke_primary_invocation.json.gz,measurement_support,"Evidence/manifest/CSV, isolated driver or verification helper; not production patch"
A,doc/performance_experiments/raw/phase4c/4c1/v1/smoke_serial_exact.json.gz,measurement_support,"Evidence/manifest/CSV, isolated driver or verification helper; not production patch"
A,doc/performance_experiments/raw/phase4c/4c1/v1/smoke_serial_exact_invocation.json.gz,measurement_support,"Evidence/manifest/CSV, isolated driver or verification helper; not production patch"
A,doc/performance_experiments/raw/phase4c/4c1/v1/starting_sources.json.gz,measurement_support,"Evidence/manifest/CSV, isolated driver or verification helper; not production patch"
A,doc/performance_experiments/raw/phase4c/4c1/v1/unit_diagnostic.json.gz,measurement_support,"Evidence/manifest/CSV, isolated driver or verification helper; not production patch"
A,doc/performance_experiments/raw/phase4c/4c1/v1/unit_reference.json.gz,measurement_support,"Evidence/manifest/CSV, isolated driver or verification helper; not production patch"
A,doc/performance_experiments/raw/phase4c/4c1/v1/unit_release.json.gz,measurement_support,"Evidence/manifest/CSV, isolated driver or verification helper; not production patch"
A,doc/performance_experiments/raw/phase4c/4c2/v1/build_diagnostic.json.gz,measurement_support,"Evidence/manifest/CSV, isolated driver or verification helper; not production patch"
A,doc/performance_experiments/raw/phase4c/4c2/v1/build_reference.json.gz,measurement_support,"Evidence/manifest/CSV, isolated driver or verification helper; not production patch"
A,doc/performance_experiments/raw/phase4c/4c2/v1/build_release.json.gz,measurement_support,"Evidence/manifest/CSV, isolated driver or verification helper; not production patch"
A,doc/performance_experiments/raw/phase4c/4c2/v1/configure_diagnostic.json.gz,measurement_support,"Evidence/manifest/CSV, isolated driver or verification helper; not production patch"
A,doc/performance_experiments/raw/phase4c/4c2/v1/configure_reference.json.gz,measurement_support,"Evidence/manifest/CSV, isolated driver or verification helper; not production patch"
A,doc/performance_experiments/raw/phase4c/4c2/v1/configure_release.json.gz,measurement_support,"Evidence/manifest/CSV, isolated driver or verification helper; not production patch"
A,doc/performance_experiments/raw/phase4c/4c2/v1/formal_primary.json.gz,measurement_support,"Evidence/manifest/CSV, isolated driver or verification helper; not production patch"
A,doc/performance_experiments/raw/phase4c/4c2/v1/formal_primary_invocation.json.gz,measurement_support,"Evidence/manifest/CSV, isolated driver or verification helper; not production patch"
A,doc/performance_experiments/raw/phase4c/4c2/v1/formal_serial_exact.json.gz,measurement_support,"Evidence/manifest/CSV, isolated driver or verification helper; not production patch"
A,doc/performance_experiments/raw/phase4c/4c2/v1/formal_serial_exact_invocation.json.gz,measurement_support,"Evidence/manifest/CSV, isolated driver or verification helper; not production patch"
A,doc/performance_experiments/raw/phase4c/4c2/v1/holdout_primary.json.gz,measurement_support,"Evidence/manifest/CSV, isolated driver or verification helper; not production patch"
A,doc/performance_experiments/raw/phase4c/4c2/v1/holdout_primary_invocation.json.gz,measurement_support,"Evidence/manifest/CSV, isolated driver or verification helper; not production patch"
A,doc/performance_experiments/raw/phase4c/4c2/v1/profile_batch64.json.gz,measurement_support,"Evidence/manifest/CSV, isolated driver or verification helper; not production patch"
A,doc/performance_experiments/raw/phase4c/4c2/v1/profile_latency250.json.gz,measurement_support,"Evidence/manifest/CSV, isolated driver or verification helper; not production patch"
A,doc/performance_experiments/raw/phase4c/4c2/v1/profile_primary.json.gz,measurement_support,"Evidence/manifest/CSV, isolated driver or verification helper; not production patch"
A,doc/performance_experiments/raw/phase4c/4c2/v1/profile_serial_exact.json.gz,measurement_support,"Evidence/manifest/CSV, isolated driver or verification helper; not production patch"
A,doc/performance_experiments/raw/phase4c/4c2/v1/prototype_sources.json.gz,measurement_support,"Evidence/manifest/CSV, isolated driver or verification helper; not production patch"
A,doc/performance_experiments/raw/phase4c/4c2/v1/smoke_batch64.json.gz,measurement_support,"Evidence/manifest/CSV, isolated driver or verification helper; not production patch"
A,doc/performance_experiments/raw/phase4c/4c2/v1/smoke_batch64_invocation.json.gz,measurement_support,"Evidence/manifest/CSV, isolated driver or verification helper; not production patch"
A,doc/performance_experiments/raw/phase4c/4c2/v1/smoke_primary.json.gz,measurement_support,"Evidence/manifest/CSV, isolated driver or verification helper; not production patch"
A,doc/performance_experiments/raw/phase4c/4c2/v1/smoke_primary_invocation.json.gz,measurement_support,"Evidence/manifest/CSV, isolated driver or verification helper; not production patch"
A,doc/performance_experiments/raw/phase4c/4c2/v1/smoke_serial_exact.json.gz,measurement_support,"Evidence/manifest/CSV, isolated driver or verification helper; not production patch"
A,doc/performance_experiments/raw/phase4c/4c2/v1/smoke_serial_exact_invocation.json.gz,measurement_support,"Evidence/manifest/CSV, isolated driver or verification helper; not production patch"
A,doc/performance_experiments/raw/phase4c/4c2/v1/starting_sources.json.gz,measurement_support,"Evidence/manifest/CSV, isolated driver or verification helper; not production patch"
A,doc/performance_experiments/raw/phase4c/4c2/v1/unit_diagnostic.json.gz,measurement_support,"Evidence/manifest/CSV, isolated driver or verification helper; not production patch"
A,doc/performance_experiments/raw/phase4c/4c2/v1/unit_reference.json.gz,measurement_support,"Evidence/manifest/CSV, isolated driver or verification helper; not production patch"
A,doc/performance_experiments/raw/phase4c/4c2/v1/unit_release.json.gz,measurement_support,"Evidence/manifest/CSV, isolated driver or verification helper; not production patch"
A,doc/performance_experiments/raw/phase4c/4c3/v1/build_release.json.gz,measurement_support,"Evidence/manifest/CSV, isolated driver or verification helper; not production patch"
A,doc/performance_experiments/raw/phase4c/4c3/v1/configure_release.json.gz,measurement_support,"Evidence/manifest/CSV, isolated driver or verification helper; not production patch"
A,doc/performance_experiments/raw/phase4c/4c3/v1/starting_sources.json.gz,measurement_support,"Evidence/manifest/CSV, isolated driver or verification helper; not production patch"
A,doc/performance_experiments/raw/phase4c/4c3/v1/unit_release.json.gz,measurement_support,"Evidence/manifest/CSV, isolated driver or verification helper; not production patch"
A,doc/performance_experiments/raw/phase4c/4c3/v2/build_diagnostic.json.gz,measurement_support,"Evidence/manifest/CSV, isolated driver or verification helper; not production patch"
A,doc/performance_experiments/raw/phase4c/4c3/v2/build_reference.json.gz,measurement_support,"Evidence/manifest/CSV, isolated driver or verification helper; not production patch"
A,doc/performance_experiments/raw/phase4c/4c3/v2/build_release.json.gz,measurement_support,"Evidence/manifest/CSV, isolated driver or verification helper; not production patch"
A,doc/performance_experiments/raw/phase4c/4c3/v2/configure_diagnostic.json.gz,measurement_support,"Evidence/manifest/CSV, isolated driver or verification helper; not production patch"
A,doc/performance_experiments/raw/phase4c/4c3/v2/configure_reference.json.gz,measurement_support,"Evidence/manifest/CSV, isolated driver or verification helper; not production patch"
A,doc/performance_experiments/raw/phase4c/4c3/v2/configure_release.json.gz,measurement_support,"Evidence/manifest/CSV, isolated driver or verification helper; not production patch"
A,doc/performance_experiments/raw/phase4c/4c3/v2/formal_primary.json.gz,measurement_support,"Evidence/manifest/CSV, isolated driver or verification helper; not production patch"
A,doc/performance_experiments/raw/phase4c/4c3/v2/formal_primary_invocation.json.gz,measurement_support,"Evidence/manifest/CSV, isolated driver or verification helper; not production patch"
A,doc/performance_experiments/raw/phase4c/4c3/v2/formal_serial_exact.json.gz,measurement_support,"Evidence/manifest/CSV, isolated driver or verification helper; not production patch"
A,doc/performance_experiments/raw/phase4c/4c3/v2/formal_serial_exact_invocation.json.gz,measurement_support,"Evidence/manifest/CSV, isolated driver or verification helper; not production patch"
A,doc/performance_experiments/raw/phase4c/4c3/v2/holdout_primary.json.gz,measurement_support,"Evidence/manifest/CSV, isolated driver or verification helper; not production patch"
A,doc/performance_experiments/raw/phase4c/4c3/v2/holdout_primary_invocation.json.gz,measurement_support,"Evidence/manifest/CSV, isolated driver or verification helper; not production patch"
A,doc/performance_experiments/raw/phase4c/4c3/v2/holdout_serial_exact.json.gz,measurement_support,"Evidence/manifest/CSV, isolated driver or verification helper; not production patch"
A,doc/performance_experiments/raw/phase4c/4c3/v2/holdout_serial_exact_invocation.json.gz,measurement_support,"Evidence/manifest/CSV, isolated driver or verification helper; not production patch"
A,doc/performance_experiments/raw/phase4c/4c3/v2/profile_batch64.json.gz,measurement_support,"Evidence/manifest/CSV, isolated driver or verification helper; not production patch"
A,doc/performance_experiments/raw/phase4c/4c3/v2/profile_latency250.json.gz,measurement_support,"Evidence/manifest/CSV, isolated driver or verification helper; not production patch"
A,doc/performance_experiments/raw/phase4c/4c3/v2/profile_primary.json.gz,measurement_support,"Evidence/manifest/CSV, isolated driver or verification helper; not production patch"
A,doc/performance_experiments/raw/phase4c/4c3/v2/profile_serial_exact.json.gz,measurement_support,"Evidence/manifest/CSV, isolated driver or verification helper; not production patch"
A,doc/performance_experiments/raw/phase4c/4c3/v2/prototype_sources.json.gz,measurement_support,"Evidence/manifest/CSV, isolated driver or verification helper; not production patch"
A,doc/performance_experiments/raw/phase4c/4c3/v2/smoke_batch64.json.gz,measurement_support,"Evidence/manifest/CSV, isolated driver or verification helper; not production patch"
A,doc/performance_experiments/raw/phase4c/4c3/v2/smoke_batch64_invocation.json.gz,measurement_support,"Evidence/manifest/CSV, isolated driver or verification helper; not production patch"
A,doc/performance_experiments/raw/phase4c/4c3/v2/smoke_primary.json.gz,measurement_support,"Evidence/manifest/CSV, isolated driver or verification helper; not production patch"
A,doc/performance_experiments/raw/phase4c/4c3/v2/smoke_primary_invocation.json.gz,measurement_support,"Evidence/manifest/CSV, isolated driver or verification helper; not production patch"
A,doc/performance_experiments/raw/phase4c/4c3/v2/smoke_serial_exact.json.gz,measurement_support,"Evidence/manifest/CSV, isolated driver or verification helper; not production patch"
A,doc/performance_experiments/raw/phase4c/4c3/v2/smoke_serial_exact_invocation.json.gz,measurement_support,"Evidence/manifest/CSV, isolated driver or verification helper; not production patch"
A,doc/performance_experiments/raw/phase4c/4c3/v2/test_correction.json.gz,measurement_support,"Evidence/manifest/CSV, isolated driver or verification helper; not production patch"
A,doc/performance_experiments/raw/phase4c/4c3/v2/unit_diagnostic.json.gz,measurement_support,"Evidence/manifest/CSV, isolated driver or verification helper; not production patch"
A,doc/performance_experiments/raw/phase4c/4c3/v2/unit_reference.json.gz,measurement_support,"Evidence/manifest/CSV, isolated driver or verification helper; not production patch"
A,doc/performance_experiments/raw/phase4c/4c3/v2/unit_release.json.gz,measurement_support,"Evidence/manifest/CSV, isolated driver or verification helper; not production patch"
A,doc/performance_experiments/raw/phase4c/4c3/v3/build_diagnostic.json.gz,measurement_support,"Evidence/manifest/CSV, isolated driver or verification helper; not production patch"
A,doc/performance_experiments/raw/phase4c/4c3/v3/build_reference.json.gz,measurement_support,"Evidence/manifest/CSV, isolated driver or verification helper; not production patch"
A,doc/performance_experiments/raw/phase4c/4c3/v3/build_release.json.gz,measurement_support,"Evidence/manifest/CSV, isolated driver or verification helper; not production patch"
A,doc/performance_experiments/raw/phase4c/4c3/v3/configure_diagnostic.json.gz,measurement_support,"Evidence/manifest/CSV, isolated driver or verification helper; not production patch"
A,doc/performance_experiments/raw/phase4c/4c3/v3/configure_reference.json.gz,measurement_support,"Evidence/manifest/CSV, isolated driver or verification helper; not production patch"
A,doc/performance_experiments/raw/phase4c/4c3/v3/configure_release.json.gz,measurement_support,"Evidence/manifest/CSV, isolated driver or verification helper; not production patch"
A,doc/performance_experiments/raw/phase4c/4c3/v3/formal_primary.json.gz,measurement_support,"Evidence/manifest/CSV, isolated driver or verification helper; not production patch"
A,doc/performance_experiments/raw/phase4c/4c3/v3/formal_primary_invocation.json.gz,measurement_support,"Evidence/manifest/CSV, isolated driver or verification helper; not production patch"
A,doc/performance_experiments/raw/phase4c/4c3/v3/formal_serial_exact.json.gz,measurement_support,"Evidence/manifest/CSV, isolated driver or verification helper; not production patch"
A,doc/performance_experiments/raw/phase4c/4c3/v3/formal_serial_exact_invocation.json.gz,measurement_support,"Evidence/manifest/CSV, isolated driver or verification helper; not production patch"
A,doc/performance_experiments/raw/phase4c/4c3/v3/holdout_primary.json.gz,measurement_support,"Evidence/manifest/CSV, isolated driver or verification helper; not production patch"
A,doc/performance_experiments/raw/phase4c/4c3/v3/holdout_primary_invocation.json.gz,measurement_support,"Evidence/manifest/CSV, isolated driver or verification helper; not production patch"
A,doc/performance_experiments/raw/phase4c/4c3/v3/holdout_serial_exact.json.gz,measurement_support,"Evidence/manifest/CSV, isolated driver or verification helper; not production patch"
A,doc/performance_experiments/raw/phase4c/4c3/v3/holdout_serial_exact_invocation.json.gz,measurement_support,"Evidence/manifest/CSV, isolated driver or verification helper; not production patch"
A,doc/performance_experiments/raw/phase4c/4c3/v3/profile_batch64.json.gz,measurement_support,"Evidence/manifest/CSV, isolated driver or verification helper; not production patch"
A,doc/performance_experiments/raw/phase4c/4c3/v3/profile_latency250.json.gz,measurement_support,"Evidence/manifest/CSV, isolated driver or verification helper; not production patch"
A,doc/performance_experiments/raw/phase4c/4c3/v3/profile_primary.json.gz,measurement_support,"Evidence/manifest/CSV, isolated driver or verification helper; not production patch"
A,doc/performance_experiments/raw/phase4c/4c3/v3/profile_serial_exact.json.gz,measurement_support,"Evidence/manifest/CSV, isolated driver or verification helper; not production patch"
A,doc/performance_experiments/raw/phase4c/4c3/v3/prototype_sources.json.gz,measurement_support,"Evidence/manifest/CSV, isolated driver or verification helper; not production patch"
A,doc/performance_experiments/raw/phase4c/4c3/v3/smoke_batch64.json.gz,measurement_support,"Evidence/manifest/CSV, isolated driver or verification helper; not production patch"
A,doc/performance_experiments/raw/phase4c/4c3/v3/smoke_batch64_invocation.json.gz,measurement_support,"Evidence/manifest/CSV, isolated driver or verification helper; not production patch"
A,doc/performance_experiments/raw/phase4c/4c3/v3/smoke_primary.json.gz,measurement_support,"Evidence/manifest/CSV, isolated driver or verification helper; not production patch"
A,doc/performance_experiments/raw/phase4c/4c3/v3/smoke_primary_invocation.json.gz,measurement_support,"Evidence/manifest/CSV, isolated driver or verification helper; not production patch"
A,doc/performance_experiments/raw/phase4c/4c3/v3/smoke_serial_exact.json.gz,measurement_support,"Evidence/manifest/CSV, isolated driver or verification helper; not production patch"
A,doc/performance_experiments/raw/phase4c/4c3/v3/smoke_serial_exact_invocation.json.gz,measurement_support,"Evidence/manifest/CSV, isolated driver or verification helper; not production patch"
A,doc/performance_experiments/raw/phase4c/4c3/v3/unit_diagnostic.json.gz,measurement_support,"Evidence/manifest/CSV, isolated driver or verification helper; not production patch"
A,doc/performance_experiments/raw/phase4c/4c3/v3/unit_reference.json.gz,measurement_support,"Evidence/manifest/CSV, isolated driver or verification helper; not production patch"
A,doc/performance_experiments/raw/phase4c/4c3/v3/unit_release.json.gz,measurement_support,"Evidence/manifest/CSV, isolated driver or verification helper; not production patch"
A,doc/performance_experiments/raw/phase4c/4c3/v3/variant_scope.json.gz,measurement_support,"Evidence/manifest/CSV, isolated driver or verification helper; not production patch"
A,doc/performance_experiments/raw/phase4c/diagnostic/v1/benchmark_tool_tests.json.gz,measurement_support,"Evidence/manifest/CSV, isolated driver or verification helper; not production patch"
A,doc/performance_experiments/raw/phase4c/diagnostic/v1/build_diagnostic.json.gz,measurement_support,"Evidence/manifest/CSV, isolated driver or verification helper; not production patch"
A,doc/performance_experiments/raw/phase4c/diagnostic/v1/build_release.json.gz,measurement_support,"Evidence/manifest/CSV, isolated driver or verification helper; not production patch"
A,doc/performance_experiments/raw/phase4c/diagnostic/v1/configure_diagnostic.json.gz,measurement_support,"Evidence/manifest/CSV, isolated driver or verification helper; not production patch"
A,doc/performance_experiments/raw/phase4c/diagnostic/v1/configure_release.json.gz,measurement_support,"Evidence/manifest/CSV, isolated driver or verification helper; not production patch"
A,doc/performance_experiments/raw/phase4c/diagnostic/v1/final_diag_test.json.gz,measurement_support,"Evidence/manifest/CSV, isolated driver or verification helper; not production patch"
A,doc/performance_experiments/raw/phase4c/diagnostic/v1/final_diag_test_build.json.gz,measurement_support,"Evidence/manifest/CSV, isolated driver or verification helper; not production patch"
A,doc/performance_experiments/raw/phase4c/diagnostic/v1/perf_environment.json.gz,measurement_support,"Evidence/manifest/CSV, isolated driver or verification helper; not production patch"
A,doc/performance_experiments/raw/phase4c/diagnostic/v1/profile_batch64.json.gz,measurement_support,"Evidence/manifest/CSV, isolated driver or verification helper; not production patch"
A,doc/performance_experiments/raw/phase4c/diagnostic/v1/profile_latency250.json.gz,measurement_support,"Evidence/manifest/CSV, isolated driver or verification helper; not production patch"
A,doc/performance_experiments/raw/phase4c/diagnostic/v1/profile_primary.json.gz,measurement_support,"Evidence/manifest/CSV, isolated driver or verification helper; not production patch"
A,doc/performance_experiments/raw/phase4c/diagnostic/v1/profile_serial_exact.json.gz,measurement_support,"Evidence/manifest/CSV, isolated driver or verification helper; not production patch"
A,doc/performance_experiments/raw/phase4c/diagnostic/v1/starting_sources.json.gz,measurement_support,"Evidence/manifest/CSV, isolated driver or verification helper; not production patch"
A,doc/performance_experiments/raw/phase4c/diagnostic/v1/unit_diagnostic.json.gz,measurement_support,"Evidence/manifest/CSV, isolated driver or verification helper; not production patch"
A,doc/performance_experiments/raw/phase4c/diagnostic/v1/unit_release.json.gz,measurement_support,"Evidence/manifest/CSV, isolated driver or verification helper; not production patch"
A,doc/performance_experiments/raw/phase4c/final/v1/build_asan-perf.json.gz,measurement_support,"Evidence/manifest/CSV, isolated driver or verification helper; not production patch"
A,doc/performance_experiments/raw/phase4c/final/v1/build_deploy.json.gz,measurement_support,"Evidence/manifest/CSV, isolated driver or verification helper; not production patch"
A,doc/performance_experiments/raw/phase4c/final/v1/build_diagnostic.json.gz,measurement_support,"Evidence/manifest/CSV, isolated driver or verification helper; not production patch"
A,doc/performance_experiments/raw/phase4c/final/v1/build_release.json.gz,measurement_support,"Evidence/manifest/CSV, isolated driver or verification helper; not production patch"
A,doc/performance_experiments/raw/phase4c/final/v1/build_tsan-perf.json.gz,measurement_support,"Evidence/manifest/CSV, isolated driver or verification helper; not production patch"
A,doc/performance_experiments/raw/phase4c/final/v1/configure_asan-perf.json.gz,measurement_support,"Evidence/manifest/CSV, isolated driver or verification helper; not production patch"
A,doc/performance_experiments/raw/phase4c/final/v1/configure_deploy.json.gz,measurement_support,"Evidence/manifest/CSV, isolated driver or verification helper; not production patch"
A,doc/performance_experiments/raw/phase4c/final/v1/configure_diagnostic.json.gz,measurement_support,"Evidence/manifest/CSV, isolated driver or verification helper; not production patch"
A,doc/performance_experiments/raw/phase4c/final/v1/configure_release.json.gz,measurement_support,"Evidence/manifest/CSV, isolated driver or verification helper; not production patch"
A,doc/performance_experiments/raw/phase4c/final/v1/configure_tsan-perf.json.gz,measurement_support,"Evidence/manifest/CSV, isolated driver or verification helper; not production patch"
A,doc/performance_experiments/raw/phase4c/final/v1/cumulative_holdout_serial_exact.json.gz,measurement_support,"Evidence/manifest/CSV, isolated driver or verification helper; not production patch"
A,doc/performance_experiments/raw/phase4c/final/v1/cumulative_holdout_serial_exact_invocation.json.gz,measurement_support,"Evidence/manifest/CSV, isolated driver or verification helper; not production patch"
A,doc/performance_experiments/raw/phase4c/final/v1/cumulative_start_primary.json.gz,measurement_support,"Evidence/manifest/CSV, isolated driver or verification helper; not production patch"
A,doc/performance_experiments/raw/phase4c/final/v1/cumulative_start_primary_invocation.json.gz,measurement_support,"Evidence/manifest/CSV, isolated driver or verification helper; not production patch"
A,doc/performance_experiments/raw/phase4c/final/v1/cumulative_start_serial_exact.json.gz,measurement_support,"Evidence/manifest/CSV, isolated driver or verification helper; not production patch"
A,doc/performance_experiments/raw/phase4c/final/v1/cumulative_start_serial_exact_invocation.json.gz,measurement_support,"Evidence/manifest/CSV, isolated driver or verification helper; not production patch"
A,doc/performance_experiments/raw/phase4c/final/v1/deployment_binary_identity.json.gz,measurement_support,"Evidence/manifest/CSV, isolated driver or verification helper; not production patch"
A,doc/performance_experiments/raw/phase4c/final/v1/final_source_snapshot.json.gz,measurement_support,"Evidence/manifest/CSV, isolated driver or verification helper; not production patch"
A,doc/performance_experiments/raw/phase4c/final/v1/native_full.json.gz,measurement_support,"Evidence/manifest/CSV, isolated driver or verification helper; not production patch"
A,doc/performance_experiments/raw/phase4c/final/v1/orchestration_compile.json.gz,measurement_support,"Evidence/manifest/CSV, isolated driver or verification helper; not production patch"
A,doc/performance_experiments/raw/phase4c/final/v1/python_compile.json.gz,measurement_support,"Evidence/manifest/CSV, isolated driver or verification helper; not production patch"
A,doc/performance_experiments/raw/phase4c/final/v1/python_full.json.gz,measurement_support,"Evidence/manifest/CSV, isolated driver or verification helper; not production patch"
A,doc/performance_experiments/raw/phase4c/final/v1/python_performance.json.gz,measurement_support,"Evidence/manifest/CSV, isolated driver or verification helper; not production patch"
A,doc/performance_experiments/raw/phase4c/final/v1/reverted_source_and_binary_identity.json.gz,measurement_support,"Evidence/manifest/CSV, isolated driver or verification helper; not production patch"
A,doc/performance_experiments/raw/phase4c/final/v1/unit_asan-perf.json.gz,measurement_support,"Evidence/manifest/CSV, isolated driver or verification helper; not production patch"
A,doc/performance_experiments/raw/phase4c/final/v1/unit_diagnostic.json.gz,measurement_support,"Evidence/manifest/CSV, isolated driver or verification helper; not production patch"
A,doc/performance_experiments/raw/phase4c/final/v1/unit_release.json.gz,measurement_support,"Evidence/manifest/CSV, isolated driver or verification helper; not production patch"
A,doc/performance_experiments/raw/phase4c/final/v1/unit_tsan-perf.json.gz,measurement_support,"Evidence/manifest/CSV, isolated driver or verification helper; not production patch"
A,doc/performance_experiments/raw/phase5br4b1/4b1/v1/build_asan.json.gz,measurement_support,"Evidence/manifest/CSV, isolated driver or verification helper; not production patch"
A,doc/performance_experiments/raw/phase5br4b1/4b1/v1/build_deploy.json.gz,measurement_support,"Evidence/manifest/CSV, isolated driver or verification helper; not production patch"
A,doc/performance_experiments/raw/phase5br4b1/4b1/v1/build_diagnostic.json.gz,measurement_support,"Evidence/manifest/CSV, isolated driver or verification helper; not production patch"
A,doc/performance_experiments/raw/phase5br4b1/4b1/v1/build_reference-diagnostic.json.gz,measurement_support,"Evidence/manifest/CSV, isolated driver or verification helper; not production patch"
A,doc/performance_experiments/raw/phase5br4b1/4b1/v1/build_release.json.gz,measurement_support,"Evidence/manifest/CSV, isolated driver or verification helper; not production patch"
A,doc/performance_experiments/raw/phase5br4b1/4b1/v1/build_tsan.json.gz,measurement_support,"Evidence/manifest/CSV, isolated driver or verification helper; not production patch"
A,doc/performance_experiments/raw/phase5br4b1/4b1/v1/build_verify.json.gz,measurement_support,"Evidence/manifest/CSV, isolated driver or verification helper; not production patch"
A,doc/performance_experiments/raw/phase5br4b1/4b1/v1/configure_asan.json.gz,measurement_support,"Evidence/manifest/CSV, isolated driver or verification helper; not production patch"
A,doc/performance_experiments/raw/phase5br4b1/4b1/v1/configure_deploy.json.gz,measurement_support,"Evidence/manifest/CSV, isolated driver or verification helper; not production patch"
A,doc/performance_experiments/raw/phase5br4b1/4b1/v1/configure_diagnostic.json.gz,measurement_support,"Evidence/manifest/CSV, isolated driver or verification helper; not production patch"
A,doc/performance_experiments/raw/phase5br4b1/4b1/v1/configure_reference-diagnostic.json.gz,measurement_support,"Evidence/manifest/CSV, isolated driver or verification helper; not production patch"
A,doc/performance_experiments/raw/phase5br4b1/4b1/v1/configure_release.json.gz,measurement_support,"Evidence/manifest/CSV, isolated driver or verification helper; not production patch"
A,doc/performance_experiments/raw/phase5br4b1/4b1/v1/configure_tsan.json.gz,measurement_support,"Evidence/manifest/CSV, isolated driver or verification helper; not production patch"
A,doc/performance_experiments/raw/phase5br4b1/4b1/v1/configure_verify.json.gz,measurement_support,"Evidence/manifest/CSV, isolated driver or verification helper; not production patch"
A,doc/performance_experiments/raw/phase5br4b1/4b1/v1/deployment_binary_identity.json.gz,measurement_support,"Evidence/manifest/CSV, isolated driver or verification helper; not production patch"
A,doc/performance_experiments/raw/phase5br4b1/4b1/v1/diagnostic_batch1.json.gz,measurement_support,"Evidence/manifest/CSV, isolated driver or verification helper; not production patch"
A,doc/performance_experiments/raw/phase5br4b1/4b1/v1/diagnostic_observable.json.gz,measurement_support,"Evidence/manifest/CSV, isolated driver or verification helper; not production patch"
A,doc/performance_experiments/raw/phase5br4b1/4b1/v1/diagnostic_opening.json.gz,measurement_support,"Evidence/manifest/CSV, isolated driver or verification helper; not production patch"
A,doc/performance_experiments/raw/phase5br4b1/4b1/v1/diagnostic_primary.json.gz,measurement_support,"Evidence/manifest/CSV, isolated driver or verification helper; not production patch"
A,doc/performance_experiments/raw/phase5br4b1/4b1/v1/diagnostic_warm.json.gz,measurement_support,"Evidence/manifest/CSV, isolated driver or verification helper; not production patch"
A,doc/performance_experiments/raw/phase5br4b1/4b1/v1/final_alias_build_asan.json.gz,measurement_support,"Evidence/manifest/CSV, isolated driver or verification helper; not production patch"
A,doc/performance_experiments/raw/phase5br4b1/4b1/v1/final_alias_build_diagnostic.json.gz,measurement_support,"Evidence/manifest/CSV, isolated driver or verification helper; not production patch"
A,doc/performance_experiments/raw/phase5br4b1/4b1/v1/final_alias_build_reference-diagnostic.json.gz,measurement_support,"Evidence/manifest/CSV, isolated driver or verification helper; not production patch"
A,doc/performance_experiments/raw/phase5br4b1/4b1/v1/final_alias_build_release.json.gz,measurement_support,"Evidence/manifest/CSV, isolated driver or verification helper; not production patch"
A,doc/performance_experiments/raw/phase5br4b1/4b1/v1/final_alias_build_tsan.json.gz,measurement_support,"Evidence/manifest/CSV, isolated driver or verification helper; not production patch"
A,doc/performance_experiments/raw/phase5br4b1/4b1/v1/final_alias_build_verify.json.gz,measurement_support,"Evidence/manifest/CSV, isolated driver or verification helper; not production patch"
A,doc/performance_experiments/raw/phase5br4b1/4b1/v1/final_alias_unit_asan.json.gz,measurement_support,"Evidence/manifest/CSV, isolated driver or verification helper; not production patch"
A,doc/performance_experiments/raw/phase5br4b1/4b1/v1/final_alias_unit_diagnostic.json.gz,measurement_support,"Evidence/manifest/CSV, isolated driver or verification helper; not production patch"
A,doc/performance_experiments/raw/phase5br4b1/4b1/v1/final_alias_unit_reference-diagnostic.json.gz,measurement_support,"Evidence/manifest/CSV, isolated driver or verification helper; not production patch"
A,doc/performance_experiments/raw/phase5br4b1/4b1/v1/final_alias_unit_release.json.gz,measurement_support,"Evidence/manifest/CSV, isolated driver or verification helper; not production patch"
A,doc/performance_experiments/raw/phase5br4b1/4b1/v1/final_alias_unit_tsan.json.gz,measurement_support,"Evidence/manifest/CSV, isolated driver or verification helper; not production patch"
A,doc/performance_experiments/raw/phase5br4b1/4b1/v1/final_alias_unit_verify.json.gz,measurement_support,"Evidence/manifest/CSV, isolated driver or verification helper; not production patch"
A,doc/performance_experiments/raw/phase5br4b1/4b1/v1/final_native_full.json.gz,measurement_support,"Evidence/manifest/CSV, isolated driver or verification helper; not production patch"
A,doc/performance_experiments/raw/phase5br4b1/4b1/v1/final_source_snapshot.json.gz,measurement_support,"Evidence/manifest/CSV, isolated driver or verification helper; not production patch"
A,doc/performance_experiments/raw/phase5br4b1/4b1/v1/final_source_snapshot_v2.json.gz,measurement_support,"Evidence/manifest/CSV, isolated driver or verification helper; not production patch"
A,doc/performance_experiments/raw/phase5br4b1/4b1/v1/final_unit_memory_diagnostic.json.gz,measurement_support,"Evidence/manifest/CSV, isolated driver or verification helper; not production patch"
A,doc/performance_experiments/raw/phase5br4b1/4b1/v1/final_unit_memory_reference-diagnostic.json.gz,measurement_support,"Evidence/manifest/CSV, isolated driver or verification helper; not production patch"
A,doc/performance_experiments/raw/phase5br4b1/4b1/v1/formal_batch1.json.gz,measurement_support,"Evidence/manifest/CSV, isolated driver or verification helper; not production patch"
A,doc/performance_experiments/raw/phase5br4b1/4b1/v1/formal_batch1_invocation.json.gz,measurement_support,"Evidence/manifest/CSV, isolated driver or verification helper; not production patch"
A,doc/performance_experiments/raw/phase5br4b1/4b1/v1/formal_observable.json.gz,measurement_support,"Evidence/manifest/CSV, isolated driver or verification helper; not production patch"
A,doc/performance_experiments/raw/phase5br4b1/4b1/v1/formal_observable_invocation.json.gz,measurement_support,"Evidence/manifest/CSV, isolated driver or verification helper; not production patch"
A,doc/performance_experiments/raw/phase5br4b1/4b1/v1/formal_opening.json.gz,measurement_support,"Evidence/manifest/CSV, isolated driver or verification helper; not production patch"
A,doc/performance_experiments/raw/phase5br4b1/4b1/v1/formal_opening_invocation.json.gz,measurement_support,"Evidence/manifest/CSV, isolated driver or verification helper; not production patch"
A,doc/performance_experiments/raw/phase5br4b1/4b1/v1/formal_parallel.json.gz,measurement_support,"Evidence/manifest/CSV, isolated driver or verification helper; not production patch"
A,doc/performance_experiments/raw/phase5br4b1/4b1/v1/formal_parallel_invocation.json.gz,measurement_support,"Evidence/manifest/CSV, isolated driver or verification helper; not production patch"
A,doc/performance_experiments/raw/phase5br4b1/4b1/v1/formal_primary.json.gz,measurement_support,"Evidence/manifest/CSV, isolated driver or verification helper; not production patch"
A,doc/performance_experiments/raw/phase5br4b1/4b1/v1/formal_primary_invocation.json.gz,measurement_support,"Evidence/manifest/CSV, isolated driver or verification helper; not production patch"
A,doc/performance_experiments/raw/phase5br4b1/4b1/v1/formal_root.json.gz,measurement_support,"Evidence/manifest/CSV, isolated driver or verification helper; not production patch"
A,doc/performance_experiments/raw/phase5br4b1/4b1/v1/formal_root_invocation.json.gz,measurement_support,"Evidence/manifest/CSV, isolated driver or verification helper; not production patch"
A,doc/performance_experiments/raw/phase5br4b1/4b1/v1/formal_warm.json.gz,measurement_support,"Evidence/manifest/CSV, isolated driver or verification helper; not production patch"
A,doc/performance_experiments/raw/phase5br4b1/4b1/v1/formal_warm_invocation.json.gz,measurement_support,"Evidence/manifest/CSV, isolated driver or verification helper; not production patch"
A,doc/performance_experiments/raw/phase5br4b1/4b1/v1/holdout_observable.json.gz,measurement_support,"Evidence/manifest/CSV, isolated driver or verification helper; not production patch"
A,doc/performance_experiments/raw/phase5br4b1/4b1/v1/holdout_observable_invocation.json.gz,measurement_support,"Evidence/manifest/CSV, isolated driver or verification helper; not production patch"
A,doc/performance_experiments/raw/phase5br4b1/4b1/v1/holdout_primary.json.gz,measurement_support,"Evidence/manifest/CSV, isolated driver or verification helper; not production patch"
A,doc/performance_experiments/raw/phase5br4b1/4b1/v1/holdout_primary_invocation.json.gz,measurement_support,"Evidence/manifest/CSV, isolated driver or verification helper; not production patch"
A,doc/performance_experiments/raw/phase5br4b1/4b1/v1/holdout_root.json.gz,measurement_support,"Evidence/manifest/CSV, isolated driver or verification helper; not production patch"
A,doc/performance_experiments/raw/phase5br4b1/4b1/v1/holdout_root_invocation.json.gz,measurement_support,"Evidence/manifest/CSV, isolated driver or verification helper; not production patch"
A,doc/performance_experiments/raw/phase5br4b1/4b1/v1/holdout_warm.json.gz,measurement_support,"Evidence/manifest/CSV, isolated driver or verification helper; not production patch"
A,doc/performance_experiments/raw/phase5br4b1/4b1/v1/holdout_warm_invocation.json.gz,measurement_support,"Evidence/manifest/CSV, isolated driver or verification helper; not production patch"
A,doc/performance_experiments/raw/phase5br4b1/4b1/v1/native_full.json.gz,measurement_support,"Evidence/manifest/CSV, isolated driver or verification helper; not production patch"
A,doc/performance_experiments/raw/phase5br4b1/4b1/v1/perf_environment.json.gz,measurement_support,"Evidence/manifest/CSV, isolated driver or verification helper; not production patch"
A,doc/performance_experiments/raw/phase5br4b1/4b1/v1/perf_paranoid.json.gz,measurement_support,"Evidence/manifest/CSV, isolated driver or verification helper; not production patch"
A,doc/performance_experiments/raw/phase5br4b1/4b1/v1/prune_build_baseline.json.gz,measurement_support,"Evidence/manifest/CSV, isolated driver or verification helper; not production patch"
A,doc/performance_experiments/raw/phase5br4b1/4b1/v1/prune_build_candidate.json.gz,measurement_support,"Evidence/manifest/CSV, isolated driver or verification helper; not production patch"
A,doc/performance_experiments/raw/phase5br4b1/4b1/v1/prune_session.json.gz,measurement_support,"Evidence/manifest/CSV, isolated driver or verification helper; not production patch"
A,doc/performance_experiments/raw/phase5br4b1/4b1/v1/prune_session_invocation.json.gz,measurement_support,"Evidence/manifest/CSV, isolated driver or verification helper; not production patch"
A,doc/performance_experiments/raw/phase5br4b1/4b1/v1/python_compile.json.gz,measurement_support,"Evidence/manifest/CSV, isolated driver or verification helper; not production patch"
A,doc/performance_experiments/raw/phase5br4b1/4b1/v1/python_full.json.gz,measurement_support,"Evidence/manifest/CSV, isolated driver or verification helper; not production patch"
A,doc/performance_experiments/raw/phase5br4b1/4b1/v1/python_performance.json.gz,measurement_support,"Evidence/manifest/CSV, isolated driver or verification helper; not production patch"
A,doc/performance_experiments/raw/phase5br4b1/4b1/v1/reference-diagnostic_batch1.json.gz,measurement_support,"Evidence/manifest/CSV, isolated driver or verification helper; not production patch"
A,doc/performance_experiments/raw/phase5br4b1/4b1/v1/reference-diagnostic_observable.json.gz,measurement_support,"Evidence/manifest/CSV, isolated driver or verification helper; not production patch"
A,doc/performance_experiments/raw/phase5br4b1/4b1/v1/reference-diagnostic_opening.json.gz,measurement_support,"Evidence/manifest/CSV, isolated driver or verification helper; not production patch"
A,doc/performance_experiments/raw/phase5br4b1/4b1/v1/reference-diagnostic_primary.json.gz,measurement_support,"Evidence/manifest/CSV, isolated driver or verification helper; not production patch"
A,doc/performance_experiments/raw/phase5br4b1/4b1/v1/reference-diagnostic_warm.json.gz,measurement_support,"Evidence/manifest/CSV, isolated driver or verification helper; not production patch"
A,doc/performance_experiments/raw/phase5br4b1/4b1/v1/smoke_observable.json.gz,measurement_support,"Evidence/manifest/CSV, isolated driver or verification helper; not production patch"
A,doc/performance_experiments/raw/phase5br4b1/4b1/v1/smoke_observable_invocation.json.gz,measurement_support,"Evidence/manifest/CSV, isolated driver or verification helper; not production patch"
A,doc/performance_experiments/raw/phase5br4b1/4b1/v1/smoke_primary.json.gz,measurement_support,"Evidence/manifest/CSV, isolated driver or verification helper; not production patch"
A,doc/performance_experiments/raw/phase5br4b1/4b1/v1/smoke_primary_invocation.json.gz,measurement_support,"Evidence/manifest/CSV, isolated driver or verification helper; not production patch"
A,doc/performance_experiments/raw/phase5br4b1/4b1/v1/smoke_warm.json.gz,measurement_support,"Evidence/manifest/CSV, isolated driver or verification helper; not production patch"
A,doc/performance_experiments/raw/phase5br4b1/4b1/v1/smoke_warm_invocation.json.gz,measurement_support,"Evidence/manifest/CSV, isolated driver or verification helper; not production patch"
A,doc/performance_experiments/raw/phase5br4b1/4b1/v1/throughput_4t.json.gz,measurement_support,"Evidence/manifest/CSV, isolated driver or verification helper; not production patch"
A,doc/performance_experiments/raw/phase5br4b1/4b1/v1/throughput_4t_invocation.json.gz,measurement_support,"Evidence/manifest/CSV, isolated driver or verification helper; not production patch"
A,doc/performance_experiments/raw/phase5br4b1/4b1/v1/unit_asan.json.gz,measurement_support,"Evidence/manifest/CSV, isolated driver or verification helper; not production patch"
A,doc/performance_experiments/raw/phase5br4b1/4b1/v1/unit_diagnostic.json.gz,measurement_support,"Evidence/manifest/CSV, isolated driver or verification helper; not production patch"
A,doc/performance_experiments/raw/phase5br4b1/4b1/v1/unit_memory_diagnostic.json.gz,measurement_support,"Evidence/manifest/CSV, isolated driver or verification helper; not production patch"
A,doc/performance_experiments/raw/phase5br4b1/4b1/v1/unit_memory_reference-diagnostic.json.gz,measurement_support,"Evidence/manifest/CSV, isolated driver or verification helper; not production patch"
A,doc/performance_experiments/raw/phase5br4b1/4b1/v1/unit_reference-diagnostic.json.gz,measurement_support,"Evidence/manifest/CSV, isolated driver or verification helper; not production patch"
A,doc/performance_experiments/raw/phase5br4b1/4b1/v1/unit_release.json.gz,measurement_support,"Evidence/manifest/CSV, isolated driver or verification helper; not production patch"
A,doc/performance_experiments/raw/phase5br4b1/4b1/v1/unit_tsan.json.gz,measurement_support,"Evidence/manifest/CSV, isolated driver or verification helper; not production patch"
A,doc/performance_experiments/raw/phase5br4b1/4b1/v1/unit_verify.json.gz,measurement_support,"Evidence/manifest/CSV, isolated driver or verification helper; not production patch"
A,doc/performance_experiments/raw/phase5br4b1/4b1/v1/verify_batch1.json.gz,measurement_support,"Evidence/manifest/CSV, isolated driver or verification helper; not production patch"
A,doc/performance_experiments/raw/phase5br4b1/4b1/v1/verify_observable.json.gz,measurement_support,"Evidence/manifest/CSV, isolated driver or verification helper; not production patch"
A,doc/performance_experiments/raw/phase5br4b1/4b1/v1/verify_opening.json.gz,measurement_support,"Evidence/manifest/CSV, isolated driver or verification helper; not production patch"
A,doc/performance_experiments/raw/phase5br4b1/4b1/v1/verify_primary.json.gz,measurement_support,"Evidence/manifest/CSV, isolated driver or verification helper; not production patch"
A,doc/performance_experiments/raw/phase5br4b1/4b1/v1/verify_warm.json.gz,measurement_support,"Evidence/manifest/CSV, isolated driver or verification helper; not production patch"
A,doc/performance_experiments/raw/phase5br4b1/5br/v1/baseline_diagnostic_legacy.json.gz,measurement_support,"Evidence/manifest/CSV, isolated driver or verification helper; not production patch"
A,doc/performance_experiments/raw/phase5br4b1/5br/v1/baseline_diagnostic_primary.json.gz,measurement_support,"Evidence/manifest/CSV, isolated driver or verification helper; not production patch"
A,doc/performance_experiments/raw/phase5br4b1/5br/v1/build_release.json.gz,measurement_support,"Evidence/manifest/CSV, isolated driver or verification helper; not production patch"
A,doc/performance_experiments/raw/phase5br4b1/5br/v1/configure_release.json.gz,measurement_support,"Evidence/manifest/CSV, isolated driver or verification helper; not production patch"
A,doc/performance_experiments/raw/phase5br4b1/5br/v1/diagnostic_primary.json.gz,measurement_support,"Evidence/manifest/CSV, isolated driver or verification helper; not production patch"
A,doc/performance_experiments/raw/phase5br4b1/5br/v1/diagnostic_validation_note.json.gz,measurement_support,"Evidence/manifest/CSV, isolated driver or verification helper; not production patch"
A,doc/performance_experiments/raw/phase5br4b1/5br/v1/formal_batch1.json.gz,measurement_support,"Evidence/manifest/CSV, isolated driver or verification helper; not production patch"
A,doc/performance_experiments/raw/phase5br4b1/5br/v1/formal_batch1_invocation.json.gz,measurement_support,"Evidence/manifest/CSV, isolated driver or verification helper; not production patch"
A,doc/performance_experiments/raw/phase5br4b1/5br/v1/formal_legacy.json.gz,measurement_support,"Evidence/manifest/CSV, isolated driver or verification helper; not production patch"
A,doc/performance_experiments/raw/phase5br4b1/5br/v1/formal_legacy_invocation.json.gz,measurement_support,"Evidence/manifest/CSV, isolated driver or verification helper; not production patch"
A,doc/performance_experiments/raw/phase5br4b1/5br/v1/formal_legacy_observable.json.gz,measurement_support,"Evidence/manifest/CSV, isolated driver or verification helper; not production patch"
A,doc/performance_experiments/raw/phase5br4b1/5br/v1/formal_legacy_observable_invocation.json.gz,measurement_support,"Evidence/manifest/CSV, isolated driver or verification helper; not production patch"
A,doc/performance_experiments/raw/phase5br4b1/5br/v1/formal_legacy_warm.json.gz,measurement_support,"Evidence/manifest/CSV, isolated driver or verification helper; not production patch"
A,doc/performance_experiments/raw/phase5br4b1/5br/v1/formal_legacy_warm_invocation.json.gz,measurement_support,"Evidence/manifest/CSV, isolated driver or verification helper; not production patch"
A,doc/performance_experiments/raw/phase5br4b1/5br/v1/formal_observable.json.gz,measurement_support,"Evidence/manifest/CSV, isolated driver or verification helper; not production patch"
A,doc/performance_experiments/raw/phase5br4b1/5br/v1/formal_observable_invocation.json.gz,measurement_support,"Evidence/manifest/CSV, isolated driver or verification helper; not production patch"
A,doc/performance_experiments/raw/phase5br4b1/5br/v1/formal_opening_corrected.json.gz,measurement_support,"Evidence/manifest/CSV, isolated driver or verification helper; not production patch"
A,doc/performance_experiments/raw/phase5br4b1/5br/v1/formal_opening_corrected_invocation.json.gz,measurement_support,"Evidence/manifest/CSV, isolated driver or verification helper; not production patch"
A,doc/performance_experiments/raw/phase5br4b1/5br/v1/formal_opening_invocation.json.gz,measurement_support,"Evidence/manifest/CSV, isolated driver or verification helper; not production patch"
A,doc/performance_experiments/raw/phase5br4b1/5br/v1/formal_primary.json.gz,measurement_support,"Evidence/manifest/CSV, isolated driver or verification helper; not production patch"
A,doc/performance_experiments/raw/phase5br4b1/5br/v1/formal_primary_invocation.json.gz,measurement_support,"Evidence/manifest/CSV, isolated driver or verification helper; not production patch"
A,doc/performance_experiments/raw/phase5br4b1/5br/v1/formal_root.json.gz,measurement_support,"Evidence/manifest/CSV, isolated driver or verification helper; not production patch"
A,doc/performance_experiments/raw/phase5br4b1/5br/v1/formal_root_invocation.json.gz,measurement_support,"Evidence/manifest/CSV, isolated driver or verification helper; not production patch"
A,doc/performance_experiments/raw/phase5br4b1/5br/v1/formal_warm.json.gz,measurement_support,"Evidence/manifest/CSV, isolated driver or verification helper; not production patch"
A,doc/performance_experiments/raw/phase5br4b1/5br/v1/formal_warm_invocation.json.gz,measurement_support,"Evidence/manifest/CSV, isolated driver or verification helper; not production patch"
A,doc/performance_experiments/raw/phase5br4b1/5br/v1/holdout_legacy.json.gz,measurement_support,"Evidence/manifest/CSV, isolated driver or verification helper; not production patch"
A,doc/performance_experiments/raw/phase5br4b1/5br/v1/holdout_legacy_invocation.json.gz,measurement_support,"Evidence/manifest/CSV, isolated driver or verification helper; not production patch"
A,doc/performance_experiments/raw/phase5br4b1/5br/v1/holdout_observable.json.gz,measurement_support,"Evidence/manifest/CSV, isolated driver or verification helper; not production patch"
A,doc/performance_experiments/raw/phase5br4b1/5br/v1/holdout_observable_invocation.json.gz,measurement_support,"Evidence/manifest/CSV, isolated driver or verification helper; not production patch"
A,doc/performance_experiments/raw/phase5br4b1/5br/v1/holdout_primary.json.gz,measurement_support,"Evidence/manifest/CSV, isolated driver or verification helper; not production patch"
A,doc/performance_experiments/raw/phase5br4b1/5br/v1/holdout_primary_invocation.json.gz,measurement_support,"Evidence/manifest/CSV, isolated driver or verification helper; not production patch"
A,doc/performance_experiments/raw/phase5br4b1/5br/v1/opening_fixture_correction.json.gz,measurement_support,"Evidence/manifest/CSV, isolated driver or verification helper; not production patch"
A,doc/performance_experiments/raw/phase5br4b1/5br/v1/prototype_sources.json.gz,measurement_support,"Evidence/manifest/CSV, isolated driver or verification helper; not production patch"
A,doc/performance_experiments/raw/phase5br4b1/5br/v1/reference-diagnostic_primary.json.gz,measurement_support,"Evidence/manifest/CSV, isolated driver or verification helper; not production patch"
A,doc/performance_experiments/raw/phase5br4b1/5br/v1/request.md.gz,measurement_support,"Evidence/manifest/CSV, isolated driver or verification helper; not production patch"
A,doc/performance_experiments/raw/phase5br4b1/5br/v1/retry_build_diagnostic.json.gz,measurement_support,"Evidence/manifest/CSV, isolated driver or verification helper; not production patch"
A,doc/performance_experiments/raw/phase5br4b1/5br/v1/retry_build_reference-diagnostic.json.gz,measurement_support,"Evidence/manifest/CSV, isolated driver or verification helper; not production patch"
A,doc/performance_experiments/raw/phase5br4b1/5br/v1/retry_build_release.json.gz,measurement_support,"Evidence/manifest/CSV, isolated driver or verification helper; not production patch"
A,doc/performance_experiments/raw/phase5br4b1/5br/v1/retry_build_verify.json.gz,measurement_support,"Evidence/manifest/CSV, isolated driver or verification helper; not production patch"
A,doc/performance_experiments/raw/phase5br4b1/5br/v1/retry_configure_diagnostic.json.gz,measurement_support,"Evidence/manifest/CSV, isolated driver or verification helper; not production patch"
A,doc/performance_experiments/raw/phase5br4b1/5br/v1/retry_configure_reference-diagnostic.json.gz,measurement_support,"Evidence/manifest/CSV, isolated driver or verification helper; not production patch"
A,doc/performance_experiments/raw/phase5br4b1/5br/v1/retry_configure_release.json.gz,measurement_support,"Evidence/manifest/CSV, isolated driver or verification helper; not production patch"
A,doc/performance_experiments/raw/phase5br4b1/5br/v1/retry_configure_verify.json.gz,measurement_support,"Evidence/manifest/CSV, isolated driver or verification helper; not production patch"
A,doc/performance_experiments/raw/phase5br4b1/5br/v1/retry_unit_diagnostic.json.gz,measurement_support,"Evidence/manifest/CSV, isolated driver or verification helper; not production patch"
A,doc/performance_experiments/raw/phase5br4b1/5br/v1/retry_unit_reference-diagnostic.json.gz,measurement_support,"Evidence/manifest/CSV, isolated driver or verification helper; not production patch"
A,doc/performance_experiments/raw/phase5br4b1/5br/v1/retry_unit_release.json.gz,measurement_support,"Evidence/manifest/CSV, isolated driver or verification helper; not production patch"
A,doc/performance_experiments/raw/phase5br4b1/5br/v1/retry_unit_verify.json.gz,measurement_support,"Evidence/manifest/CSV, isolated driver or verification helper; not production patch"
A,doc/performance_experiments/raw/phase5br4b1/5br/v1/smoke_legacy.json.gz,measurement_support,"Evidence/manifest/CSV, isolated driver or verification helper; not production patch"
A,doc/performance_experiments/raw/phase5br4b1/5br/v1/smoke_legacy_invocation.json.gz,measurement_support,"Evidence/manifest/CSV, isolated driver or verification helper; not production patch"
A,doc/performance_experiments/raw/phase5br4b1/5br/v1/smoke_observable.json.gz,measurement_support,"Evidence/manifest/CSV, isolated driver or verification helper; not production patch"
A,doc/performance_experiments/raw/phase5br4b1/5br/v1/smoke_observable_invocation.json.gz,measurement_support,"Evidence/manifest/CSV, isolated driver or verification helper; not production patch"
A,doc/performance_experiments/raw/phase5br4b1/5br/v1/smoke_primary.json.gz,measurement_support,"Evidence/manifest/CSV, isolated driver or verification helper; not production patch"
A,doc/performance_experiments/raw/phase5br4b1/5br/v1/smoke_primary_invocation.json.gz,measurement_support,"Evidence/manifest/CSV, isolated driver or verification helper; not production patch"
A,doc/performance_experiments/raw/phase5br4b1/5br/v1/starting_worktrees.json.gz,measurement_support,"Evidence/manifest/CSV, isolated driver or verification helper; not production patch"
A,doc/performance_experiments/raw/phase5br4b1/5br/v1/validated_diagnostic_legacy.json.gz,measurement_support,"Evidence/manifest/CSV, isolated driver or verification helper; not production patch"
A,doc/performance_experiments/raw/phase5br4b1/5br/v1/validated_diagnostic_legacy_observable.json.gz,measurement_support,"Evidence/manifest/CSV, isolated driver or verification helper; not production patch"
A,doc/performance_experiments/raw/phase5br4b1/5br/v1/validated_diagnostic_observable.json.gz,measurement_support,"Evidence/manifest/CSV, isolated driver or verification helper; not production patch"
A,doc/performance_experiments/raw/phase5br4b1/5br/v1/validated_diagnostic_primary.json.gz,measurement_support,"Evidence/manifest/CSV, isolated driver or verification helper; not production patch"
A,doc/performance_experiments/raw/phase5br4b1/5br/v1/validated_diagnostic_warm.json.gz,measurement_support,"Evidence/manifest/CSV, isolated driver or verification helper; not production patch"
A,doc/performance_experiments/raw/phase5br4b1/5br/v1/validated_reference-diagnostic_legacy.json.gz,measurement_support,"Evidence/manifest/CSV, isolated driver or verification helper; not production patch"
A,doc/performance_experiments/raw/phase5br4b1/5br/v1/validated_reference-diagnostic_legacy_observable.json.gz,measurement_support,"Evidence/manifest/CSV, isolated driver or verification helper; not production patch"
A,doc/performance_experiments/raw/phase5br4b1/5br/v1/validated_reference-diagnostic_observable.json.gz,measurement_support,"Evidence/manifest/CSV, isolated driver or verification helper; not production patch"
A,doc/performance_experiments/raw/phase5br4b1/5br/v1/validated_reference-diagnostic_primary.json.gz,measurement_support,"Evidence/manifest/CSV, isolated driver or verification helper; not production patch"
A,doc/performance_experiments/raw/phase5br4b1/5br/v1/validated_reference-diagnostic_warm.json.gz,measurement_support,"Evidence/manifest/CSV, isolated driver or verification helper; not production patch"
A,doc/performance_experiments/raw/phase5br4b1/5br/v1/validated_verify_legacy.json.gz,measurement_support,"Evidence/manifest/CSV, isolated driver or verification helper; not production patch"
A,doc/performance_experiments/raw/phase5br4b1/5br/v1/validated_verify_legacy_observable.json.gz,measurement_support,"Evidence/manifest/CSV, isolated driver or verification helper; not production patch"
A,doc/performance_experiments/raw/phase5br4b1/5br/v1/validated_verify_observable.json.gz,measurement_support,"Evidence/manifest/CSV, isolated driver or verification helper; not production patch"
A,doc/performance_experiments/raw/phase5br4b1/5br/v1/validated_verify_primary.json.gz,measurement_support,"Evidence/manifest/CSV, isolated driver or verification helper; not production patch"
A,doc/performance_experiments/raw/phase5br4b1/5br/v1/validated_verify_warm.json.gz,measurement_support,"Evidence/manifest/CSV, isolated driver or verification helper; not production patch"
A,doc/performance_experiments/raw/phase5br4b1/5br/v1/verify_primary.json.gz,measurement_support,"Evidence/manifest/CSV, isolated driver or verification helper; not production patch"
A,doc/performance_experiments/raw/phase5cb/buffer/binary_identity.json.gz,measurement_support,"Evidence/manifest/CSV, isolated driver or verification helper; not production patch"
A,doc/performance_experiments/raw/phase5cb/buffer/build_buffer.json.gz,measurement_support,"Evidence/manifest/CSV, isolated driver or verification helper; not production patch"
A,doc/performance_experiments/raw/phase5cb/buffer/build_final-asan.json.gz,measurement_support,"Evidence/manifest/CSV, isolated driver or verification helper; not production patch"
A,doc/performance_experiments/raw/phase5cb/buffer/build_final-diagnostic.json.gz,measurement_support,"Evidence/manifest/CSV, isolated driver or verification helper; not production patch"
A,doc/performance_experiments/raw/phase5cb/buffer/build_python.json.gz,measurement_support,"Evidence/manifest/CSV, isolated driver or verification helper; not production patch"
A,doc/performance_experiments/raw/phase5cb/buffer/configure_buffer.json.gz,measurement_support,"Evidence/manifest/CSV, isolated driver or verification helper; not production patch"
A,doc/performance_experiments/raw/phase5cb/buffer/configure_final-asan.json.gz,measurement_support,"Evidence/manifest/CSV, isolated driver or verification helper; not production patch"
A,doc/performance_experiments/raw/phase5cb/buffer/configure_final-diagnostic.json.gz,measurement_support,"Evidence/manifest/CSV, isolated driver or verification helper; not production patch"
A,doc/performance_experiments/raw/phase5cb/buffer/configure_python.json.gz,measurement_support,"Evidence/manifest/CSV, isolated driver or verification helper; not production patch"
A,doc/performance_experiments/raw/phase5cb/buffer/final_source.json.gz,measurement_support,"Evidence/manifest/CSV, isolated driver or verification helper; not production patch"
A,doc/performance_experiments/raw/phase5cb/buffer/formal_features.json.gz,measurement_support,"Evidence/manifest/CSV, isolated driver or verification helper; not production patch"
A,doc/performance_experiments/raw/phase5cb/buffer/formal_features_invocation.json.gz,measurement_support,"Evidence/manifest/CSV, isolated driver or verification helper; not production patch"
A,doc/performance_experiments/raw/phase5cb/buffer/formal_features_matched.json.gz,measurement_support,"Evidence/manifest/CSV, isolated driver or verification helper; not production patch"
A,doc/performance_experiments/raw/phase5cb/buffer/formal_features_matched_invocation.json.gz,measurement_support,"Evidence/manifest/CSV, isolated driver or verification helper; not production patch"
A,doc/performance_experiments/raw/phase5cb/buffer/formal_pipeline.json.gz,measurement_support,"Evidence/manifest/CSV, isolated driver or verification helper; not production patch"
A,doc/performance_experiments/raw/phase5cb/buffer/formal_pipeline_invocation.json.gz,measurement_support,"Evidence/manifest/CSV, isolated driver or verification helper; not production patch"
A,doc/performance_experiments/raw/phase5cb/buffer/holdout_features.json.gz,measurement_support,"Evidence/manifest/CSV, isolated driver or verification helper; not production patch"
A,doc/performance_experiments/raw/phase5cb/buffer/holdout_features_invocation.json.gz,measurement_support,"Evidence/manifest/CSV, isolated driver or verification helper; not production patch"
A,doc/performance_experiments/raw/phase5cb/buffer/holdout_pipeline.json.gz,measurement_support,"Evidence/manifest/CSV, isolated driver or verification helper; not production patch"
A,doc/performance_experiments/raw/phase5cb/buffer/holdout_pipeline_invocation.json.gz,measurement_support,"Evidence/manifest/CSV, isolated driver or verification helper; not production patch"
A,doc/performance_experiments/raw/phase5cb/buffer/launcher_candidate.json.gz,measurement_support,"Evidence/manifest/CSV, isolated driver or verification helper; not production patch"
A,doc/performance_experiments/raw/phase5cb/buffer/launcher_matched.json.gz,measurement_support,"Evidence/manifest/CSV, isolated driver or verification helper; not production patch"
A,doc/performance_experiments/raw/phase5cb/buffer/launcher_reference.json.gz,measurement_support,"Evidence/manifest/CSV, isolated driver or verification helper; not production patch"
A,doc/performance_experiments/raw/phase5cb/buffer/native_full.json.gz,measurement_support,"Evidence/manifest/CSV, isolated driver or verification helper; not production patch"
A,doc/performance_experiments/raw/phase5cb/buffer/orchestration_compile.json.gz,measurement_support,"Evidence/manifest/CSV, isolated driver or verification helper; not production patch"
A,doc/performance_experiments/raw/phase5cb/buffer/perf_environment.json.gz,measurement_support,"Evidence/manifest/CSV, isolated driver or verification helper; not production patch"
A,doc/performance_experiments/raw/phase5cb/buffer/python_compile.json.gz,measurement_support,"Evidence/manifest/CSV, isolated driver or verification helper; not production patch"
A,doc/performance_experiments/raw/phase5cb/buffer/python_focused.json.gz,measurement_support,"Evidence/manifest/CSV, isolated driver or verification helper; not production patch"
A,doc/performance_experiments/raw/phase5cb/buffer/python_focused_fixed.json.gz,measurement_support,"Evidence/manifest/CSV, isolated driver or verification helper; not production patch"
A,doc/performance_experiments/raw/phase5cb/buffer/python_full.json.gz,measurement_support,"Evidence/manifest/CSV, isolated driver or verification helper; not production patch"
A,doc/performance_experiments/raw/phase5cb/buffer/python_performance.json.gz,measurement_support,"Evidence/manifest/CSV, isolated driver or verification helper; not production patch"
A,doc/performance_experiments/raw/phase5cb/buffer/smoke_features_invocation.json.gz,measurement_support,"Evidence/manifest/CSV, isolated driver or verification helper; not production patch"
A,doc/performance_experiments/raw/phase5cb/buffer/smoke_fixed_features.json.gz,measurement_support,"Evidence/manifest/CSV, isolated driver or verification helper; not production patch"
A,doc/performance_experiments/raw/phase5cb/buffer/smoke_fixed_features_invocation.json.gz,measurement_support,"Evidence/manifest/CSV, isolated driver or verification helper; not production patch"
A,doc/performance_experiments/raw/phase5cb/buffer/smoke_fixed_pipeline.json.gz,measurement_support,"Evidence/manifest/CSV, isolated driver or verification helper; not production patch"
A,doc/performance_experiments/raw/phase5cb/buffer/smoke_fixed_pipeline_invocation.json.gz,measurement_support,"Evidence/manifest/CSV, isolated driver or verification helper; not production patch"
A,doc/performance_experiments/raw/phase5cb/buffer/unit_buffer.json.gz,measurement_support,"Evidence/manifest/CSV, isolated driver or verification helper; not production patch"
A,doc/performance_experiments/raw/phase5cb/buffer/unit_final-asan.json.gz,measurement_support,"Evidence/manifest/CSV, isolated driver or verification helper; not production patch"
A,doc/performance_experiments/raw/phase5cb/buffer/unit_final-diagnostic.json.gz,measurement_support,"Evidence/manifest/CSV, isolated driver or verification helper; not production patch"
A,doc/performance_experiments/raw/phase5cb/table/boundary_baseline_probe.json.gz,measurement_support,"Evidence/manifest/CSV, isolated driver or verification helper; not production patch"
A,doc/performance_experiments/raw/phase5cb/table/build_table-diagnostic.json.gz,measurement_support,"Evidence/manifest/CSV, isolated driver or verification helper; not production patch"
A,doc/performance_experiments/raw/phase5cb/table/build_table-reference.json.gz,measurement_support,"Evidence/manifest/CSV, isolated driver or verification helper; not production patch"
A,doc/performance_experiments/raw/phase5cb/table/build_table.json.gz,measurement_support,"Evidence/manifest/CSV, isolated driver or verification helper; not production patch"
A,doc/performance_experiments/raw/phase5cb/table/configure_table-diagnostic.json.gz,measurement_support,"Evidence/manifest/CSV, isolated driver or verification helper; not production patch"
A,doc/performance_experiments/raw/phase5cb/table/configure_table-reference.json.gz,measurement_support,"Evidence/manifest/CSV, isolated driver or verification helper; not production patch"
A,doc/performance_experiments/raw/phase5cb/table/configure_table.json.gz,measurement_support,"Evidence/manifest/CSV, isolated driver or verification helper; not production patch"
A,doc/performance_experiments/raw/phase5cb/table/formal_features.json.gz,measurement_support,"Evidence/manifest/CSV, isolated driver or verification helper; not production patch"
A,doc/performance_experiments/raw/phase5cb/table/formal_features_invocation.json.gz,measurement_support,"Evidence/manifest/CSV, isolated driver or verification helper; not production patch"
A,doc/performance_experiments/raw/phase5cb/table/formal_primary.json.gz,measurement_support,"Evidence/manifest/CSV, isolated driver or verification helper; not production patch"
A,doc/performance_experiments/raw/phase5cb/table/formal_primary_invocation.json.gz,measurement_support,"Evidence/manifest/CSV, isolated driver or verification helper; not production patch"
A,doc/performance_experiments/raw/phase5cb/table/holdout_primary.json.gz,measurement_support,"Evidence/manifest/CSV, isolated driver or verification helper; not production patch"
A,doc/performance_experiments/raw/phase5cb/table/holdout_primary_invocation.json.gz,measurement_support,"Evidence/manifest/CSV, isolated driver or verification helper; not production patch"
A,doc/performance_experiments/raw/phase5cb/table/rejected_prototype.json.gz,measurement_support,"Evidence/manifest/CSV, isolated driver or verification helper; not production patch"
A,doc/performance_experiments/raw/phase5cb/table/smoke_features.json.gz,measurement_support,"Evidence/manifest/CSV, isolated driver or verification helper; not production patch"
A,doc/performance_experiments/raw/phase5cb/table/smoke_features_invocation.json.gz,measurement_support,"Evidence/manifest/CSV, isolated driver or verification helper; not production patch"
A,doc/performance_experiments/raw/phase5cb/table/smoke_primary.json.gz,measurement_support,"Evidence/manifest/CSV, isolated driver or verification helper; not production patch"
A,doc/performance_experiments/raw/phase5cb/table/smoke_primary_invocation.json.gz,measurement_support,"Evidence/manifest/CSV, isolated driver or verification helper; not production patch"
A,doc/performance_experiments/raw/phase5cb/table/starting_sources.json.gz,measurement_support,"Evidence/manifest/CSV, isolated driver or verification helper; not production patch"
A,doc/performance_experiments/raw/phase5cb/table/unit_table-diagnostic.json.gz,measurement_support,"Evidence/manifest/CSV, isolated driver or verification helper; not production patch"
A,doc/performance_experiments/raw/phase5cb/table/unit_table-reference.json.gz,measurement_support,"Evidence/manifest/CSV, isolated driver or verification helper; not production patch"
A,doc/performance_experiments/raw/phase5cb/table/unit_table.json.gz,measurement_support,"Evidence/manifest/CSV, isolated driver or verification helper; not production patch"
A,doc/performance_experiments/raw/phase5d/final/build_asan.json.gz,measurement_support,"Evidence/manifest/CSV, isolated driver or verification helper; not production patch"
A,doc/performance_experiments/raw/phase5d/final/build_deploy.json.gz,measurement_support,"Evidence/manifest/CSV, isolated driver or verification helper; not production patch"
A,doc/performance_experiments/raw/phase5d/final/build_diagnostic.json.gz,measurement_support,"Evidence/manifest/CSV, isolated driver or verification helper; not production patch"
A,doc/performance_experiments/raw/phase5d/final/build_release.json.gz,measurement_support,"Evidence/manifest/CSV, isolated driver or verification helper; not production patch"
A,doc/performance_experiments/raw/phase5d/final/configure_asan.json.gz,measurement_support,"Evidence/manifest/CSV, isolated driver or verification helper; not production patch"
A,doc/performance_experiments/raw/phase5d/final/configure_deploy.json.gz,measurement_support,"Evidence/manifest/CSV, isolated driver or verification helper; not production patch"
A,doc/performance_experiments/raw/phase5d/final/configure_diagnostic.json.gz,measurement_support,"Evidence/manifest/CSV, isolated driver or verification helper; not production patch"
A,doc/performance_experiments/raw/phase5d/final/configure_release.json.gz,measurement_support,"Evidence/manifest/CSV, isolated driver or verification helper; not production patch"
A,doc/performance_experiments/raw/phase5d/final/consumer_counts.json.gz,measurement_support,"Evidence/manifest/CSV, isolated driver or verification helper; not production patch"
A,doc/performance_experiments/raw/phase5d/final/deployment_binary_identity.json.gz,measurement_support,"Evidence/manifest/CSV, isolated driver or verification helper; not production patch"
A,doc/performance_experiments/raw/phase5d/final/native_full.json.gz,measurement_support,"Evidence/manifest/CSV, isolated driver or verification helper; not production patch"
A,doc/performance_experiments/raw/phase5d/final/orchestration_compile.json.gz,measurement_support,"Evidence/manifest/CSV, isolated driver or verification helper; not production patch"
A,doc/performance_experiments/raw/phase5d/final/python_compile.json.gz,measurement_support,"Evidence/manifest/CSV, isolated driver or verification helper; not production patch"
A,doc/performance_experiments/raw/phase5d/final/python_full.json.gz,measurement_support,"Evidence/manifest/CSV, isolated driver or verification helper; not production patch"
A,doc/performance_experiments/raw/phase5d/final/python_performance.json.gz,measurement_support,"Evidence/manifest/CSV, isolated driver or verification helper; not production patch"
A,doc/performance_experiments/raw/phase5d/final/reverted_binary_identity.json.gz,measurement_support,"Evidence/manifest/CSV, isolated driver or verification helper; not production patch"
A,doc/performance_experiments/raw/phase5d/final/source_snapshot.json.gz,measurement_support,"Evidence/manifest/CSV, isolated driver or verification helper; not production patch"
A,doc/performance_experiments/raw/phase5d/final/unit_asan.json.gz,measurement_support,"Evidence/manifest/CSV, isolated driver or verification helper; not production patch"
A,doc/performance_experiments/raw/phase5d/final/unit_diagnostic.json.gz,measurement_support,"Evidence/manifest/CSV, isolated driver or verification helper; not production patch"
A,doc/performance_experiments/raw/phase5d/final/unit_release.json.gz,measurement_support,"Evidence/manifest/CSV, isolated driver or verification helper; not production patch"
A,doc/performance_experiments/raw/phase5d/foundation/benchmark_tool_tests.json.gz,measurement_support,"Evidence/manifest/CSV, isolated driver or verification helper; not production patch"
A,doc/performance_experiments/raw/phase5d/foundation/build_harness.json.gz,measurement_support,"Evidence/manifest/CSV, isolated driver or verification helper; not production patch"
A,doc/performance_experiments/raw/phase5d/foundation/configure_harness.json.gz,measurement_support,"Evidence/manifest/CSV, isolated driver or verification helper; not production patch"
A,doc/performance_experiments/raw/phase5d/foundation/smoke_v3_action_mask.json.gz,measurement_support,"Evidence/manifest/CSV, isolated driver or verification helper; not production patch"
A,doc/performance_experiments/raw/phase5d/foundation/smoke_v3_payment_decode.json.gz,measurement_support,"Evidence/manifest/CSV, isolated driver or verification helper; not production patch"
A,doc/performance_experiments/raw/phase5d/foundation/smoke_v3_payment_encode.json.gz,measurement_support,"Evidence/manifest/CSV, isolated driver or verification helper; not production patch"
A,doc/performance_experiments/raw/phase5d/foundation/smoke_v3_selfplay.json.gz,measurement_support,"Evidence/manifest/CSV, isolated driver or verification helper; not production patch"
A,doc/performance_experiments/raw/phase5d/foundation/starting_sources.json.gz,measurement_support,"Evidence/manifest/CSV, isolated driver or verification helper; not production patch"
A,doc/performance_experiments/raw/phase5d/v1/build_baseline.json.gz,measurement_support,"Evidence/manifest/CSV, isolated driver or verification helper; not production patch"
A,doc/performance_experiments/raw/phase5d/v1/build_diagnostic.json.gz,measurement_support,"Evidence/manifest/CSV, isolated driver or verification helper; not production patch"
A,doc/performance_experiments/raw/phase5d/v1/build_reference.json.gz,measurement_support,"Evidence/manifest/CSV, isolated driver or verification helper; not production patch"
A,doc/performance_experiments/raw/phase5d/v1/build_release.json.gz,measurement_support,"Evidence/manifest/CSV, isolated driver or verification helper; not production patch"
A,doc/performance_experiments/raw/phase5d/v1/code_layout_symbols.json.gz,measurement_support,"Evidence/manifest/CSV, isolated driver or verification helper; not production patch"
A,doc/performance_experiments/raw/phase5d/v1/configure_baseline.json.gz,measurement_support,"Evidence/manifest/CSV, isolated driver or verification helper; not production patch"
A,doc/performance_experiments/raw/phase5d/v1/configure_diagnostic.json.gz,measurement_support,"Evidence/manifest/CSV, isolated driver or verification helper; not production patch"
A,doc/performance_experiments/raw/phase5d/v1/configure_reference.json.gz,measurement_support,"Evidence/manifest/CSV, isolated driver or verification helper; not production patch"
A,doc/performance_experiments/raw/phase5d/v1/configure_release.json.gz,measurement_support,"Evidence/manifest/CSV, isolated driver or verification helper; not production patch"
A,doc/performance_experiments/raw/phase5d/v1/formal_decode.json.gz,measurement_support,"Evidence/manifest/CSV, isolated driver or verification helper; not production patch"
A,doc/performance_experiments/raw/phase5d/v1/formal_decode_invocation.json.gz,measurement_support,"Evidence/manifest/CSV, isolated driver or verification helper; not production patch"
A,doc/performance_experiments/raw/phase5d/v1/formal_encode.json.gz,measurement_support,"Evidence/manifest/CSV, isolated driver or verification helper; not production patch"
A,doc/performance_experiments/raw/phase5d/v1/formal_encode_invocation.json.gz,measurement_support,"Evidence/manifest/CSV, isolated driver or verification helper; not production patch"
A,doc/performance_experiments/raw/phase5d/v1/formal_primary.json.gz,measurement_support,"Evidence/manifest/CSV, isolated driver or verification helper; not production patch"
A,doc/performance_experiments/raw/phase5d/v1/formal_primary_invocation.json.gz,measurement_support,"Evidence/manifest/CSV, isolated driver or verification helper; not production patch"
A,doc/performance_experiments/raw/phase5d/v1/formal_selfplay.json.gz,measurement_support,"Evidence/manifest/CSV, isolated driver or verification helper; not production patch"
A,doc/performance_experiments/raw/phase5d/v1/formal_selfplay_invocation.json.gz,measurement_support,"Evidence/manifest/CSV, isolated driver or verification helper; not production patch"
A,doc/performance_experiments/raw/phase5d/v1/holdout_primary.json.gz,measurement_support,"Evidence/manifest/CSV, isolated driver or verification helper; not production patch"
A,doc/performance_experiments/raw/phase5d/v1/holdout_primary_invocation.json.gz,measurement_support,"Evidence/manifest/CSV, isolated driver or verification helper; not production patch"
A,doc/performance_experiments/raw/phase5d/v1/holdout_selfplay.json.gz,measurement_support,"Evidence/manifest/CSV, isolated driver or verification helper; not production patch"
A,doc/performance_experiments/raw/phase5d/v1/holdout_selfplay_invocation.json.gz,measurement_support,"Evidence/manifest/CSV, isolated driver or verification helper; not production patch"
A,doc/performance_experiments/raw/phase5d/v1/profile_candidate_decode.json.gz,measurement_support,"Evidence/manifest/CSV, isolated driver or verification helper; not production patch"
A,doc/performance_experiments/raw/phase5d/v1/profile_candidate_encode.json.gz,measurement_support,"Evidence/manifest/CSV, isolated driver or verification helper; not production patch"
A,doc/performance_experiments/raw/phase5d/v1/profile_candidate_primary.json.gz,measurement_support,"Evidence/manifest/CSV, isolated driver or verification helper; not production patch"
A,doc/performance_experiments/raw/phase5d/v1/profile_candidate_selfplay.json.gz,measurement_support,"Evidence/manifest/CSV, isolated driver or verification helper; not production patch"
A,doc/performance_experiments/raw/phase5d/v1/profile_diagnostic_decode.json.gz,measurement_support,"Evidence/manifest/CSV, isolated driver or verification helper; not production patch"
A,doc/performance_experiments/raw/phase5d/v1/profile_diagnostic_encode.json.gz,measurement_support,"Evidence/manifest/CSV, isolated driver or verification helper; not production patch"
A,doc/performance_experiments/raw/phase5d/v1/profile_diagnostic_primary.json.gz,measurement_support,"Evidence/manifest/CSV, isolated driver or verification helper; not production patch"
A,doc/performance_experiments/raw/phase5d/v1/profile_diagnostic_selfplay.json.gz,measurement_support,"Evidence/manifest/CSV, isolated driver or verification helper; not production patch"
A,doc/performance_experiments/raw/phase5d/v1/profile_reference_decode.json.gz,measurement_support,"Evidence/manifest/CSV, isolated driver or verification helper; not production patch"
A,doc/performance_experiments/raw/phase5d/v1/profile_reference_encode.json.gz,measurement_support,"Evidence/manifest/CSV, isolated driver or verification helper; not production patch"
A,doc/performance_experiments/raw/phase5d/v1/profile_reference_primary.json.gz,measurement_support,"Evidence/manifest/CSV, isolated driver or verification helper; not production patch"
A,doc/performance_experiments/raw/phase5d/v1/profile_reference_selfplay.json.gz,measurement_support,"Evidence/manifest/CSV, isolated driver or verification helper; not production patch"
A,doc/performance_experiments/raw/phase5d/v1/prototype_sources.json.gz,measurement_support,"Evidence/manifest/CSV, isolated driver or verification helper; not production patch"
A,doc/performance_experiments/raw/phase5d/v1/smoke_decode.json.gz,measurement_support,"Evidence/manifest/CSV, isolated driver or verification helper; not production patch"
A,doc/performance_experiments/raw/phase5d/v1/smoke_decode_invocation.json.gz,measurement_support,"Evidence/manifest/CSV, isolated driver or verification helper; not production patch"
A,doc/performance_experiments/raw/phase5d/v1/smoke_encode.json.gz,measurement_support,"Evidence/manifest/CSV, isolated driver or verification helper; not production patch"
A,doc/performance_experiments/raw/phase5d/v1/smoke_encode_invocation.json.gz,measurement_support,"Evidence/manifest/CSV, isolated driver or verification helper; not production patch"
A,doc/performance_experiments/raw/phase5d/v1/smoke_primary.json.gz,measurement_support,"Evidence/manifest/CSV, isolated driver or verification helper; not production patch"
A,doc/performance_experiments/raw/phase5d/v1/smoke_primary_invocation.json.gz,measurement_support,"Evidence/manifest/CSV, isolated driver or verification helper; not production patch"
A,doc/performance_experiments/raw/phase5d/v1/smoke_selfplay.json.gz,measurement_support,"Evidence/manifest/CSV, isolated driver or verification helper; not production patch"
A,doc/performance_experiments/raw/phase5d/v1/smoke_selfplay_invocation.json.gz,measurement_support,"Evidence/manifest/CSV, isolated driver or verification helper; not production patch"
A,doc/performance_experiments/raw/phase5d/v1/starting_sources.json.gz,measurement_support,"Evidence/manifest/CSV, isolated driver or verification helper; not production patch"
A,doc/performance_experiments/raw/phase5d/v1/unit_diagnostic.json.gz,measurement_support,"Evidence/manifest/CSV, isolated driver or verification helper; not production patch"
A,doc/performance_experiments/raw/phase5d/v1/unit_reference.json.gz,measurement_support,"Evidence/manifest/CSV, isolated driver or verification helper; not production patch"
A,doc/performance_experiments/raw/phase5d/v1/unit_release.json.gz,measurement_support,"Evidence/manifest/CSV, isolated driver or verification helper; not production patch"
A,doc/performance_experiments/raw/phase5d/v2/build_diagnostic.json.gz,measurement_support,"Evidence/manifest/CSV, isolated driver or verification helper; not production patch"
A,doc/performance_experiments/raw/phase5d/v2/build_reference.json.gz,measurement_support,"Evidence/manifest/CSV, isolated driver or verification helper; not production patch"
A,doc/performance_experiments/raw/phase5d/v2/build_release.json.gz,measurement_support,"Evidence/manifest/CSV, isolated driver or verification helper; not production patch"
A,doc/performance_experiments/raw/phase5d/v2/code_layout_symbols.json.gz,measurement_support,"Evidence/manifest/CSV, isolated driver or verification helper; not production patch"
A,doc/performance_experiments/raw/phase5d/v2/configure_diagnostic.json.gz,measurement_support,"Evidence/manifest/CSV, isolated driver or verification helper; not production patch"
A,doc/performance_experiments/raw/phase5d/v2/configure_reference.json.gz,measurement_support,"Evidence/manifest/CSV, isolated driver or verification helper; not production patch"
A,doc/performance_experiments/raw/phase5d/v2/configure_release.json.gz,measurement_support,"Evidence/manifest/CSV, isolated driver or verification helper; not production patch"
A,doc/performance_experiments/raw/phase5d/v2/formal_primary.json.gz,measurement_support,"Evidence/manifest/CSV, isolated driver or verification helper; not production patch"
A,doc/performance_experiments/raw/phase5d/v2/formal_primary_invocation.json.gz,measurement_support,"Evidence/manifest/CSV, isolated driver or verification helper; not production patch"
A,doc/performance_experiments/raw/phase5d/v2/formal_selfplay.json.gz,measurement_support,"Evidence/manifest/CSV, isolated driver or verification helper; not production patch"
A,doc/performance_experiments/raw/phase5d/v2/formal_selfplay_invocation.json.gz,measurement_support,"Evidence/manifest/CSV, isolated driver or verification helper; not production patch"
A,doc/performance_experiments/raw/phase5d/v2/holdout_primary.json.gz,measurement_support,"Evidence/manifest/CSV, isolated driver or verification helper; not production patch"
A,doc/performance_experiments/raw/phase5d/v2/holdout_primary_invocation.json.gz,measurement_support,"Evidence/manifest/CSV, isolated driver or verification helper; not production patch"
A,doc/performance_experiments/raw/phase5d/v2/holdout_selfplay.json.gz,measurement_support,"Evidence/manifest/CSV, isolated driver or verification helper; not production patch"
A,doc/performance_experiments/raw/phase5d/v2/holdout_selfplay_invocation.json.gz,measurement_support,"Evidence/manifest/CSV, isolated driver or verification helper; not production patch"
A,doc/performance_experiments/raw/phase5d/v2/perf_environment.json.gz,measurement_support,"Evidence/manifest/CSV, isolated driver or verification helper; not production patch"
A,doc/performance_experiments/raw/phase5d/v2/prototype_sources.json.gz,measurement_support,"Evidence/manifest/CSV, isolated driver or verification helper; not production patch"
A,doc/performance_experiments/raw/phase5d/v2/smoke_decode.json.gz,measurement_support,"Evidence/manifest/CSV, isolated driver or verification helper; not production patch"
A,doc/performance_experiments/raw/phase5d/v2/smoke_decode_invocation.json.gz,measurement_support,"Evidence/manifest/CSV, isolated driver or verification helper; not production patch"
A,doc/performance_experiments/raw/phase5d/v2/smoke_encode.json.gz,measurement_support,"Evidence/manifest/CSV, isolated driver or verification helper; not production patch"
A,doc/performance_experiments/raw/phase5d/v2/smoke_encode_invocation.json.gz,measurement_support,"Evidence/manifest/CSV, isolated driver or verification helper; not production patch"
A,doc/performance_experiments/raw/phase5d/v2/smoke_primary.json.gz,measurement_support,"Evidence/manifest/CSV, isolated driver or verification helper; not production patch"
A,doc/performance_experiments/raw/phase5d/v2/smoke_primary_invocation.json.gz,measurement_support,"Evidence/manifest/CSV, isolated driver or verification helper; not production patch"
A,doc/performance_experiments/raw/phase5d/v2/smoke_selfplay.json.gz,measurement_support,"Evidence/manifest/CSV, isolated driver or verification helper; not production patch"
A,doc/performance_experiments/raw/phase5d/v2/smoke_selfplay_invocation.json.gz,measurement_support,"Evidence/manifest/CSV, isolated driver or verification helper; not production patch"
A,doc/performance_experiments/raw/phase5d/v2/unit_diagnostic.json.gz,measurement_support,"Evidence/manifest/CSV, isolated driver or verification helper; not production patch"
A,doc/performance_experiments/raw/phase5d/v2/unit_reference.json.gz,measurement_support,"Evidence/manifest/CSV, isolated driver or verification helper; not production patch"
A,doc/performance_experiments/raw/phase5d/v2/unit_release.json.gz,measurement_support,"Evidence/manifest/CSV, isolated driver or verification helper; not production patch"
A,doc/performance_experiments/raw/phase5d/v2/variant_scope.json.gz,measurement_support,"Evidence/manifest/CSV, isolated driver or verification helper; not production patch"
A,doc/performance_experiments/raw/phase6/audit_asan.json.gz,measurement_support,"Evidence/manifest/CSV, isolated driver or verification helper; not production patch"
A,doc/performance_experiments/raw/phase6/audit_diagnostic.json.gz,measurement_support,"Evidence/manifest/CSV, isolated driver or verification helper; not production patch"
A,doc/performance_experiments/raw/phase6/audit_generate.json.gz,measurement_support,"Evidence/manifest/CSV, isolated driver or verification helper; not production patch"
A,doc/performance_experiments/raw/phase6/audit_lto.json.gz,measurement_support,"Evidence/manifest/CSV, isolated driver or verification helper; not production patch"
A,doc/performance_experiments/raw/phase6/audit_native.json.gz,measurement_support,"Evidence/manifest/CSV, isolated driver or verification helper; not production patch"
A,doc/performance_experiments/raw/phase6/audit_oracle.json.gz,measurement_support,"Evidence/manifest/CSV, isolated driver or verification helper; not production patch"
A,doc/performance_experiments/raw/phase6/audit_portable.json.gz,measurement_support,"Evidence/manifest/CSV, isolated driver or verification helper; not production patch"
A,doc/performance_experiments/raw/phase6/audit_tsan.json.gz,measurement_support,"Evidence/manifest/CSV, isolated driver or verification helper; not production patch"
A,doc/performance_experiments/raw/phase6/binary_sizes.json.gz,measurement_support,"Evidence/manifest/CSV, isolated driver or verification helper; not production patch"
A,doc/performance_experiments/raw/phase6/build_asan.json.gz,measurement_support,"Evidence/manifest/CSV, isolated driver or verification helper; not production patch"
A,doc/performance_experiments/raw/phase6/build_diagnostic.json.gz,measurement_support,"Evidence/manifest/CSV, isolated driver or verification helper; not production patch"
A,doc/performance_experiments/raw/phase6/build_lto.json.gz,measurement_support,"Evidence/manifest/CSV, isolated driver or verification helper; not production patch"
A,doc/performance_experiments/raw/phase6/build_native.json.gz,measurement_support,"Evidence/manifest/CSV, isolated driver or verification helper; not production patch"
A,doc/performance_experiments/raw/phase6/build_oracle.json.gz,measurement_support,"Evidence/manifest/CSV, isolated driver or verification helper; not production patch"
A,doc/performance_experiments/raw/phase6/build_pgo_generate.json.gz,measurement_support,"Evidence/manifest/CSV, isolated driver or verification helper; not production patch"
A,doc/performance_experiments/raw/phase6/build_pgo_use.json.gz,measurement_support,"Evidence/manifest/CSV, isolated driver or verification helper; not production patch"
A,doc/performance_experiments/raw/phase6/build_portable.json.gz,measurement_support,"Evidence/manifest/CSV, isolated driver or verification helper; not production patch"
A,doc/performance_experiments/raw/phase6/build_tsan.json.gz,measurement_support,"Evidence/manifest/CSV, isolated driver or verification helper; not production patch"
A,doc/performance_experiments/raw/phase6/configure_asan.json.gz,measurement_support,"Evidence/manifest/CSV, isolated driver or verification helper; not production patch"
A,doc/performance_experiments/raw/phase6/configure_diagnostic.json.gz,measurement_support,"Evidence/manifest/CSV, isolated driver or verification helper; not production patch"
A,doc/performance_experiments/raw/phase6/configure_lto.json.gz,measurement_support,"Evidence/manifest/CSV, isolated driver or verification helper; not production patch"
A,doc/performance_experiments/raw/phase6/configure_native.json.gz,measurement_support,"Evidence/manifest/CSV, isolated driver or verification helper; not production patch"
A,doc/performance_experiments/raw/phase6/configure_oracle.json.gz,measurement_support,"Evidence/manifest/CSV, isolated driver or verification helper; not production patch"
A,doc/performance_experiments/raw/phase6/configure_pgo_generate.json.gz,measurement_support,"Evidence/manifest/CSV, isolated driver or verification helper; not production patch"
A,doc/performance_experiments/raw/phase6/configure_pgo_use.json.gz,measurement_support,"Evidence/manifest/CSV, isolated driver or verification helper; not production patch"
A,doc/performance_experiments/raw/phase6/configure_portable.json.gz,measurement_support,"Evidence/manifest/CSV, isolated driver or verification helper; not production patch"
A,doc/performance_experiments/raw/phase6/configure_tsan.json.gz,measurement_support,"Evidence/manifest/CSV, isolated driver or verification helper; not production patch"
A,doc/performance_experiments/raw/phase6/diagnostic_primary.json.gz,measurement_support,"Evidence/manifest/CSV, isolated driver or verification helper; not production patch"
A,doc/performance_experiments/raw/phase6/diagnostic_shared.json.gz,measurement_support,"Evidence/manifest/CSV, isolated driver or verification helper; not production patch"
A,doc/performance_experiments/raw/phase6/external_workspace_observed_change.json.gz,measurement_support,"Evidence/manifest/CSV, isolated driver or verification helper; not production patch"
A,doc/performance_experiments/raw/phase6/final_source.json.gz,measurement_support,"Evidence/manifest/CSV, isolated driver or verification helper; not production patch"
A,doc/performance_experiments/raw/phase6/full_build_lto.json.gz,measurement_support,"Evidence/manifest/CSV, isolated driver or verification helper; not production patch"
A,doc/performance_experiments/raw/phase6/full_build_portable.json.gz,measurement_support,"Evidence/manifest/CSV, isolated driver or verification helper; not production patch"
A,doc/performance_experiments/raw/phase6/full_native_lto.json.gz,measurement_support,"Evidence/manifest/CSV, isolated driver or verification helper; not production patch"
A,doc/performance_experiments/raw/phase6/full_native_portable.json.gz,measurement_support,"Evidence/manifest/CSV, isolated driver or verification helper; not production patch"
A,doc/performance_experiments/raw/phase6/full_python.json.gz,measurement_support,"Evidence/manifest/CSV, isolated driver or verification helper; not production patch"
A,doc/performance_experiments/raw/phase6/linux_cross_native_guard.json.gz,measurement_support,"Evidence/manifest/CSV, isolated driver or verification helper; not production patch"
A,doc/performance_experiments/raw/phase6/lto_baseline_aa_root_invocation.json.gz,measurement_support,"Evidence/manifest/CSV, isolated driver or verification helper; not production patch"
A,doc/performance_experiments/raw/phase6/lto_extended_fixed_root.json.gz,measurement_support,"Evidence/manifest/CSV, isolated driver or verification helper; not production patch"
A,doc/performance_experiments/raw/phase6/lto_extended_fixed_root_invocation.json.gz,measurement_support,"Evidence/manifest/CSV, isolated driver or verification helper; not production patch"
A,doc/performance_experiments/raw/phase6/lto_extended_legacy.json.gz,measurement_support,"Evidence/manifest/CSV, isolated driver or verification helper; not production patch"
A,doc/performance_experiments/raw/phase6/lto_extended_legacy_invocation.json.gz,measurement_support,"Evidence/manifest/CSV, isolated driver or verification helper; not production patch"
A,doc/performance_experiments/raw/phase6/lto_extended_retry_root_invocation.json.gz,measurement_support,"Evidence/manifest/CSV, isolated driver or verification helper; not production patch"
A,doc/performance_experiments/raw/phase6/lto_extended_root_invocation.json.gz,measurement_support,"Evidence/manifest/CSV, isolated driver or verification helper; not production patch"
A,doc/performance_experiments/raw/phase6/lto_extended_shared.json.gz,measurement_support,"Evidence/manifest/CSV, isolated driver or verification helper; not production patch"
A,doc/performance_experiments/raw/phase6/lto_extended_shared_invocation.json.gz,measurement_support,"Evidence/manifest/CSV, isolated driver or verification helper; not production patch"
A,doc/performance_experiments/raw/phase6/lto_extended_v3_v3.json.gz,measurement_support,"Evidence/manifest/CSV, isolated driver or verification helper; not production patch"
A,doc/performance_experiments/raw/phase6/lto_extended_v3_v3_invocation.json.gz,measurement_support,"Evidence/manifest/CSV, isolated driver or verification helper; not production patch"
A,doc/performance_experiments/raw/phase6/lto_extended_warm.json.gz,measurement_support,"Evidence/manifest/CSV, isolated driver or verification helper; not production patch"
A,doc/performance_experiments/raw/phase6/lto_extended_warm_invocation.json.gz,measurement_support,"Evidence/manifest/CSV, isolated driver or verification helper; not production patch"
A,doc/performance_experiments/raw/phase6/lto_final_mcts.json.gz,measurement_support,"Evidence/manifest/CSV, isolated driver or verification helper; not production patch"
A,doc/performance_experiments/raw/phase6/lto_final_mcts_invocation.json.gz,measurement_support,"Evidence/manifest/CSV, isolated driver or verification helper; not production patch"
A,doc/performance_experiments/raw/phase6/lto_final_primary.json.gz,measurement_support,"Evidence/manifest/CSV, isolated driver or verification helper; not production patch"
A,doc/performance_experiments/raw/phase6/lto_final_primary_invocation.json.gz,measurement_support,"Evidence/manifest/CSV, isolated driver or verification helper; not production patch"
A,doc/performance_experiments/raw/phase6/lto_final_root.json.gz,measurement_support,"Evidence/manifest/CSV, isolated driver or verification helper; not production patch"
A,doc/performance_experiments/raw/phase6/lto_final_root_invocation.json.gz,measurement_support,"Evidence/manifest/CSV, isolated driver or verification helper; not production patch"
A,doc/performance_experiments/raw/phase6/lto_final_shared.json.gz,measurement_support,"Evidence/manifest/CSV, isolated driver or verification helper; not production patch"
A,doc/performance_experiments/raw/phase6/lto_final_shared_invocation.json.gz,measurement_support,"Evidence/manifest/CSV, isolated driver or verification helper; not production patch"
A,doc/performance_experiments/raw/phase6/lto_final_visible.json.gz,measurement_support,"Evidence/manifest/CSV, isolated driver or verification helper; not production patch"
A,doc/performance_experiments/raw/phase6/lto_final_visible_invocation.json.gz,measurement_support,"Evidence/manifest/CSV, isolated driver or verification helper; not production patch"
A,doc/performance_experiments/raw/phase6/lto_formal_mcts.json.gz,measurement_support,"Evidence/manifest/CSV, isolated driver or verification helper; not production patch"
A,doc/performance_experiments/raw/phase6/lto_formal_mcts_invocation.json.gz,measurement_support,"Evidence/manifest/CSV, isolated driver or verification helper; not production patch"
A,doc/performance_experiments/raw/phase6/lto_formal_primary.json.gz,measurement_support,"Evidence/manifest/CSV, isolated driver or verification helper; not production patch"
A,doc/performance_experiments/raw/phase6/lto_formal_primary_invocation.json.gz,measurement_support,"Evidence/manifest/CSV, isolated driver or verification helper; not production patch"
A,doc/performance_experiments/raw/phase6/lto_formal_random.json.gz,measurement_support,"Evidence/manifest/CSV, isolated driver or verification helper; not production patch"
A,doc/performance_experiments/raw/phase6/lto_formal_random_invocation.json.gz,measurement_support,"Evidence/manifest/CSV, isolated driver or verification helper; not production patch"
A,doc/performance_experiments/raw/phase6/lto_formal_visible.json.gz,measurement_support,"Evidence/manifest/CSV, isolated driver or verification helper; not production patch"
A,doc/performance_experiments/raw/phase6/lto_formal_visible_invocation.json.gz,measurement_support,"Evidence/manifest/CSV, isolated driver or verification helper; not production patch"
A,doc/performance_experiments/raw/phase6/lto_guard_recheck_mcts.json.gz,measurement_support,"Evidence/manifest/CSV, isolated driver or verification helper; not production patch"
A,doc/performance_experiments/raw/phase6/lto_guard_recheck_mcts_invocation.json.gz,measurement_support,"Evidence/manifest/CSV, isolated driver or verification helper; not production patch"
A,doc/performance_experiments/raw/phase6/lto_holdout_mcts.json.gz,measurement_support,"Evidence/manifest/CSV, isolated driver or verification helper; not production patch"
A,doc/performance_experiments/raw/phase6/lto_holdout_mcts_invocation.json.gz,measurement_support,"Evidence/manifest/CSV, isolated driver or verification helper; not production patch"
A,doc/performance_experiments/raw/phase6/lto_holdout_primary.json.gz,measurement_support,"Evidence/manifest/CSV, isolated driver or verification helper; not production patch"
A,doc/performance_experiments/raw/phase6/lto_holdout_primary_invocation.json.gz,measurement_support,"Evidence/manifest/CSV, isolated driver or verification helper; not production patch"
A,doc/performance_experiments/raw/phase6/lto_holdout_random.json.gz,measurement_support,"Evidence/manifest/CSV, isolated driver or verification helper; not production patch"
A,doc/performance_experiments/raw/phase6/lto_holdout_random_invocation.json.gz,measurement_support,"Evidence/manifest/CSV, isolated driver or verification helper; not production patch"
A,doc/performance_experiments/raw/phase6/lto_holdout_visible.json.gz,measurement_support,"Evidence/manifest/CSV, isolated driver or verification helper; not production patch"
A,doc/performance_experiments/raw/phase6/lto_holdout_visible_invocation.json.gz,measurement_support,"Evidence/manifest/CSV, isolated driver or verification helper; not production patch"
A,doc/performance_experiments/raw/phase6/lto_smoke_mcts.json.gz,measurement_support,"Evidence/manifest/CSV, isolated driver or verification helper; not production patch"
A,doc/performance_experiments/raw/phase6/lto_smoke_mcts_invocation.json.gz,measurement_support,"Evidence/manifest/CSV, isolated driver or verification helper; not production patch"
A,doc/performance_experiments/raw/phase6/lto_smoke_primary.json.gz,measurement_support,"Evidence/manifest/CSV, isolated driver or verification helper; not production patch"
A,doc/performance_experiments/raw/phase6/lto_smoke_primary_invocation.json.gz,measurement_support,"Evidence/manifest/CSV, isolated driver or verification helper; not production patch"
A,doc/performance_experiments/raw/phase6/lto_smoke_random.json.gz,measurement_support,"Evidence/manifest/CSV, isolated driver or verification helper; not production patch"
A,doc/performance_experiments/raw/phase6/lto_smoke_random_invocation.json.gz,measurement_support,"Evidence/manifest/CSV, isolated driver or verification helper; not production patch"
A,doc/performance_experiments/raw/phase6/lto_smoke_visible.json.gz,measurement_support,"Evidence/manifest/CSV, isolated driver or verification helper; not production patch"
A,doc/performance_experiments/raw/phase6/lto_smoke_visible_invocation.json.gz,measurement_support,"Evidence/manifest/CSV, isolated driver or verification helper; not production patch"
A,doc/performance_experiments/raw/phase6/native_formal_mcts.json.gz,measurement_support,"Evidence/manifest/CSV, isolated driver or verification helper; not production patch"
A,doc/performance_experiments/raw/phase6/native_formal_mcts_invocation.json.gz,measurement_support,"Evidence/manifest/CSV, isolated driver or verification helper; not production patch"
A,doc/performance_experiments/raw/phase6/native_formal_primary.json.gz,measurement_support,"Evidence/manifest/CSV, isolated driver or verification helper; not production patch"
A,doc/performance_experiments/raw/phase6/native_formal_primary_invocation.json.gz,measurement_support,"Evidence/manifest/CSV, isolated driver or verification helper; not production patch"
A,doc/performance_experiments/raw/phase6/native_formal_random.json.gz,measurement_support,"Evidence/manifest/CSV, isolated driver or verification helper; not production patch"
A,doc/performance_experiments/raw/phase6/native_formal_random_invocation.json.gz,measurement_support,"Evidence/manifest/CSV, isolated driver or verification helper; not production patch"
A,doc/performance_experiments/raw/phase6/native_formal_visible.json.gz,measurement_support,"Evidence/manifest/CSV, isolated driver or verification helper; not production patch"
A,doc/performance_experiments/raw/phase6/native_formal_visible_invocation.json.gz,measurement_support,"Evidence/manifest/CSV, isolated driver or verification helper; not production patch"
A,doc/performance_experiments/raw/phase6/native_holdout_mcts.json.gz,measurement_support,"Evidence/manifest/CSV, isolated driver or verification helper; not production patch"
A,doc/performance_experiments/raw/phase6/native_holdout_mcts_invocation.json.gz,measurement_support,"Evidence/manifest/CSV, isolated driver or verification helper; not production patch"
A,doc/performance_experiments/raw/phase6/native_holdout_primary.json.gz,measurement_support,"Evidence/manifest/CSV, isolated driver or verification helper; not production patch"
A,doc/performance_experiments/raw/phase6/native_holdout_primary_invocation.json.gz,measurement_support,"Evidence/manifest/CSV, isolated driver or verification helper; not production patch"
A,doc/performance_experiments/raw/phase6/native_holdout_visible.json.gz,measurement_support,"Evidence/manifest/CSV, isolated driver or verification helper; not production patch"
A,doc/performance_experiments/raw/phase6/native_holdout_visible_invocation.json.gz,measurement_support,"Evidence/manifest/CSV, isolated driver or verification helper; not production patch"
A,doc/performance_experiments/raw/phase6/native_smoke_mcts.json.gz,measurement_support,"Evidence/manifest/CSV, isolated driver or verification helper; not production patch"
A,doc/performance_experiments/raw/phase6/native_smoke_mcts_invocation.json.gz,measurement_support,"Evidence/manifest/CSV, isolated driver or verification helper; not production patch"
A,doc/performance_experiments/raw/phase6/native_smoke_primary.json.gz,measurement_support,"Evidence/manifest/CSV, isolated driver or verification helper; not production patch"
A,doc/performance_experiments/raw/phase6/native_smoke_primary_invocation.json.gz,measurement_support,"Evidence/manifest/CSV, isolated driver or verification helper; not production patch"
A,doc/performance_experiments/raw/phase6/native_smoke_random.json.gz,measurement_support,"Evidence/manifest/CSV, isolated driver or verification helper; not production patch"
A,doc/performance_experiments/raw/phase6/native_smoke_random_invocation.json.gz,measurement_support,"Evidence/manifest/CSV, isolated driver or verification helper; not production patch"
A,doc/performance_experiments/raw/phase6/native_smoke_visible.json.gz,measurement_support,"Evidence/manifest/CSV, isolated driver or verification helper; not production patch"
A,doc/performance_experiments/raw/phase6/native_smoke_visible_invocation.json.gz,measurement_support,"Evidence/manifest/CSV, isolated driver or verification helper; not production patch"
A,doc/performance_experiments/raw/phase6/native_wheel_guard.json.gz,measurement_support,"Evidence/manifest/CSV, isolated driver or verification helper; not production patch"
A,doc/performance_experiments/raw/phase6/perf_environment.json.gz,measurement_support,"Evidence/manifest/CSV, isolated driver or verification helper; not production patch"
A,doc/performance_experiments/raw/phase6/pgo_actual_training_binaries.json.gz,measurement_support,"Evidence/manifest/CSV, isolated driver or verification helper; not production patch"
A,doc/performance_experiments/raw/phase6/pgo_contract.json.gz,measurement_support,"Evidence/manifest/CSV, isolated driver or verification helper; not production patch"
A,doc/performance_experiments/raw/phase6/pgo_existing_profile_guard.json.gz,measurement_support,"Evidence/manifest/CSV, isolated driver or verification helper; not production patch"
A,doc/performance_experiments/raw/phase6/pgo_stale_guard.json.gz,measurement_support,"Evidence/manifest/CSV, isolated driver or verification helper; not production patch"
A,doc/performance_experiments/raw/phase6/pgo_train_0.json.gz,measurement_support,"Evidence/manifest/CSV, isolated driver or verification helper; not production patch"
A,doc/performance_experiments/raw/phase6/pgo_train_1.json.gz,measurement_support,"Evidence/manifest/CSV, isolated driver or verification helper; not production patch"
A,doc/performance_experiments/raw/phase6/pgo_train_2.json.gz,measurement_support,"Evidence/manifest/CSV, isolated driver or verification helper; not production patch"
A,doc/performance_experiments/raw/phase6/pgo_train_3.json.gz,measurement_support,"Evidence/manifest/CSV, isolated driver or verification helper; not production patch"
A,doc/performance_experiments/raw/phase6/pgo_train_4.json.gz,measurement_support,"Evidence/manifest/CSV, isolated driver or verification helper; not production patch"
A,doc/performance_experiments/raw/phase6/pgo_train_5.json.gz,measurement_support,"Evidence/manifest/CSV, isolated driver or verification helper; not production patch"
A,doc/performance_experiments/raw/phase6/pgo_train_6.json.gz,measurement_support,"Evidence/manifest/CSV, isolated driver or verification helper; not production patch"
A,doc/performance_experiments/raw/phase6/pgo_train_python.json.gz,measurement_support,"Evidence/manifest/CSV, isolated driver or verification helper; not production patch"
A,doc/performance_experiments/raw/phase6/portable_wheel.json.gz,measurement_support,"Evidence/manifest/CSV, isolated driver or verification helper; not production patch"
A,doc/performance_experiments/raw/phase6/prior_artifact_audit.json.gz,measurement_support,"Evidence/manifest/CSV, isolated driver or verification helper; not production patch"
A,doc/performance_experiments/raw/phase6/profile_tests.json.gz,measurement_support,"Evidence/manifest/CSV, isolated driver or verification helper; not production patch"
A,doc/performance_experiments/raw/phase6/profile_tests_fixed.json.gz,measurement_support,"Evidence/manifest/CSV, isolated driver or verification helper; not production patch"
A,doc/performance_experiments/raw/phase6/python_build.json.gz,measurement_support,"Evidence/manifest/CSV, isolated driver or verification helper; not production patch"
A,doc/performance_experiments/raw/phase6/python_command_audit.json.gz,measurement_support,"Evidence/manifest/CSV, isolated driver or verification helper; not production patch"
A,doc/performance_experiments/raw/phase6/python_compile.json.gz,measurement_support,"Evidence/manifest/CSV, isolated driver or verification helper; not production patch"
A,doc/performance_experiments/raw/phase6/python_compile_flags.json.gz,measurement_support,"Evidence/manifest/CSV, isolated driver or verification helper; not production patch"
A,doc/performance_experiments/raw/phase6/python_flags.json.gz,measurement_support,"Evidence/manifest/CSV, isolated driver or verification helper; not production patch"
A,doc/performance_experiments/raw/phase6/python_performance.json.gz,measurement_support,"Evidence/manifest/CSV, isolated driver or verification helper; not production patch"
A,doc/performance_experiments/raw/phase6/rejected_build_profiles.json.gz,measurement_support,"Evidence/manifest/CSV, isolated driver or verification helper; not production patch"
A,doc/performance_experiments/raw/phase6/skip_build_wheel_guard.json.gz,measurement_support,"Evidence/manifest/CSV, isolated driver or verification helper; not production patch"
A,doc/performance_experiments/raw/phase6/slot_retry_tests.json.gz,measurement_support,"Evidence/manifest/CSV, isolated driver or verification helper; not production patch"
A,doc/performance_experiments/raw/phase6/starting_sources.json.gz,measurement_support,"Evidence/manifest/CSV, isolated driver or verification helper; not production patch"
A,doc/performance_experiments/raw/phase6/toolchain.json.gz,measurement_support,"Evidence/manifest/CSV, isolated driver or verification helper; not production patch"
A,doc/performance_experiments/raw/phase6/unit_asan.json.gz,measurement_support,"Evidence/manifest/CSV, isolated driver or verification helper; not production patch"
A,doc/performance_experiments/raw/phase6/unit_diagnostic.json.gz,measurement_support,"Evidence/manifest/CSV, isolated driver or verification helper; not production patch"
A,doc/performance_experiments/raw/phase6/unit_lto.json.gz,measurement_support,"Evidence/manifest/CSV, isolated driver or verification helper; not production patch"
A,doc/performance_experiments/raw/phase6/unit_native.json.gz,measurement_support,"Evidence/manifest/CSV, isolated driver or verification helper; not production patch"
A,doc/performance_experiments/raw/phase6/unit_oracle.json.gz,measurement_support,"Evidence/manifest/CSV, isolated driver or verification helper; not production patch"
A,doc/performance_experiments/raw/phase6/unit_portable.json.gz,measurement_support,"Evidence/manifest/CSV, isolated driver or verification helper; not production patch"
A,doc/performance_experiments/raw/phase6/unit_tsan.json.gz,measurement_support,"Evidence/manifest/CSV, isolated driver or verification helper; not production patch"
A,doc/performance_experiments/raw/phase6/use_formal_mcts.json.gz,measurement_support,"Evidence/manifest/CSV, isolated driver or verification helper; not production patch"
A,doc/performance_experiments/raw/phase6/use_formal_mcts_invocation.json.gz,measurement_support,"Evidence/manifest/CSV, isolated driver or verification helper; not production patch"
A,doc/performance_experiments/raw/phase6/use_formal_primary.json.gz,measurement_support,"Evidence/manifest/CSV, isolated driver or verification helper; not production patch"
A,doc/performance_experiments/raw/phase6/use_formal_primary_invocation.json.gz,measurement_support,"Evidence/manifest/CSV, isolated driver or verification helper; not production patch"
A,doc/performance_experiments/raw/phase6/use_formal_random.json.gz,measurement_support,"Evidence/manifest/CSV, isolated driver or verification helper; not production patch"
A,doc/performance_experiments/raw/phase6/use_formal_random_invocation.json.gz,measurement_support,"Evidence/manifest/CSV, isolated driver or verification helper; not production patch"
A,doc/performance_experiments/raw/phase6/use_formal_visible.json.gz,measurement_support,"Evidence/manifest/CSV, isolated driver or verification helper; not production patch"
A,doc/performance_experiments/raw/phase6/use_formal_visible_invocation.json.gz,measurement_support,"Evidence/manifest/CSV, isolated driver or verification helper; not production patch"
A,doc/performance_experiments/raw/phase6/use_holdout_mcts.json.gz,measurement_support,"Evidence/manifest/CSV, isolated driver or verification helper; not production patch"
A,doc/performance_experiments/raw/phase6/use_holdout_mcts_invocation.json.gz,measurement_support,"Evidence/manifest/CSV, isolated driver or verification helper; not production patch"
A,doc/performance_experiments/raw/phase6/use_holdout_primary.json.gz,measurement_support,"Evidence/manifest/CSV, isolated driver or verification helper; not production patch"
A,doc/performance_experiments/raw/phase6/use_holdout_primary_invocation.json.gz,measurement_support,"Evidence/manifest/CSV, isolated driver or verification helper; not production patch"
A,doc/performance_experiments/raw/phase6/use_holdout_random.json.gz,measurement_support,"Evidence/manifest/CSV, isolated driver or verification helper; not production patch"
A,doc/performance_experiments/raw/phase6/use_holdout_random_invocation.json.gz,measurement_support,"Evidence/manifest/CSV, isolated driver or verification helper; not production patch"
A,doc/performance_experiments/raw/phase6/use_holdout_visible.json.gz,measurement_support,"Evidence/manifest/CSV, isolated driver or verification helper; not production patch"
A,doc/performance_experiments/raw/phase6/use_holdout_visible_invocation.json.gz,measurement_support,"Evidence/manifest/CSV, isolated driver or verification helper; not production patch"
A,doc/performance_experiments/raw/phase6/use_smoke_mcts.json.gz,measurement_support,"Evidence/manifest/CSV, isolated driver or verification helper; not production patch"
A,doc/performance_experiments/raw/phase6/use_smoke_mcts_invocation.json.gz,measurement_support,"Evidence/manifest/CSV, isolated driver or verification helper; not production patch"
A,doc/performance_experiments/raw/phase6/use_smoke_primary.json.gz,measurement_support,"Evidence/manifest/CSV, isolated driver or verification helper; not production patch"
A,doc/performance_experiments/raw/phase6/use_smoke_primary_invocation.json.gz,measurement_support,"Evidence/manifest/CSV, isolated driver or verification helper; not production patch"
A,doc/performance_experiments/raw/phase6/use_smoke_random.json.gz,measurement_support,"Evidence/manifest/CSV, isolated driver or verification helper; not production patch"
A,doc/performance_experiments/raw/phase6/use_smoke_random_invocation.json.gz,measurement_support,"Evidence/manifest/CSV, isolated driver or verification helper; not production patch"
A,doc/performance_experiments/raw/phase6/use_smoke_visible.json.gz,measurement_support,"Evidence/manifest/CSV, isolated driver or verification helper; not production patch"
A,doc/performance_experiments/raw/phase6/use_smoke_visible_invocation.json.gz,measurement_support,"Evidence/manifest/CSV, isolated driver or verification helper; not production patch"
A,doc/performance_experiments/raw/phase6/v2/audit_generate.json.gz,measurement_support,"Evidence/manifest/CSV, isolated driver or verification helper; not production patch"
A,doc/performance_experiments/raw/phase6/v2/audit_use.json.gz,measurement_support,"Evidence/manifest/CSV, isolated driver or verification helper; not production patch"
A,doc/performance_experiments/raw/phase6/v2/build_pgo_generate.json.gz,measurement_support,"Evidence/manifest/CSV, isolated driver or verification helper; not production patch"
A,doc/performance_experiments/raw/phase6/v2/build_pgo_use.json.gz,measurement_support,"Evidence/manifest/CSV, isolated driver or verification helper; not production patch"
A,doc/performance_experiments/raw/phase6/v2/configure_pgo_generate.json.gz,measurement_support,"Evidence/manifest/CSV, isolated driver or verification helper; not production patch"
A,doc/performance_experiments/raw/phase6/v2/configure_pgo_use.json.gz,measurement_support,"Evidence/manifest/CSV, isolated driver or verification helper; not production patch"
A,doc/performance_experiments/raw/phase6/v2/pgo_contract.json.gz,measurement_support,"Evidence/manifest/CSV, isolated driver or verification helper; not production patch"
A,doc/performance_experiments/raw/phase6/v2/pgo_train_0.json.gz,measurement_support,"Evidence/manifest/CSV, isolated driver or verification helper; not production patch"
A,doc/performance_experiments/raw/phase6/v2/pgo_train_1.json.gz,measurement_support,"Evidence/manifest/CSV, isolated driver or verification helper; not production patch"
A,doc/performance_experiments/raw/phase6/v2/pgo_train_2.json.gz,measurement_support,"Evidence/manifest/CSV, isolated driver or verification helper; not production patch"
A,doc/performance_experiments/raw/phase6/v2/pgo_train_3.json.gz,measurement_support,"Evidence/manifest/CSV, isolated driver or verification helper; not production patch"
A,doc/performance_experiments/raw/phase6/v2/pgo_train_4.json.gz,measurement_support,"Evidence/manifest/CSV, isolated driver or verification helper; not production patch"
A,doc/performance_experiments/raw/phase6/v2/pgo_train_5.json.gz,measurement_support,"Evidence/manifest/CSV, isolated driver or verification helper; not production patch"
A,doc/performance_experiments/raw/phase6/v2/pgo_train_6.json.gz,measurement_support,"Evidence/manifest/CSV, isolated driver or verification helper; not production patch"
A,doc/performance_experiments/raw/phase6/v2/pgo_train_python.json.gz,measurement_support,"Evidence/manifest/CSV, isolated driver or verification helper; not production patch"
A,doc/performance_experiments/raw/phase6/v2/pgo_training_whole_archive.json.gz,measurement_support,"Evidence/manifest/CSV, isolated driver or verification helper; not production patch"
A,doc/performance_experiments/raw/phase6/wheel_identity.json.gz,measurement_support,"Evidence/manifest/CSV, isolated driver or verification helper; not production patch"
A,doc/performance_experiments/raw/phase6/wheel_import.json.gz,measurement_support,"Evidence/manifest/CSV, isolated driver or verification helper; not production patch"
A,doc/performance_experiments/raw/phase6/wheel_unpack.json.gz,measurement_support,"Evidence/manifest/CSV, isolated driver or verification helper; not production patch"
M,doc/refactoring_contracts.json,tests,Retained independent oracle/regression or test contract
A,scripts/benchmark_engine_hotpaths.cpp,measurement_support,"Paired, baseline, differential or benchmark tooling"
A,scripts/benchmark_manifest.py,measurement_support,"Paired, baseline, differential or benchmark tooling"
M,scripts/benchmark_mcts_parallel.cpp,measurement_support,"Paired, baseline, differential or benchmark tooling"
A,scripts/compact_phase0_evidence.py,measurement_support,"Paired, baseline, differential or benchmark tooling"
A,scripts/run_paired_benchmarks.py,measurement_support,"Paired, baseline, differential or benchmark tooling"
A,scripts/run_phase0_baseline.py,measurement_support,"Paired, baseline, differential or benchmark tooling"
A,scripts/validate_engine_differential.py,measurement_support,"Paired, baseline, differential or benchmark tooling"
M,src/action.h,adopted_code,Retained adoption and reference/fallback paths; F1 source/binary evidence reused
M,src/bindings_encoding.cpp,adopted_code,Retained adoption and reference/fallback paths; F1 source/binary evidence reused
M,src/board.h,adopted_code,Retained adoption and reference/fallback paths; F1 source/binary evidence reused
M,src/game.h,adopted_code,Retained adoption and reference/fallback paths; F1 source/binary evidence reused
M,src/mcts_bounded_queue.h,measurement_support,PERF-only counters/queue-lock-ledger diagnostics; not adoption of rejected 4C prototypes
M,src/mcts_concurrent_tree.h,measurement_support,PERF-only counters/queue-lock-ledger diagnostics; not adoption of rejected 4C prototypes
M,src/mcts_parallel_searcher.h,measurement_support,PERF-only counters/queue-lock-ledger diagnostics; not adoption of rejected 4C prototypes
M,src/mcts_tree.h,adopted_code,Retained adoption and reference/fallback paths; F1 source/binary evidence reused
M,src/move_generator.h,adopted_code,Retained adoption and reference/fallback paths; F1 source/binary evidence reused
M,src/noble_data.h,adopted_code,Retained adoption and reference/fallback paths; F1 source/binary evidence reused
A,src/perf_counters.cpp,measurement_support,PERF-only counters/queue-lock-ledger diagnostics; not adoption of rejected 4C prototypes
A,src/perf_counters.h,measurement_support,PERF-only counters/queue-lock-ledger diagnostics; not adoption of rejected 4C prototypes
M,src/player.h,adopted_code,Retained adoption and reference/fallback paths; F1 source/binary evidence reused
M,src/reveal_solver_components.cpp,adopted_code,Retained adoption and reference/fallback paths; F1 source/binary evidence reused
M,src/reveal_solver_components.h,adopted_code,Retained adoption and reference/fallback paths; F1 source/binary evidence reused
M,src/reveal_verified_solver.cpp,adopted_code,Retained adoption and reference/fallback paths; F1 source/binary evidence reused
M,src/rule_transition.h,adopted_code,Retained adoption and reference/fallback paths; F1 source/binary evidence reused
A,src/solver_action_filter.h,adopted_code,Retained adoption and reference/fallback paths; F1 source/binary evidence reused
A,src/solver_card_equivalence.h,adopted_code,Retained adoption and reference/fallback paths; F1 source/binary evidence reused
A,src/solver_normal_rollback.h,adopted_code,Retained adoption and reference/fallback paths; F1 source/binary evidence reused
A,src/solver_path.h,adopted_code,Retained adoption and reference/fallback paths; F1 source/binary evidence reused
A,src/solver_reveal_order.h,adopted_code,Retained adoption and reference/fallback paths; F1 source/binary evidence reused
A,src/solver_rollback_faults.h,adopted_code,Retained adoption and reference/fallback paths; F1 source/binary evidence reused
A,src/solver_search_scratch.h,adopted_code,Retained adoption and reference/fallback paths; F1 source/binary evidence reused
A,src/solver_take_groups.h,adopted_code,Retained adoption and reference/fallback paths; F1 source/binary evidence reused
A,src/solver_tt_types.h,adopted_code,Retained adoption and reference/fallback paths; F1 source/binary evidence reused
M,src/undo_record.h,adopted_code,Retained adoption and reference/fallback paths; F1 source/binary evidence reused
M,src/visible_only_solver.cpp,adopted_code,Retained adoption and reference/fallback paths; F1 source/binary evidence reused
M,tests/CMakeLists.txt,tests,Retained independent oracle/regression or test contract
A,tests/action_selection_unit.cpp,tests,Retained independent oracle/regression or test contract
A,tests/incremental_hash_unit.cpp,tests,Retained independent oracle/regression or test contract
A,tests/mcts_legacy_records_unit.cpp,tests,Retained independent oracle/regression or test contract
A,tests/perf_counters_unit.cpp,tests,Retained independent oracle/regression or test contract
M,tests/rule_query_unit.cpp,tests,Retained independent oracle/regression or test contract
M,tests/solver_components_unit.cpp,tests,Retained independent oracle/regression or test contract
A,tests/solver_normal_rollback_unit.cpp,tests,Retained independent oracle/regression or test contract
A,tests/state_encoder_reference_5cb.h,tests,Retained independent oracle/regression or test contract
A,tests/state_feature_table_unit.cpp,tests,Retained independent oracle/regression or test contract
M,tests/state_invariants_unit.cpp,tests,Retained independent oracle/regression or test contract
A,tests/test_build_profiles.py,tests,Retained independent oracle/regression or test contract
A,tests/test_compact_phase0_evidence.py,tests,Retained independent oracle/regression or test contract
A,tests/test_engine_baseline_driver.py,tests,Retained independent oracle/regression or test contract
A,tests/test_engine_benchmark_tools.py,tests,Retained independent oracle/regression or test contract
A,tests/test_engine_differential_tool.py,tests,Retained independent oracle/regression or test contract
A,tests/test_return_rank_selection.py,tests,Retained independent oracle/regression or test contract
A,tests/test_state_feature_numpy.py,tests,Retained independent oracle/regression or test contract
A,tests/test_v3_payment_codec.py,tests,Retained independent oracle/regression or test contract
A,tests/v3_payment_codec_unit.cpp,tests,Retained independent oracle/regression or test contract
